n_rec,n_active,frac_active,rate_med,rate_mean,cv_isi,corr100,fano100,sync50_p99,sync50_max,nb_per_min,frac_units_active,mu,sigma,mu_sd,J_ee,J_ie,J_ei,U,b_a,J_ii,loss,round
81,81,1.0,0.325,0.5898148148148148,0.9407491927818649,0.0001369390686465459,0.9373090005232864,0.08641975308641975,0.1111111111111111,0.0,0.735,0.2,0.25548823469866055,0.13882101708880057,0.006574080937351282,0.07879081845062917,0.06545763989547389,0.0894467783734565,0.0,0.06545763989547389,0.5228890265474446,2
46,46,1.0,0.2875,0.48768115942028983,0.9250970986209825,2.519866526775401e-05,0.947602773650322,0.08695652173913043,0.13043478260869565,0.0,0.23,0.20130056961582968,0.2066689360479232,0.1382013905800867,0.03794749541856827,0.012497656762098198,0.25256710287847306,0.1643801241768429,0.0,0.25256710287847306,0.593398477601888,2
67,67,1.0,0.2833333333333333,0.4978855721393035,0.9378922886444353,0.0005435528771620372,0.9801796569239736,0.07462686567164178,0.13432835820895522,0.0,0.335,0.20808087188145052,0.21718736749432982,0.13031766592499974,0.0056375021299144845,0.061831359264426046,0.062433366405412145,0.09397143624187007,0.0,0.062433366405412145,0.5987100762568084,2
81,81,1.0,0.3333333333333333,0.6288065843621399,0.9396230242081325,0.00024044986952656794,0.9298996509598605,0.08641975308641975,0.1111111111111111,0.0,0.6,0.2,0.24196487747422307,0.14738665576690307,0.009101710188611027,0.07036317745306005,0.0811591179723671,0.05,0.0006738197540726361,0.0811591179723671,0.6528143481266602,2
81,81,1.0,0.36666666666666664,0.6204732510288066,0.9434882102158776,0.0005407907835145358,0.9345380810258112,0.08641975308641975,0.12345679012345678,0.0,0.75,0.30955876591164827,0.22907107170141539,0.10465466362495135,0.11835922711671254,0.007437914420301637,0.6128841972698592,0.13620497730137388,0.0,0.6128841972698592,0.6757820135636121,2
66,66,1.0,0.3333333333333333,0.5646464646464645,0.9313307223962006,0.000687431959531672,0.8954263565891473,0.07575757575757576,0.12121212121212122,0.0,0.33,0.2,0.21233121534025762,0.14682660608302386,0.00737092455576631,0.05470783657518115,0.06821261013526685,0.06442802397986727,0.0,0.06821261013526685,0.7686058540897004,2
66,66,1.0,0.325,0.5741161616161617,0.9209512061478866,5.8245733625657994e-05,0.8967801114287808,0.09090909090909091,0.12121212121212122,0.0,0.33,0.37708790454332125,0.17385286896435487,0.117692530254423,0.15281282781142197,0.00560762577531546,0.4705580469450281,0.13354031962551516,0.004836341224563872,0.4705580469450281,0.7736495853009125,2
68,68,1.0,0.32916666666666666,0.6284313725490196,0.9262181609023104,-0.0002150294811195384,0.9064638585543421,0.08823529411764706,0.11764705882352941,0.0,0.34,0.3925651994926058,0.1659528619996732,0.10872339478697945,0.0055709980816804295,0.21539480843556177,0.06985328987361637,0.22352652561982916,0.0,0.06985328987361637,0.7985828059322537,2
81,81,1.0,0.275,0.49043209876543203,0.9271819692074922,0.00010828244610562296,0.9272272917977765,0.07407407407407407,0.13580246913580246,0.0,0.495,0.4628800479025335,0.15832788260263492,0.08764224661021099,0.005,0.21351122353909419,0.08424137763328604,0.34446394582872014,0.004210559316374147,0.08424137763328604,0.8453040156234694,2
81,81,1.0,0.35,0.5564814814814815,0.9565697771655163,-0.0005500323937451623,0.8885066555740432,0.07407407407407407,0.1111111111111111,0.0,0.77,0.4478337855970632,0.18135569934106915,0.07685105795927068,0.005901091203021964,0.2066746230045123,0.08305888326860625,0.26696468744293267,0.0,0.08305888326860625,0.8454926121324704,2
81,81,1.0,0.35,0.5387860082304526,0.9350768851875693,0.0005294488112067034,0.9845062376678758,0.07407407407407407,0.1111111111111111,0.0,0.685,0.27474761716391227,0.2352017458025687,0.13763119500223098,0.03725957380375662,0.013695183569203295,0.25961691664088365,0.11285325848574254,0.0023956453654718924,0.25961691664088365,0.8708388953650266,2
81,81,1.0,0.30833333333333335,0.5139917695473251,0.9331477017368304,-1.4312992432920343e-05,0.9087243127835604,0.07407407407407407,0.1111111111111111,0.0,0.525,0.26938493964554144,0.2116916025987215,0.12230208065845222,0.00516189843802221,0.14545559336986366,0.02918056720047133,0.30068082176975575,0.0,0.02918056720047133,0.8714066835337366,2
81,81,1.0,0.35,0.5814814814814815,0.9369726529760842,0.0005082561909353753,0.9276503892427458,0.07407407407407407,0.1111111111111111,0.0,0.78,0.38776868525682945,0.19646645465753987,0.0907950374275327,0.005,0.14957474849326854,0.06507356370555555,0.2917805067358189,0.0,0.06507356370555555,0.9174716535368828,2
51,51,1.0,0.31666666666666665,0.4250000000000001,0.9284228287116376,0.00016929660797252526,0.9293858131487887,0.0784313725490196,0.11764705882352941,0.0,0.255,0.35084956005637025,0.1766886182794526,0.09271710310806351,0.005964433454061898,0.2008967845036005,0.06470566311674708,0.24749508272589582,0.0,0.06470566311674708,0.9675179977828472,2
81,81,1.0,0.36666666666666664,0.6302469135802469,0.9155327138757595,0.0006350966985743871,0.9599689846555665,0.08641975308641975,0.13580246913580246,0.0,0.79,0.4534537272499152,0.17942013999807377,0.07651763279492672,0.0052928418860376655,0.214276944897159,0.06519104057115789,0.29454123603866644,0.001189274520795801,0.06519104057115789,0.9686773849374237,2
81,81,1.0,0.325,0.4565843621399177,0.9294238219221623,0.00040418604674402847,0.9956729758149319,0.07407407407407407,0.1111111111111111,0.0,0.75,0.42412444654903,0.18774959919311007,0.07831271864536975,0.04080149961893323,0.05825203592418065,0.3245731809615849,0.1415757665773551,0.0,0.3245731809615849,0.9944338861067801,2
81,81,1.0,0.31666666666666665,0.501440329218107,0.9268023084449148,-0.0008120019159931336,0.9321782245930789,0.07407407407407407,0.1111111111111111,0.0,0.8,0.5065279736169482,0.16503241858141388,0.07301397468113639,0.022523535761371373,0.005,0.5542617021628086,0.21736109244481738,0.0069968450775891285,0.5542617021628086,0.9949179687896903,2
60,60,1.0,0.22083333333333333,0.47125,0.944374577877257,0.0009054026697815485,0.9635403772472738,0.08333333333333333,0.1,0.0,0.3,0.2403449547083867,0.19830885667356224,0.1321176066235009,0.03356267565331268,0.01634437310242987,0.23294107200626912,0.133263833142934,0.00024964977780962894,0.23294107200626912,1.0035884399978299,2
81,81,1.0,0.26666666666666666,0.51059670781893,0.932162713278666,-0.0007337907986503708,0.883106823829673,0.07407407407407407,0.1111111111111111,0.0,0.54,0.3989201470013056,0.17750400081511575,0.08634721500182241,0.10764706325026607,0.01150491568951865,0.3086533116430456,0.17872972393715064,0.0,0.3086533116430456,1.0252883657914857,2
81,81,1.0,0.375,0.6245884773662551,0.9278882377773687,0.0003886734939157681,0.9017952835886455,0.08641975308641975,0.1111111111111111,0.0,0.48,0.2,0.2305985271546948,0.14481924691690592,0.005753295213424646,0.07337451232806717,0.0896699389145722,0.05088966117972185,0.0,0.0896699389145722,1.0602389145219693,2
81,81,1.0,0.3333333333333333,0.48652263374485594,0.9187972152696431,-0.0008179661724931447,0.9077604497074787,0.07407407407407407,0.13580246913580246,0.0,0.815,0.2369599774798704,0.247250666095215,0.08301608801617577,0.005,0.15591655615813887,0.0352744042596527,0.2561750137566335,0.0,0.0352744042596527,1.0617421445530846,2
81,81,1.0,0.3,0.4651234567901234,0.9323743662918819,-8.072791473121044e-05,0.9529158372041584,0.07407407407407407,0.09876543209876543,0.0,0.825,0.3599684490740969,0.21349527924313128,0.08531901420257132,0.10350950952557036,0.010069592063336031,0.2461071043830962,0.2741000853826904,0.0055062676225651605,0.2461071043830962,1.0713531107125707,2
81,81,1.0,0.35,0.6098765432098765,0.9114437464331334,0.0010507259856328745,0.9031174089068825,0.08641975308641975,0.1111111111111111,0.0,0.5,0.2,0.23350489600484542,0.12244474480420266,0.005356859018851478,0.0991437208150965,0.0733008340036304,0.07882382595318735,0.0007340787310024102,0.0733008340036304,1.0794405957217,2
72,72,1.0,0.275,0.5721064814814815,0.9109598877810257,-0.0006093489076328235,0.8448228134061634,0.08333333333333333,0.1111111111111111,0.0,0.36,0.29747265673880496,0.19277632241565607,0.12711423518259718,0.10360012726046897,0.018315874477932825,0.6436092256431268,0.09827500477826044,0.0,0.6436092256431268,1.0889728284707418,2
81,81,1.0,0.3,0.5685185185185185,0.9198666101020376,0.0005668971710736902,0.9266684762938834,0.07407407407407407,0.09876543209876543,0.0,0.42,0.4167245736105286,0.16351263438177588,0.11010111070258181,0.03788677768956573,0.07402479890810314,0.34330230483435836,0.12429546436719914,0.0,0.34330230483435836,1.1125515202306286,2
81,81,1.0,0.3416666666666667,0.4689300411522633,0.9420656219259925,-0.00042540434873451674,0.9050453415240602,0.07407407407407407,0.09876543209876543,0.0,0.585,0.39021404105359503,0.18970894449251846,0.08913234695288927,0.0315119001785238,0.05032119770512017,0.32663935130818944,0.15622366851668212,0.0,0.32663935130818944,1.120215624587526,2
68,68,1.0,0.325,0.5204656862745098,0.9155143464909676,-8.750645572352184e-05,0.9070306490856292,0.07352941176470588,0.11764705882352941,0.0,0.34,0.2,0.21542490119009444,0.15156535449685832,0.02542899754919454,0.01404420661440688,0.30251958188301736,0.13052460851063244,0.0026353003908924037,0.30251958188301736,1.122692193271199,2
79,79,1.0,0.31666666666666665,0.5441983122362869,0.9147946541744606,-0.00030903081676005067,0.9101762292433935,0.0759493670886076,0.10126582278481013,0.0,0.395,0.41454876857125217,0.16633059260005456,0.11972408731923827,0.07903260716902108,0.005485844743483702,0.5346150600045416,0.1488818136636207,0.0,0.5346150600045416,1.1493674031104022,2
81,81,1.0,0.375,0.6309670781893004,0.9246034949616759,-0.000852191171381492,0.8541104136094353,0.08641975308641975,0.12345679012345678,0.0,0.695,0.2261833429468735,0.24830503127755615,0.13522958392299292,0.005,0.04681933691815486,0.076635606444387,0.06402875451444642,0.0,0.076635606444387,1.1548136561742721,2
44,44,1.0,0.3375,0.6621212121212121,0.9126923178158519,-0.00032634077666112327,0.8629824561403507,0.09090909090909091,0.13636363636363635,0.0,0.22,0.2,0.19850937256878104,0.1688218998503506,0.008345308662968379,0.05691883131750185,0.08634958717029101,0.08354357442431405,0.001031833802708767,0.08634958717029101,1.1674226796200622,2
53,53,1.0,0.24166666666666667,0.5583333333333333,0.918745232832763,-0.0006849776506343675,0.881723223505116,0.09433962264150944,0.11320754716981132,0.0,0.265,0.2527253938800686,0.19478862304051336,0.13434355582119342,0.026763832230355344,0.012874515826799257,0.37124462845857087,0.11606345403971628,0.0,0.37124462845857087,1.1921344230135853,2
65,65,1.0,0.2916666666666667,0.5424358974358974,0.9028276881452136,0.0011747509197949039,0.931505357283542,0.07692307692307693,0.1076923076923077,0.0,0.325,0.31506210275790547,0.1733956965082164,0.15693372052210455,0.145329619848867,0.020633432639169183,0.7778896009414143,0.05795358248857769,0.0,0.7778896009414143,1.1941341686390525,2
81,81,1.0,0.30833333333333335,0.5055555555555555,0.9151933929896973,0.0002203822439029337,0.9644220594220595,0.07407407407407407,0.09876543209876543,0.0,0.77,0.4476476555238076,0.1795208658083543,0.06105296004740527,0.1159644611274754,0.011386101209018371,0.2505891504606749,0.1908714254885439,0.0017141283088734532,0.2505891504606749,1.1995727691102243,2
43,43,1.0,0.25,0.39980620155038765,0.917926265023011,0.0016663820791974675,0.9473384230085636,0.09302325581395349,0.16279069767441862,0.0,0.215,0.3258849301205938,0.17528067394823132,0.10770384914332216,0.1203876584359411,0.005,0.3432849607470071,0.12902037825852578,0.008217964836666229,0.3432849607470071,1.209395207548922,2
81,81,1.0,0.31666666666666665,0.6450617283950617,0.925951931315041,-0.0007992262414605684,0.8037081339712919,0.07407407407407407,0.12345679012345678,0.0,0.545,0.41608877400902844,0.17597088755796525,0.09877557254214699,0.005815998519273195,0.21306856125683005,0.061612283712845856,0.266608725062634,0.0,0.061612283712845856,1.2297992951444872,2
29,29,1.0,0.25833333333333336,0.4448275862068965,0.9426605883473335,0.0003449362825480037,0.9231782945736433,0.10344827586206896,0.1724137931034483,0.0,0.145,0.31796573183094257,0.16497507312016502,0.11814878983302762,0.1278185686064037,0.006599652617931634,0.5138722371057332,0.16867365719904437,0.0,0.5138722371057332,1.244249407244672,2
81,81,1.0,0.325,0.5597736625514403,0.8992409471300788,0.000443069421675718,0.9286159100655517,0.07407407407407407,0.13580246913580246,0.0,0.465,0.5120251688154933,0.1450308952783798,0.0884805977879585,0.038503125752924444,0.005,0.6569363924551198,0.17985160013068024,0.006889373042623551,0.6569363924551198,1.249188367680022,2
81,81,1.0,0.36666666666666664,0.5017832647462277,0.9332088524567242,-0.000168953200466811,0.920793390438005,0.07407407407407407,0.09876543209876543,0.0,0.795,0.3798912028618495,0.21023860492947305,0.07998916230777581,0.012049286071060903,0.009928105007521542,0.6415943768562178,0.24437509834299442,0.00062114858543392,0.6415943768562178,1.2539989511952747,1
81,81,1.0,0.2916666666666667,0.5772633744855966,0.9099178946587214,-0.0007155157062289375,0.8777221826174775,0.07407407407407407,0.1111111111111111,0.0,0.46,0.2809605247512567,0.20774112707185238,0.1145634710954453,0.005,0.1865283055536404,0.0492112410061364,0.2801065600669829,0.0,0.0492112410061364,1.2897051499221095,2
33,33,1.0,0.23333333333333334,0.3648989898989899,0.9302838088287194,0.0015143366494195752,0.9847606689734717,0.09090909090909091,0.15151515151515152,0.0,0.165,0.332145422848416,0.15649013482109647,0.12134167183607325,0.11737349407248888,0.005708982228390506,0.4567884346882339,0.09702532680483072,0.0,0.4567884346882339,1.2901825072517936,2
81,81,1.0,0.35833333333333334,0.5862139917695474,0.914123059461651,1.0568162563667429e-05,0.8859243009243011,0.07407407407407407,0.1111111111111111,0.0,0.7,0.44462952240546144,0.176441553427455,0.07468485763722174,0.16843944646052386,0.008850665664354083,0.2941840018821734,0.1982799005591095,0.0,0.2941840018821734,1.3628032839260882,2
81,81,1.0,0.3333333333333333,0.549485596707819,0.905677642937673,0.00048623409863888216,0.9839167134743806,0.07407407407407407,0.09876543209876543,0.0,0.635,0.25603302817763146,0.2357504247491442,0.16125671640038916,0.0324165708475489,0.07055872349869995,0.14876850784123133,0.17437890926216254,0.013479631231886053,0.14876850784123133,1.3703113433879248,2
63,63,1.0,0.35,0.6338624338624339,0.9107606307751177,-0.0009428604668241525,0.8489037284362827,0.07936507936507936,0.1111111111111111,0.0,0.315,0.22256071957953208,0.21562291820738205,0.14209660487109446,0.047994767799340164,0.007653539073382652,0.7336912015638121,0.10595556531929509,0.009452125651017062,0.7336912015638121,1.3937539065928888,2
81,81,1.0,0.26666666666666666,0.5366255144032923,0.9105985734933899,-0.0011128040731696136,0.8435173824130879,0.07407407407407407,0.1111111111111111,0.0,0.525,0.36268866570155006,0.19154270623382735,0.1189662654448666,0.11618131756333366,0.007306348845203072,0.42343215517712823,0.11662377356947193,0.0037207204704654156,0.42343215517712823,1.4080013158816482,2
81,81,1.0,0.3333333333333333,0.5807613168724278,0.8960556471569097,-2.139540745023012e-05,0.9597837319161499,0.07407407407407407,0.12345679012345678,0.0,0.675,0.28234277458452733,0.22111237029498437,0.11765463493068978,0.005,0.16196759135227512,0.03388637145672159,0.33670496602321776,0.0,0.03388637145672159,1.415684533668298,2
81,81,1.0,0.2833333333333333,0.5516460905349795,0.8988118071927973,0.0007020883139404648,0.9024238468233247,0.07407407407407407,0.1111111111111111,0.0,0.48,0.273567242835732,0.2088414917331582,0.12503420544610924,0.005746966172440931,0.06883438230417639,0.04781984715979431,0.05539336651056124,0.0,0.04781984715979431,1.4236693650435963,2
81,81,1.0,0.30833333333333335,0.5449588477366255,0.9109507666486906,-0.0010654460728554583,0.8444702976527595,0.07407407407407407,0.09876543209876543,0.0,0.52,0.5515185696597378,0.14002357994624562,0.09331904278836269,0.02054797092325035,0.006018755838537614,0.8513491602410447,0.14866430366590308,0.0010701467461898023,0.8513491602410447,1.4477372064631755,2
63,63,1.0,0.2777777777777778,0.49506172839506185,0.8929194129928466,-0.0001382891156602313,0.9128175592764123,0.07936507936507936,0.1111111111111111,0.0,0.315,0.39215806278867343,0.16258029441986194,0.09470245482655727,0.005,0.18819255926597403,0.0684609597780991,0.28077759480988673,0.0,0.0684609597780991,1.4604398540092876,1
81,81,1.0,0.38333333333333336,0.6012345679012346,0.9266368791954727,-0.0007503415743537036,0.8651129363449691,0.07407407407407407,0.1111111111111111,0.0,0.445,0.3124836892125637,0.19984387564218192,0.14366202830351094,0.12640057823895837,0.0246817704412374,0.3981483956489699,0.05751547353599269,0.0,0.3981483956489699,1.4649205564907788,2
81,81,1.0,0.31666666666666665,0.4583333333333333,0.9020811110997712,0.0007809530044198841,0.9310465768799102,0.07407407407407407,0.1111111111111111,0.0,0.63,0.3720362307377576,0.18623412587928212,0.0929312963659701,0.006625849816888733,0.3,0.06771462372704014,0.4279599378283382,0.003774514946919816,0.06771462372704014,1.4731453915683559,2
81,81,1.0,0.36666666666666664,0.46008230452674903,0.9217496806900839,-9.416006281069251e-05,0.9490936195587357,0.07407407407407407,0.09876543209876543,0.0,0.74,0.27095665323354856,0.23391854560536068,0.0854534753225449,0.005689366246323448,0.15584541586340453,0.03616054240029749,0.20176572423823957,0.0024039071293869467,0.03616054240029749,1.485271861434657,2
81,81,1.0,0.4083333333333333,0.6407407407407407,0.9211563177048745,0.0006954233992307382,0.9512973667308927,0.08641975308641975,0.1111111111111111,0.0,0.85,0.4048425537027356,0.2019990144809205,0.08535216767663416,0.15865853865020108,0.011804712083029538,0.2304754987230885,0.17330854060650952,0.0,0.2304754987230885,1.4986994241392406,2
81,81,1.0,0.34444444444444444,0.7145404663923182,0.9125270679101414,-0.00023512259161784533,0.9208035238156181,0.08641975308641975,0.1111111111111111,0.0,0.77,0.46666499825051994,0.18934687945733886,0.10753382835160684,0.03563823965239384,0.06726558828734798,0.3375051569093901,0.14509114535762394,0.0028658785453144183,0.3375051569093901,1.504140713657123,1
81,81,1.0,0.39166666666666666,0.5175925925925926,0.9294496684876719,-0.00028773676158937145,0.916424667064202,0.07407407407407407,0.09876543209876543,0.0,0.785,0.27016022494194875,0.24075625313240379,0.08586409617519207,0.012870363219852203,0.007993828009157981,0.6642081664182965,0.21345588553719597,0.0008556767483681177,0.6642081664182965,1.5148133716683376,2
81,81,1.0,0.375,0.5119341563786007,0.9091217053542882,-3.8111234431557637e-06,0.9397481243301179,0.07407407407407407,0.1111111111111111,0.0,0.74,0.2,0.25437094754681194,0.11923109937651244,0.03343263205658241,0.1090708595258595,0.13235716257591387,0.1756999593434837,0.016497486238044604,0.13235716257591387,1.5223964708004611,2
75,75,1.0,0.25,0.5442222222222222,0.894388227269855,0.00019987444658729476,0.8958751871512179,0.08,0.10666666666666667,0.0,0.375,0.4284369749880591,0.15961836839401933,0.10637110999910437,0.022856627267185264,0.09603435648568692,0.26143503686258596,0.1319097505702135,0.006574127142746225,0.26143503686258596,1.5249427609734332,2
81,81,1.0,0.25833333333333336,0.49094650205761325,0.9136937366435746,0.00019416483044410864,0.948731489242805,0.07407407407407407,0.08641975308641975,0.0,0.57,0.2,0.2385291530880338,0.13989739586910893,0.005880326097474491,0.06103530761995039,0.09108376706266091,0.11144601861465891,0.002212241858239082,0.09108376706266091,1.5308001313755037,2
68,68,1.0,0.27222222222222225,0.5181372549019608,0.893713570099634,-9.178595631424526e-05,0.936773888363292,0.07352941176470588,0.11764705882352941,0.0,0.34,0.2,0.22148972015647794,0.1380357472026886,0.007119393027334505,0.060416511373592795,0.0689272478303198,0.06886739376557097,0.0,0.0689272478303198,1.5543353812017415,1
37,37,1.0,0.20833333333333334,0.42297297297297304,0.9111184347900924,0.0018172893676552803,0.9206230031948883,0.08108108108108109,0.13513513513513514,0.0,0.185,0.2726627233120867,0.1820545531660136,0.1270164139721939,0.0054368296582222074,0.11384151163929783,0.040480508506789054,0.2943855305194687,0.0018618285075562117,0.040480508506789054,1.554621381521312,2
54,54,1.0,0.2791666666666667,0.40941358024691354,0.910824615407617,-0.0002418540899494636,0.9422009674582233,0.07407407407407407,0.1111111111111111,0.0,0.27,0.5311834209920802,0.12377199408623385,0.0711702610086779,0.019543685906169356,0.005,0.5532465645556068,0.19644064707653003,0.0,0.5532465645556068,1.5621658518380162,2
81,81,1.0,0.31666666666666665,0.5036008230452675,0.8998457722745022,-1.330283574828849e-05,0.9163389513108614,0.07407407407407407,0.09876543209876543,0.0,0.705,0.41757768818701635,0.1835796660694493,0.08751663763065069,0.007063813021930193,0.18506225789679015,0.050221071059502,0.295734904763408,0.00803999272133224,0.050221071059502,1.5685562206097998,2
57,57,1.0,0.25833333333333336,0.45438596491228067,0.9093148558577208,8.447858788486365e-05,0.9492535392535393,0.07017543859649122,0.12280701754385964,0.0,0.285,0.2,0.2029622823690999,0.15958061959011152,0.026334833478802926,0.02327282137324641,0.23258865873717913,0.07825491037778488,0.0019250697873033824,0.23258865873717913,1.5689469936897398,2
67,67,1.0,0.35833333333333334,0.4899253731343284,0.9075368820877083,-0.0006354656380193721,0.9040955826351865,0.07462686567164178,0.1044776119402985,0.0,0.335,0.4277921536539782,0.15548105239097507,0.11988675564330753,0.03720022860833628,0.06607551387923966,0.41553954571562385,0.16931085010470032,0.0032830629513745007,0.41553954571562385,1.5731012583644493,2
81,81,1.0,0.30833333333333335,0.5834362139917695,0.897322351002352,0.0004975394937746787,0.9086226708987245,0.07407407407407407,0.09876543209876543,0.0,0.54,0.2,0.2507010647675687,0.14645328284944645,0.028002642921400693,0.0703844908566835,0.21866943085255372,0.12598738882244837,0.018956855268165193,0.21866943085255372,1.583211597365965,2
81,81,1.0,0.3333333333333333,0.45884773662551437,0.9046804224595121,0.00018772468057376136,0.9483557548579971,0.07407407407407407,0.09876543209876543,0.0,0.475,0.2,0.22967664906000462,0.13434213226597927,0.03756375504911091,0.1204202946680981,0.21622465340362593,0.1479301704499896,0.009687170866908307,0.21622465340362593,1.589863521933513,2
81,81,1.0,0.275,0.5130658436213992,0.8952911865781574,0.0004622931074279982,0.9973649822872803,0.07407407407407407,0.09876543209876543,0.0,0.405,0.2,0.22616765930665161,0.13987982404629815,0.005778670845963562,0.04470616175034166,0.07077240184928417,0.05,0.0,0.07077240184928417,1.5955275809648009,2
81,81,1.0,0.3333333333333333,0.5305555555555554,0.8992391835504864,-0.0003015678035617891,0.9099849718828774,0.07407407407407407,0.09876543209876543,0.0,0.76,0.25124648483191037,0.2504166590009546,0.12280509639229006,0.044966603413519754,0.08625338660777251,0.4958700140170037,0.22862874699831137,0.01816303821637112,0.4958700140170037,1.6139423197545333,2
78,78,1.0,0.3375,0.7473290598290598,0.9267854153306944,-0.00018370572122809525,0.8214409101739338,0.08974358974358974,0.11538461538461539,0.0,0.39,0.3661976435220682,0.17867305938409067,0.1452120502434911,0.13407207216069017,0.02720078604778592,0.42637242003393844,0.05,0.007365288795792926,0.42637242003393844,1.6153488278905326,2
24,24,1.0,0.25,0.34826388888888893,0.9448902837165316,-0.003839743951001112,0.8760310734463277,0.08333333333333333,0.125,0.0,0.12,0.46323576108948544,0.13010621056469085,0.08606186802986178,0.024352629365593154,0.008463839734585657,0.8319726543211492,0.14445133042078265,0.0035957349348015744,0.8319726543211492,1.6343637456342681,2
81,81,1.0,0.2833333333333333,0.6630658436213991,0.8902090203361822,7.083850066908817e-05,0.8887477372640289,0.08641975308641975,0.1111111111111111,0.0,0.455,0.2,0.22824239060021717,0.15047274503002608,0.00766612273556458,0.06870803276879821,0.05962649091130046,0.08588555354686764,0.001487690324946692,0.05962649091130046,1.6433580923940057,2
46,46,1.0,0.2833333333333333,0.43913043478260877,0.8981776290724635,-0.0021554495070425857,0.8611881188118812,0.08695652173913043,0.10869565217391304,0.0,0.23,0.21571356932023245,0.20192972586820163,0.1325588316789264,0.0062852117507670125,0.07167686337602042,0.0907402672186143,0.0674380252606714,0.0033850404496060895,0.0907402672186143,1.6436837181323447,2
81,81,1.0,0.25833333333333336,0.46697530864197534,0.9048340708085252,-0.00011496624109270741,0.926246419916281,0.07407407407407407,0.09876543209876543,0.0,0.435,0.2,0.23150253773463192,0.1351324172743195,0.0472007590257941,0.09312337885951218,0.3578673760867387,0.22125205295271533,0.01652156289545904,0.3578673760867387,1.6458325496640636,2
81,81,1.0,0.4166666666666667,0.5926954732510288,0.9118897905507063,0.00010631583313696507,0.968477550193832,0.08641975308641975,0.1111111111111111,0.0,0.865,0.3112685022484044,0.2302019139638874,0.09219318681137317,0.005004685407289578,0.2210580805656543,0.04122971029823865,0.2337966762012159,0.0,0.04122971029823865,1.6458764732262146,2
31,31,1.0,0.4,0.614516129032258,0.927160426080302,-0.0019315077269435894,0.8342825896762903,0.0967741935483871,0.12903225806451613,0.0,0.155,0.307166440647408,0.1605379422331623,0.13307703606919943,0.1318934016968268,0.023502983444370528,0.5079313441158542,0.07704248831146329,0.0,0.5079313441158542,1.6487199614769983,2
81,81,1.0,0.39166666666666666,0.577880658436214,0.926980149747405,-0.0004443850525527603,0.8375928728265385,0.07407407407407407,0.09876543209876543,0.0,0.765,0.41564705988478673,0.19996326649293555,0.09574334776197409,0.04032960118931901,0.06370676242773506,0.36958144572701174,0.13855312981747142,0.0,0.36958144572701174,1.6609455747489448,2
64,64,1.0,0.24583333333333335,0.444921875,0.8974267190120789,2.8423706331069997e-05,0.9438374304945858,0.078125,0.109375,0.0,0.32,0.2,0.22058522449747348,0.12966341546971788,0.03654855017538641,0.11284728842472166,0.14134063249240497,0.1365642922743423,0.013183300472070187,0.14134063249240497,1.6701954972978696,2
81,81,1.0,0.2833333333333333,0.46265432098765424,0.9053890543328045,0.00024223131592052377,0.9273943740271293,0.07407407407407407,0.08641975308641975,0.0,0.61,0.38736075628535865,0.18821142257541829,0.08010195029973817,0.12590972454480348,0.008360323587638696,0.6443092929506274,0.1536354701828283,0.002035216396066758,0.6443092929506274,1.6950002239452842,2
81,81,1.0,0.4,0.6745884773662553,0.9185087489008004,-3.59738347417898e-05,0.873945274769966,0.08641975308641975,0.1111111111111111,0.0,0.505,0.42929576930024804,0.16642286344659335,0.12003515449638846,0.005511501435152714,0.1631614416780949,0.06050743094410141,0.24636580885515186,0.0,0.06050743094410141,1.6961939159705959,2
81,81,1.0,0.36666666666666664,0.6095679012345678,0.8992764146238463,0.00018262372673411912,0.9266350210970464,0.07407407407407407,0.1111111111111111,0.0,0.59,0.4818019723327262,0.16137494100850414,0.09052850063775093,0.04650617896281061,0.07653004367616002,0.4333166598651292,0.12318393089032455,0.0,0.4333166598651292,1.7011741511043657,2
81,81,1.0,0.425,0.6290123456790123,0.9279533655154244,-0.0005841000599504127,0.8892983316977429,0.08641975308641975,0.1111111111111111,0.0,0.795,0.42431426427546287,0.2087777283378463,0.09471889361827548,0.031170710380217913,0.008747007467976025,0.8510777402412137,0.12704927016390152,0.0037755326664977475,0.8510777402412137,1.7126521191082413,2
81,81,1.0,0.38333333333333336,0.7164609053497942,0.9151924201560128,0.0005226247747141323,0.9215374305954431,0.08641975308641975,0.1111111111111111,0.0,0.69,0.32666845935563193,0.21864182622653489,0.11402998987458221,0.005,0.17492024480359192,0.04569888283566744,0.24063761927097915,0.0,0.04569888283566744,1.7253582984349802,2
81,81,1.0,0.2916666666666667,0.4709876543209877,0.9687542572944912,3.7671946366282485e-05,0.9259349060725208,0.06172839506172839,0.09876543209876543,0.0,0.545,0.26096626950995483,0.2214089065324482,0.11750407189515628,0.006145250649635661,0.16467080327339592,0.04053690147999801,0.27330558470965666,0.0,0.04053690147999801,1.7326454010866592,2
81,81,1.0,0.35,0.5267489711934156,0.9020396347621665,-0.0008506047344257895,0.8591145833333332,0.07407407407407407,0.09876543209876543,0.0,0.655,0.4799062312326843,0.1723112115331714,0.09430819687996568,0.040139651634160216,0.06657057143610312,0.25040360813596024,0.15941055947412064,0.005341658145297807,0.25040360813596024,1.733534401787709,2
81,81,1.0,0.275,0.5478395061728395,0.8943809706326875,-0.0002802353058668527,0.8809976525821597,0.07407407407407407,0.09876543209876543,0.0,0.44,0.2,0.22696422784610326,0.13543219975432005,0.03424197883502946,0.01707842873942972,0.22596567687588465,0.160163822619975,0.003918334058232603,0.22596567687588465,1.735983642406104,2
81,81,1.0,0.3416666666666667,0.545679012345679,0.8905273158132833,-0.0003886232009438806,0.8880693815987933,0.07407407407407407,0.1111111111111111,0.0,0.81,0.5896794914442536,0.14051595751710505,0.0585393823266868,0.023996785871908267,0.005687659022515779,0.6038422992384043,0.15566740028390827,0.0,0.6038422992384043,1.7537360386225824,2
81,81,1.0,0.38333333333333336,0.5063786008230453,0.9081875772720173,-0.0012365964492907875,0.8832987945279696,0.07407407407407407,0.1111111111111111,0.0,0.885,0.3167832957009401,0.2314527920312519,0.07703155598158212,0.00597562422382224,0.2935998179324632,0.07073116261661262,0.43220239049747883,0.013702652825847034,0.07073116261661262,1.756551309452925,2
81,81,1.0,0.225,0.5094650205761317,0.8965186592972828,0.0007722186689193748,0.9791491653204091,0.07407407407407407,0.1111111111111111,0.0,0.45,0.33196804044813155,0.19274212982169037,0.10838099602954639,0.005,0.17873898046321152,0.0661312320760673,0.2912120923056807,0.0,0.0661312320760673,1.7570360378450822,2
81,81,1.0,0.39166666666666666,0.6240740740740741,0.9116458547958707,-0.00023342285775623272,0.9024678536102869,0.0741975308641946,0.1111111111111111,0.0,0.565,0.4054292959046696,0.18505577349913327,0.1122194342115891,0.044765307923085994,0.06529355503232157,0.23182011335896113,0.12806513203757042,0.0,0.23182011335896113,1.7594819438309144,2
69,69,1.0,0.2833333333333333,0.5739130434782609,0.8792024450207937,-0.0004298729373100071,0.8379797979797982,0.08695652173913043,0.11594202898550725,0.0,0.345,0.46690682488850865,0.1462321060564411,0.10842140412383429,0.028912638901000483,0.06281455458020445,0.2671868504053927,0.14494999655598945,0.002779451863441296,0.2671868504053927,1.761485599165593,2
81,81,1.0,0.4,0.7256172839506173,0.9239496166372134,-0.00020222064762940746,0.9163465901035021,0.08641975308641975,0.12345679012345678,0.0,0.67,0.3229853515537004,0.22568895333728378,0.13852409126092147,0.12347326733587136,0.025297548983005153,0.3891998914667504,0.09959004478674079,0.004724554117323944,0.3891998914667504,1.7657384284142081,2
72,72,1.0,0.35416666666666663,0.6869212962962963,0.8947503223150294,-0.000371195579936313,0.8541666666666665,0.08347222222221894,0.125,0.0,0.36,0.20624971328759376,0.21690480570299164,0.14291887091000818,0.049849336360008246,0.013568382337103535,0.19793333619368778,0.1614829053032555,0.0067874462124257314,0.19793333619368778,1.7664358146122359,2
81,81,1.0,0.375,0.5141975308641975,0.8987287244010801,-0.000644982882719005,0.9346398559423769,0.07407407407407407,0.1111111111111111,0.0,0.875,0.26130569241534535,0.24765008313877773,0.08759237013628154,0.005342893160299024,0.13194551798690643,0.030114248832106807,0.2432971598101596,0.0,0.030114248832106807,1.7679400196067356,2
81,81,1.0,0.38333333333333336,0.609156378600823,0.9038821717733382,-0.0008592492741910639,0.8572537015143837,0.07407407407407407,0.12345679012345678,0.0,0.43,0.2,0.22387887648178312,0.15400077167687318,0.011061597599319479,0.06427419729132422,0.06374927400076812,0.05,0.006494291730181199,0.06374927400076812,1.7943571849807383,2
43,43,1.0,0.28888888888888886,0.4175710594315246,0.8875088317262898,-0.000260867100996436,0.9544444444444443,0.09302325581395349,0.11627906976744186,0.0,0.215,0.2,0.19163055961360953,0.1419330155154952,0.035634916423323094,0.015179878467007362,0.28223065408398407,0.140973485076779,0.00643304758153753,0.28223065408398407,1.8019566286568458,1
81,81,1.0,0.36666666666666664,0.7112139917695472,0.9041892143325944,-0.0006503413967473148,0.8376043926901009,0.08641975308641975,0.12345679012345678,0.0,0.51,0.30445016029333566,0.20610372731328325,0.15521412486688288,0.025695642991504813,0.05839736579906624,0.34972122425383817,0.3385961875379312,0.013121654476888631,0.34972122425383817,1.82860586145069,2
68,68,1.0,0.23333333333333334,0.5286764705882351,0.8950425132619462,-0.0005154880314325448,0.8639707927677329,0.07352941176470588,0.11764705882352941,0.0,0.34,0.43511418216780995,0.1442445243027499,0.10885974834476295,0.00533407914362652,0.1982150012282931,0.05952359426526591,0.3409112170415059,0.0,0.05952359426526591,1.8487212387708918,2
81,81,1.0,0.325,0.637962962962963,0.8750121974091355,0.0003455574400258402,0.8991021609417835,0.08641975308641975,0.12345679012345678,0.0,0.61,0.3521976448675198,0.19448657080613035,0.10457587014360313,0.005184790216332758,0.22798608784465188,0.06628619884768015,0.4166366213532471,0.007158484384780237,0.06628619884768015,1.8523147840617722,2
74,74,1.0,0.25416666666666665,0.43626126126126125,0.9180355506580251,0.0013790503769749152,1.02928153501979,0.06756756756756757,0.0945945945945946,0.0,0.37,0.20542531312056525,0.22376198537419223,0.12764549755889124,0.007007216527232234,0.05811459789808317,0.07716765609307166,0.05,0.0,0.07716765609307166,1.8578052624157109,2
39,39,1.0,0.30833333333333335,0.47179487179487184,0.889018439422232,-0.0005149593727951759,0.9253985507246378,0.10256410256410256,0.15384615384615385,0.0,0.195,0.2,0.2015051026572972,0.14830259928586995,0.037330494409461616,0.013368287871933004,0.3029283812507093,0.06998459413418873,0.006164639655158286,0.3029283812507093,1.8936442964652676,2
81,81,1.0,0.425,0.5810699588477367,0.9162223743305504,0.0008935385740871755,0.989508970727101,0.07407407407407407,0.1111111111111111,0.0,0.655,0.31254285709298435,0.21464120402393982,0.11975007028768335,0.0075976507461555575,0.3,0.1077093389183014,0.47978783509547945,0.01574774832349001,0.1077093389183014,1.896127809696091,2
40,40,1.0,0.22916666666666669,0.37416666666666665,0.9092307659131751,0.0004485734911016109,0.9599034892353379,0.075,0.125,0.0,0.2,0.3525492941177262,0.16387646309826848,0.10148866736824365,0.005,0.3,0.05214525047399174,0.36061561823439553,0.012521316457100536,0.05214525047399174,1.8986020987874968,2
81,81,1.0,0.375,0.6588477366255144,0.8925785077162515,-0.0006176462083748255,0.8788236518842392,0.08641975308641975,0.1111111111111111,0.0,0.545,0.22280876895448035,0.23663600957523384,0.15667583022353274,0.008254901644953723,0.06526194899138582,0.059861652880748156,0.08345196214386646,0.009690137167443142,0.059861652880748156,1.9118001762687853,2
81,81,1.0,0.375,0.5864197530864198,0.9008523688905753,-0.000730300489099379,0.8738596491228069,0.07407407407407407,0.09876543209876543,0.0,0.735,0.35763328971135777,0.20978934800500298,0.09490865298961938,0.10799880721706563,0.0058805600712526765,0.2857920785689087,0.11820353369155685,0.008928330636136851,0.2857920785689087,1.9249221348688925,2
81,81,1.0,0.36666666666666664,0.5308641975308642,0.8985718002431067,-0.0002577812498015131,0.9437984496124032,0.07407407407407407,0.08641975308641975,0.0,0.685,0.41307378255781385,0.18735851657087355,0.0837145679750744,0.279314475781224,0.010525250688819295,0.241338260807181,0.2341239913868367,0.004319418054806657,0.241338260807181,1.9338075568849737,2
49,49,1.0,0.25833333333333336,0.4482993197278911,0.8758745766991164,0.0005359489417937504,0.9368689934243802,0.08163265306122448,0.12244897959183673,0.0,0.245,0.24000635198859896,0.1806710160176418,0.16742751457224403,0.05112979656019506,0.02744745332841414,0.3399520004396147,0.05,0.006699841535111474,0.3399520004396147,1.944071854511659,2
81,81,1.0,0.375,0.645267489711934,0.8878485640578878,0.00018874434229130212,0.8737797619047619,0.08641975308641975,0.1111111111111111,0.0,0.48,0.3742128202037123,0.18795758413796165,0.13879373806546771,0.10029160715901744,0.020917755171268745,0.4105737685487485,0.10053629577715462,0.0072794150793293036,0.4105737685487485,1.946088045964546,2
81,81,1.0,0.3333333333333333,0.6265432098765432,0.867818497562818,0.0013881533695226903,0.9900246305418718,0.08641975308641975,0.12345679012345678,0.0,0.655,0.242156042702259,0.23586911296214624,0.131916018833874,0.037531771617082786,0.12677290343415426,0.4077885542269071,0.19550602904330505,0.019741417135813257,0.4077885542269071,1.9470505602607242,2
32,32,1.0,0.25,0.41041666666666665,0.8922212192667098,-0.000993633917687683,0.8846362098138747,0.09375,0.125,0.0,0.16,0.2,0.19975889151707948,0.13540871261569204,0.029049559696020636,0.08222826562365407,0.11168132863394002,0.15964842197981233,0.01930085804595888,0.11168132863394002,1.950092530317338,2
76,76,1.0,0.3041666666666667,0.5722587719298246,0.872604629777561,0.00028395920456904776,0.9248321836878075,0.07894736842105263,0.10526315789473684,0.0,0.38,0.31936300863438644,0.19501706249570167,0.14610186376968037,0.039395861084430675,0.006154318702208814,0.5825296316825359,0.07499298052502579,0.01644327839334074,0.5825296316825359,1.9612687916036193,2
81,81,1.0,0.36666666666666664,0.5862139917695474,0.8946569855089719,-8.444576959237714e-05,0.8718842868842869,0.07407407407407407,0.09876543209876543,0.0,0.5,0.374240007696846,0.1834312476754959,0.1093018579203342,0.005,0.2231502514663202,0.0718371415542132,0.2796782313920073,0.005811028311213401,0.0718371415542132,1.9666492693669095,2
22,22,1.0,0.225,0.293560606060606,0.9353688580273294,0.001533764265860385,0.9838440860215053,0.09090909090909091,0.18181818181818182,0.0,0.11,0.2,0.1923916407659339,0.12189392018886862,0.030902120315033192,0.01468169197550323,0.43396606444069075,0.13606269368844662,0.0033581185913172567,0.43396606444069075,1.970049380315828,2
29,29,1.0,0.225,0.3341954022988506,0.9718344034620492,0.0016954554552110071,0.9525874175981657,0.10344827586206896,0.13793103448275862,0.0,0.145,0.3603620140927162,0.15007063440618848,0.10090637125149056,0.005,0.18092077836644233,0.07830091310995771,0.2963841482810077,0.0048261430682621,0.07830091310995771,1.9818597140668024,2
81,81,1.0,0.425,0.5523662551440328,0.9245074143184675,-0.0005315000677617586,0.9229277643260692,0.07407407407407407,0.09876543209876543,0.0,0.75,0.44679477936065753,0.17380666923848392,0.10221168503439602,0.005015294408389975,0.1819213971272488,0.06224327538365304,0.34320528338100953,0.001974779437758485,0.06224327538365304,1.9864962360164604,2
81,81,1.0,0.3333333333333333,0.5934156378600822,0.8789072941390522,-0.00011252078779670856,0.9339713361072585,0.07407407407407407,0.1111111111111111,0.0,0.62,0.23722739348666969,0.24249028650020016,0.14327130551501877,0.0391816464388863,0.12301850251578306,0.12365431047283908,0.18727685657921506,0.020658958376499004,0.12365431047283908,1.993397119949847,2
81,81,1.0,0.4166666666666667,0.6429012345679012,0.8991406488181312,0.000811437361228377,0.9379632741238599,0.08641975308641975,0.1111111111111111,0.0,0.61,0.46928700490684105,0.16545625261796323,0.10384574720543696,0.14867699624350356,0.014096996359429117,0.23506607873383176,0.22692879271679373,0.0024361227091543244,0.23506607873383176,2.0349202318281376,2
81,81,1.0,0.35,0.6949588477366255,0.8834534544095753,3.812023730171949e-05,0.8645416975080187,0.08641975308641975,0.12345679012345678,0.0,0.495,0.2063859795780336,0.23605253973881085,0.14119766834317388,0.006189749063588342,0.05284670340633772,0.0462530461124027,0.07406504936275334,0.0024525900158734433,0.0462530461124027,2.0356170955482358,2
53,53,1.0,0.21666666666666667,0.43176100628930825,0.9023388044567072,-0.0010616366441386516,0.8879230395727117,0.07547169811320754,0.11320754716981132,0.0,0.265,0.21545921404572088,0.20624788475908196,0.12885522350861034,0.027429194322666932,0.018672016116448344,0.2505331459801804,0.16080801696583025,0.016156927704131893,0.2505331459801804,2.0427673057421094,2
29,29,1.0,0.20833333333333334,0.3540229885057472,0.953729273611143,0.00019477936902658448,0.9863203463203465,0.10344827586206896,0.13793103448275862,0.0,0.145,0.23451499643649587,0.18454681927513733,0.11318264712318839,0.005,0.1492886823511398,0.04129989377770384,0.2888320874859862,0.0,0.04129989377770384,2.0514184523276158,2
81,81,1.0,0.3,0.4764403292181069,0.9295473451442468,3.6005562861202774e-05,0.9797450154754191,0.06185185185184893,0.08641975308641975,0.0,0.615,0.40264182622319017,0.18667296132766864,0.07728565963107298,0.010920226436880792,0.009876333982971315,0.6431843262529072,0.2739532141189385,0.0,0.6431843262529072,2.067083203373587,2
81,81,1.0,0.35,0.594238683127572,0.8785806848365448,0.00019244220499179562,0.9359741458910433,0.07407407407407407,0.1111111111111111,0.0,0.475,0.5241319867893048,0.14641321350491143,0.09437308164322396,0.023091692039182474,0.009757451978836772,0.7917693293105587,0.1501870450472621,0.010099271630080231,0.7917693293105587,2.068292846922304,2
81,81,1.0,0.3888888888888889,0.593278463648834,0.9009634327263658,-0.001067501626226221,0.8820745022479128,0.07407407407407407,0.09876543209876543,0.0,0.9,0.40731215992211567,0.20235905371357787,0.0763051275759774,0.14836014692796495,0.010976221295499062,0.26918451108431835,0.21859716538542312,0.0,0.26918451108431835,2.0725301641394447,1
81,81,1.0,0.325,0.5,0.8758057577284135,1.706255903388742e-05,0.9146090534979424,0.07407407407407407,0.1111111111111111,0.0,0.46,0.34359385539910003,0.19248164535550494,0.12031214536571044,0.035357032872964614,0.009200631232529592,0.4838689306891895,0.07728979169101086,0.01604218642020824,0.4838689306891895,2.0830677178582624,2
81,81,1.0,0.425,0.6651234567901234,0.9124004278961803,-0.0006128286067569198,0.8842710750193348,0.08641975308641975,0.1111111111111111,0.0,0.895,0.42885644491735414,0.2002237181709321,0.09240294759761906,0.14135776941965236,0.009326599758009823,0.27381513654787343,0.20421597173137734,0.00464969386658448,0.27381513654787343,2.0972323117689116,2
81,81,1.0,0.36666666666666664,0.6856995884773662,0.8881127990243941,-0.0011533510449387905,0.8063734683670918,0.08641975308641975,0.12345679012345678,0.0,0.535,0.21705940002552812,0.23901823185039878,0.16725164602218037,0.04304534117570934,0.01245208774588739,0.29589182429678235,0.11301859807758405,0.010546087452219641,0.29589182429678235,2.1362226351058884,2
81,81,1.0,0.4111111111111111,0.6089163237311386,0.8932285005154226,-5.8004284167798595e-05,0.9463540336912717,0.08641975308641975,0.09876543209876543,0.0,0.42,0.3493416725594704,0.18048818777562026,0.1458669246752671,0.12398747282356355,0.022962853476502097,0.5159961588927597,0.05814037089615152,0.0,0.5159961588927597,2.1437692904185117,1
81,81,1.0,0.38333333333333336,0.5595679012345679,0.8820779696835742,0.0005171400075657652,0.9742107924250781,0.07407407407407407,0.1111111111111111,0.0,0.77,0.2,0.25976125955459206,0.1227824274926909,0.030497456043641524,0.08103764617480826,0.211954121327928,0.17870072773605938,0.02149362396831317,0.211954121327928,2.1466654117965285,2
34,34,1.0,0.15833333333333333,0.3541666666666667,0.9569126793841458,0.0031564882811416987,1.0165945790080737,0.08823529411764706,0.11764705882352941,0.0,0.17,0.2,0.1984696079274279,0.13243290965673984,0.02893299924269094,0.023810980254480918,0.28526830847755175,0.15189143704006733,0.0,0.28526830847755175,2.1600846239448757,2
81,81,1.0,0.2916666666666667,0.4225308641975308,0.9284064129005,-0.0001072550986501168,0.9692701485269052,0.06172839506172839,0.09876543209876543,0.0,0.665,0.30557103747416814,0.214678692955744,0.10816895414066961,0.0057977283153796836,0.13511963580787398,0.04868422034262846,0.24575884822549543,0.002924468643926323,0.04868422034262846,2.168363743310794,2
81,81,1.0,0.3,0.5189300411522634,0.8724312390527803,0.00021735481988227777,0.9589717155696539,0.07407407407407407,0.09876543209876543,0.0,0.465,0.5215544333604101,0.13930243512820467,0.08002118450168608,0.024202545110755775,0.00665978734361884,0.6621358207780942,0.15782564090374734,0.003193004330450409,0.6621358207780942,2.1919538901362983,1
76,76,1.0,0.3041666666666667,0.49539473684210533,0.8895409466062163,0.0004545368602325458,0.9547875166002655,0.06592105263157583,0.10526315789473684,0.0,0.38,0.24891770766428983,0.20867542327659,0.13836398995301463,0.04827901118670048,0.01101601626219648,0.2681069720908672,0.14297208563302305,0.015269854268765155,0.2681069720908672,2.1991834048199976,2
75,75,1.0,0.25833333333333336,0.3856666666666666,0.9483447594011647,-0.0005324042277256978,0.8801879861711323,0.06666666666666667,0.08,0.0,0.375,0.3778653832051571,0.17077436983981698,0.09832161009812286,0.11943094494215978,0.00989396908911678,0.35509756608194915,0.11008016548082145,0.0,0.35509756608194915,2.2163915906558533,2
81,81,1.0,0.4583333333333333,0.6599794238683127,0.9243178140226245,0.00021178809377188587,0.9529975318264484,0.08641975308641975,0.12345679012345678,0.0,0.88,0.41833391340426795,0.2073103804826661,0.0932630448426273,0.16794491268731793,0.009647302824377554,0.3967562442721053,0.1859195783274772,0.004445250173099685,0.3967562442721053,2.226403923286909,2
81,81,1.0,0.35,0.47242798353909465,0.8805702192478899,-1.2899128054038117e-05,0.932479674796748,0.07407407407407407,0.09876543209876543,0.0,0.84,0.36665072786730923,0.20950661320962038,0.07319002383114315,0.005,0.3,0.08032660802072736,0.4586219495141568,0.009923966817549543,0.08032660802072736,2.2264729072421297,2
52,52,1.0,0.24166666666666667,0.4693910256410257,0.8758863423115479,-0.00011764104094055494,0.8698529077045635,0.07692307692307693,0.11538461538461539,0.0,0.26,0.46935230137460665,0.13682190925273607,0.10099104265683163,0.053781738753151224,0.07623621686473324,0.2930681625605851,0.1028500846418118,0.00661366554522431,0.2930681625605851,2.250947823903773,2
81,81,1.0,0.35,0.5238683127572016,0.8735001154241604,-0.0006467702694870465,0.9149541764859911,0.07407407407407407,0.1111111111111111,0.0,0.595,0.2809026587959083,0.22144475418733284,0.1305542682309533,0.059770990578208075,0.09032852182699365,0.3209478514982404,0.16394382150715853,0.01735076395259815,0.3209478514982404,2.252945173189392,2
81,81,1.0,0.2833333333333333,0.5011316872427983,0.8770714127461154,-0.00045560419529180163,0.8558405187162117,0.07407407407407407,0.09876543209876543,0.0,0.46,0.2,0.23388623711303608,0.13512462159916336,0.03368504780782984,0.09709580146968202,0.13220217042435767,0.15791599610800844,0.020436800750815734,0.13220217042435767,2.256817940927432,2
81,81,1.0,0.26666666666666666,0.4370370370370371,0.9303369013317205,0.0004844429079773157,0.966120527306968,0.06185185185184893,0.08641975308641975,0.0,0.405,0.3275391784026865,0.19180838078399975,0.11970826272110867,0.11889795336386494,0.006840848167128243,0.5333743816648209,0.15732390967701781,0.008862075552711984,0.5333743816648209,2.2641367636746423,2
77,77,1.0,0.275,0.3477272727272728,0.9392234388378209,0.0011021697269703093,1.0370969498910676,0.06493506493506493,0.09090909090909091,0.0,0.385,0.39884165577867936,0.1675268203312853,0.09359121725680432,0.1587177955334693,0.01088534754924043,0.31607668399957134,0.22854371500824766,0.002389651068679377,0.31607668399957134,2.282726737246003,2
81,81,1.0,0.3888888888888889,0.5654320987654321,0.8810083319349892,0.0010937330993468968,1.0488209606986898,0.07407407407407407,0.09876543209876543,0.0,0.68,0.2,0.2577465978323533,0.13980509367704305,0.028834927619349006,0.09846430764337637,0.1599634269501039,0.15069558735425131,0.019461636414494828,0.1599634269501039,2.304036323480077,1
79,79,1.0,0.2916666666666667,0.39905063291139237,0.9161232740182997,0.00022497010141539898,0.9482137192704203,0.06329113924050633,0.10126582278481013,0.0,0.395,0.5072516545192101,0.14417819644347574,0.07589794075818466,0.018398166999888246,0.006970917402567464,0.5561089888215778,0.13561190750852564,0.0021779462214804135,0.5561089888215778,2.3088543397430166,2
77,77,1.0,0.3,0.5071428571428571,0.8945746957233242,-5.444475946793743e-05,0.9494600938967137,0.065064935064932,0.09090909090909091,0.0,0.385,0.20882548210191343,0.2184435432657144,0.15026494755780284,0.02971138529186726,0.11167332416869603,0.1620327294568121,0.17292258823062384,0.01377751929365028,0.1620327294568121,2.311855533899346,2
81,81,1.0,0.39166666666666666,0.5883744855967079,0.8843732601518346,-0.0005520365516350904,0.8863785918284085,0.07407407407407407,0.1111111111111111,0.0,0.665,0.22702670405465616,0.24761311725447915,0.13112069204867038,0.03201704754828289,0.0877555515245562,0.3180406095235854,0.2619879038544104,0.014392246816191232,0.3180406095235854,2.3336776124130503,2
81,81,1.0,0.325,0.5546296296296296,0.8726211187564507,-0.0005149904453329412,0.8536324429604896,0.07407407407407407,0.09876543209876543,0.0,0.485,0.5522024481919453,0.1316703939418853,0.08013031742806548,0.027801722045158628,0.006613639672848174,0.5050140220177599,0.11914236980872729,0.00785506869409779,0.5050140220177599,2.3608362460347943,2
77,77,1.0,0.26666666666666666,0.554004329004329,0.8742245451568971,-0.0009497529724967701,0.825981474246272,0.07792207792207792,0.09090909090909091,0.0,0.385,0.5271023138984867,0.1318298451987971,0.08472124102585563,0.0274129482163985,0.006218813774627875,0.5046879148019696,0.11239360529294685,0.004108692655639688,0.5046879148019696,2.3679072472739393,2
28,28,1.0,0.275,0.4741071428571429,0.8961006417224417,-0.002728515925987946,0.8790285624607659,0.10714285714285714,0.17857142857142858,0.0,0.14,0.41548577660349256,0.13897941335265,0.0975084668901566,0.005192870443641472,0.1808313985860439,0.07065687410445012,0.2492636393962422,0.0015330364433037377,0.07065687410445012,2.371560874941109,2
29,29,1.0,0.2833333333333333,0.3594827586206896,0.8912771419718172,0.0019217235929423232,1.0222482014388488,0.10344827586206896,0.13793103448275862,0.0,0.145,0.21893015908776545,0.1854419878856956,0.13637359128932144,0.053522159203067146,0.014051132707636582,0.2184088703606863,0.12847874295631184,0.004710722212152631,0.2184088703606863,2.3817386068642405,2
59,59,1.0,0.20833333333333334,0.37768361581920906,0.932418518827119,-4.6460514330969334e-05,0.9175155821490898,0.06779661016949153,0.1016949152542373,0.0,0.295,0.3241364082667262,0.17415177409029925,0.10887234145422843,0.005,0.2271871829531011,0.06596172891909151,0.29195872486209734,0.0,0.06596172891909151,2.391356475413388,2
76,76,1.0,0.27083333333333337,0.3642543859649124,0.9347071649554741,-5.8812403617574156e-05,0.9703782861729882,0.06578947368421052,0.07894736842105263,0.0,0.38,0.2948844068405799,0.2002762725378237,0.10252683972817873,0.005,0.08414867015540561,0.034703662279066114,0.28607343593008994,0.0013641555421832873,0.034703662279066114,2.3927527956616492,2
81,81,1.0,0.36666666666666664,0.5224279835390947,0.8805706983054905,-0.0003461521551380936,0.9439930418800053,0.07407407407407407,0.08641975308641975,0.0,0.68,0.2794936495283553,0.23433380556439326,0.1423263025985352,0.03711868808196649,0.006860776098530784,0.5625550135935515,0.05007331764415194,0.01843742707619429,0.5625550135935515,2.3936975214769305,2
81,81,1.0,0.30833333333333335,0.46440329218106996,0.9135070870751382,-0.00011754880613988924,0.9321747156993058,0.06185185185184893,0.08641975308641975,0.0,0.46,0.392610003774927,0.17484221256576826,0.10137382298277482,0.12683163041658785,0.007565573475166478,0.34839921932937606,0.08916464521354653,0.0,0.34839921932937606,2.3976810549048473,2
81,81,1.0,0.43333333333333335,0.641872427983539,0.8928985182978634,0.0006903214232056102,0.959031762568788,0.08641975308641975,0.1111111111111111,0.0,0.545,0.3244415617304589,0.20727312227693095,0.14194410394206072,0.0467026123516559,0.006921403443212696,0.7094721576802163,0.08204260532335562,0.01667679735464191,0.7094721576802163,2.401643512710277,2
37,37,1.0,0.25,0.3966216216216217,0.8735977520042297,-0.00142055068989045,0.8851405451448041,0.08108108108108109,0.13513513513513514,0.0,0.185,0.3612453733683525,0.149187242990665,0.15177272566795028,0.11934668117028158,0.027054310379905855,0.5772118311987106,0.05790596542571134,0.010005170542813739,0.5772118311987106,2.4106607918442915,2
81,81,1.0,0.43333333333333335,0.638888888888889,0.8942679803549661,-0.0004019773828622459,0.9264492753623188,0.08641975308641975,0.1111111111111111,0.0,0.465,0.49495149845441616,0.14999128176885318,0.0961461294325309,0.017969129403586602,0.006394705072237898,0.5812905719421861,0.18434695953433955,0.0030611174960737167,0.5812905719421861,2.4335481115060293,2
81,81,1.0,0.32222222222222224,0.4912208504801099,0.8672950850219442,0.0002716129608864481,0.9367771261906978,0.07407407407407407,0.09876543209876543,0.0,0.59,0.3614902628414139,0.1970701957845224,0.09803854198510022,0.005,0.28637775946431204,0.06868081052057316,0.44243291126440587,0.011342144565271703,0.06868081052057316,2.442256813244567,1
21,21,1.0,0.25833333333333336,0.2880952380952381,0.9038331067757741,0.0018089714540141988,1.0038154269972452,0.09523809523809523,0.19047619047619047,0.0,0.105,0.34033458145671147,0.14674966749496177,0.12242505115929317,0.005,0.20026215364482686,0.07651615496067132,0.28716195826178,0.00948400715336366,0.07651615496067132,2.4495007539046467,2
81,81,1.0,0.4,0.7935185185185186,0.9186540027474178,0.00010032108202842773,0.862140866070271,0.08641975308641975,0.12345679012345678,0.0,0.55,0.3505647013574035,0.20110521995085173,0.13681154410949092,0.10856086198669962,0.01661694770461299,0.6219528764584289,0.06920540579426668,0.0,0.6219528764584289,2.45134585964263,2
81,81,1.0,0.3111111111111111,0.7854595336076817,0.8863272951901965,0.0003546148401156214,0.8358217875577292,0.08641975308641975,0.13580246913580246,0.0,0.63,0.3590235634645644,0.20135418458313614,0.16266729089807305,0.02185677878450099,0.06789442159265793,0.39766993035485476,0.3649912802553864,0.010648403409220054,0.39766993035485476,2.456933004416458,1
81,81,1.0,0.2833333333333333,0.4300411522633744,0.9184270622881578,-0.0004191545023279332,0.9582934609250398,0.06172839506172839,0.08641975308641975,0.0,0.735,0.2,0.24561673411692436,0.10899596858467088,0.005,0.05187339730557899,0.04849946114484017,0.11282552638709764,0.003722283776116652,0.04849946114484017,2.46866043514059,2
52,52,1.0,0.21666666666666667,0.3572115384615385,0.8995459874115697,0.0014034766479547715,0.9809925975773893,0.07692307692307693,0.09615384615384616,0.0,0.26,0.5444209311289987,0.12206938030355063,0.06385268316228164,0.02783144775845678,0.008272342021483043,0.5280667161912393,0.14997735159134562,0.005261263001639391,0.5280667161912393,2.4725242333924853,2
81,81,1.0,0.44166666666666665,0.7579218106995885,0.9287840087387118,0.000647027013869833,0.9295180082349215,0.08641975308641975,0.12345679012345678,0.0,0.66,0.47664154100324607,0.18273550814757084,0.11556371389167952,0.05736201194099814,0.09937513119136229,0.31301065712666815,0.1470416765770455,0.0010826089171166702,0.31301065712666815,2.477748468899958,2
79,79,1.0,0.31666666666666665,0.4618143459915611,0.8937362255650193,-6.043306152533141e-05,0.9551385716461093,0.06329113924050633,0.10126582278481013,0.0,0.395,0.5805014417647568,0.11832759267473332,0.07941609787013122,0.017256554458550948,0.006663921627691979,0.6411694682908146,0.1700666539775894,0.004789175655470388,0.6411694682908146,2.4858726606122294,2
81,81,1.0,0.4666666666666667,0.6334362139917695,0.9227212289359188,-0.0003167645534181612,0.8975895999133777,0.08641975308641975,0.1111111111111111,0.0,0.745,0.43802675591297335,0.1903786544386366,0.08825058346392747,0.008748546343301817,0.008412791726356977,0.7511062799170131,0.25033014542172205,0.0008456842632996067,0.7511062799170131,2.486299848886072,2
81,81,1.0,0.25833333333333336,0.4648148148148148,0.874229464066805,0.00047900251557933917,0.9738224878264717,0.07407407407407407,0.08641975308641975,0.0,0.425,0.3466129288347062,0.19003731907038207,0.1255708452672771,0.09815452175992151,0.030771478454331383,0.55790286562995,0.07711206929994141,0.013056256255965841,0.55790286562995,2.5017752527540975,2
81,81,1.0,0.3416666666666667,0.4663580246913579,0.8696651697553692,0.00016466530304215328,0.9295372821530997,0.07407407407407407,0.09876543209876543,0.0,0.49,0.5310935619352044,0.14111965202957902,0.07530845657827039,0.03973526059079827,0.006062325460072794,0.7003015620720914,0.15342199392256778,0.013944316247764241,0.7003015620720914,2.5173130311393774,2
81,81,1.0,0.2916666666666667,0.4065843621399177,0.917685474279933,-8.002943905487666e-05,0.9794399460188934,0.06172839506172839,0.08641975308641975,0.0,0.645,0.2,0.24470153058214217,0.10271517895826324,0.005,0.18653317879860962,0.040764401439936954,0.22537102978689127,0.0,0.040764401439936954,2.553061169011125,2
81,81,1.0,0.25,0.39794238683127575,0.9199342781741757,0.00044172668075920365,0.9591899345053432,0.06172839506172839,0.09876543209876543,0.0,0.465,0.3813143670869673,0.18096371431762753,0.08976670888207842,0.1846203353173711,0.009320249619548228,0.3313614334493846,0.1980637385866304,0.00022833169817129125,0.3313614334493846,2.5605621869820356,2
81,81,1.0,0.475,0.6145061728395063,0.9329342810831062,3.299466430384915e-05,0.941970952620124,0.0741975308641946,0.12345679012345678,0.0,0.8,0.39336954618117526,0.20034169933916934,0.08110049080192204,0.1700511389036417,0.009205601761530516,0.18693755900711725,0.22526620214238569,0.0,0.18693755900711725,2.565892582065195,2
35,35,1.0,0.175,0.2830952380952381,0.9615210954609537,0.0010111441372226335,0.9679555649004765,0.08571428571428572,0.11428571428571428,0.0,0.175,0.46796365548894414,0.13399978095204143,0.08047343681688256,0.0248478064941713,0.007462066525848846,0.48440031234529496,0.15624841557031136,0.0,0.48440031234529496,2.5663607335273126,2
81,81,1.0,0.31666666666666665,0.5306584362139919,0.8647577819645864,-0.0001845967672929792,0.8567655421998192,0.07407407407407407,0.09876543209876543,0.0,0.435,0.2640964729151484,0.2143407943553866,0.14049514857704754,0.038021773682981576,0.08633787424006538,0.47833676716660495,0.1803412911294845,0.021722830804553696,0.47833676716660495,2.5741114832274454,2
81,81,1.0,0.44166666666666665,0.7298353909465021,0.9103202691916125,-0.00014259167993979036,0.8811159665444978,0.08641975308641975,0.13580246913580246,0.0,0.81,0.2,0.26663531048480704,0.14211104200287616,0.006161932046832821,0.051842081634994264,0.06067281745859039,0.08470170891664944,0.005069238435050444,0.06067281745859039,2.5850455941573762,2
81,81,1.0,0.475,0.7170781893004117,0.9464623480641617,-9.320391147184724e-05,0.9170612147297942,0.08641975308641975,0.13580246913580246,0.0,0.87,0.49675474006516285,0.18443001728157948,0.09368101019621188,0.030202019375329427,0.05830261612857089,0.5695110111271496,0.1570358854636786,0.00043858328707937594,0.5695110111271496,2.5986676106667765,2
81,81,1.0,0.43333333333333335,0.6914609053497942,0.8935967998021758,-0.000369182733237231,0.9117392005157963,0.08641975308641975,0.12345679012345678,0.0,0.82,0.33684883215448924,0.22074689055163943,0.1008114827034833,0.005,0.3,0.05896250948417632,0.4190925301956532,0.0033418137177794365,0.05896250948417632,2.6028878507416344,2
74,74,1.0,0.3416666666666667,0.5496621621621621,0.852871465502286,6.925246325584062e-05,0.9099636345011267,0.08108108108108109,0.10810810810810811,0.0,0.37,0.3682441452088252,0.18697913516511644,0.12100054908784624,0.00518773384244463,0.3,0.06952601639054096,0.45962108726065587,0.01532028031929367,0.06952601639054096,2.6492860599639307,2
21,21,1.0,0.175,0.3765873015873015,0.9004517892057166,0.0011070741945474675,0.974182472778363,0.09523809523809523,0.19047619047619047,0.0,0.105,0.3663363628443533,0.15523821275716299,0.09161706979695561,0.14935080433497233,0.00787115112272758,0.3242233450909799,0.1624564364528918,0.0,0.3242233450909799,2.650559563907024,2
81,81,1.0,0.4583333333333333,0.5865226337448559,0.9085803369988693,-0.0008344363360620393,0.8915101151844705,0.07407407407407407,0.12345679012345678,0.0,0.82,0.3019784725600645,0.23034874645468223,0.0928423205953267,0.005223702777260394,0.15024481983627866,0.02939510901880201,0.15521051663383134,0.0,0.02939510901880201,2.666773882345573,2
43,43,1.0,0.26666666666666666,0.4211240310077518,0.8632704910151504,-0.00108833451746714,0.8928021935879737,0.09302325581395349,0.11627906976744186,0.0,0.215,0.2,0.19700861003444464,0.15301496763271247,0.04168016622003335,0.01580669303641614,0.3016312042527611,0.14955651705425893,0.003682680679483093,0.3016312042527611,2.6672683583185357,2
58,58,1.0,0.22916666666666669,0.5461206896551725,0.8626582124189195,-0.0003779917719811728,0.8280274927650617,0.08620689655172414,0.10344827586206896,0.0,0.29,0.3996481864768736,0.16047780693512048,0.10596287980376969,0.03676039471865896,0.052121701486043504,0.36660033249975466,0.14771742932310383,0.006925448635054152,0.36660033249975466,2.672869137002712,2
11,11,1.0,0.19166666666666668,0.27045454545454545,0.932803909560574,-0.000470125656806159,0.9770098039215688,0.09090909090909091,0.18181818181818182,0.0,0.055,0.21491632928427212,0.18410794340053266,0.10102485994026082,0.005,0.21444130205414566,0.043111754815156625,0.2304319505505682,0.0,0.043111754815156625,2.67566174595915,2
37,37,1.0,0.30833333333333335,0.5364864864864867,0.8712249897486002,0.0006486650092832528,0.9159235936188075,0.10810810810810811,0.16216216216216217,0.0,0.185,0.4026872379282466,0.12993412007542401,0.15237079533757295,0.02233333526970424,0.05405666055013281,0.45948594834247153,0.2974236441848658,0.010769569682830857,0.45948594834247153,2.6817024281394257,2
81,81,1.0,0.25833333333333336,0.43991769547325105,0.9080405553403785,9.775233340594927e-06,0.9544402868724664,0.06172839506172839,0.08641975308641975,0.0,0.46,0.36219774138404137,0.18357024425072882,0.1026606898667584,0.005,0.169922368087783,0.07560858632954359,0.25073029139308317,0.0005831111790616975,0.07560858632954359,2.6837209395382464,2
30,30,1.0,0.20833333333333334,0.3097222222222221,0.9366324079744976,-0.00043634435302204684,0.9461696562032885,0.06666666666666667,0.13333333333333333,0.0,0.15,0.23521529999471658,0.1936075195241856,0.10598417668542656,0.041423291134992955,0.010494209374760366,0.31829977126327963,0.14272189516436498,0.009391730882340852,0.31829977126327963,2.71590694290617,2
29,29,1.0,0.19166666666666668,0.41867816091954024,0.9022253920655612,-0.0018517350975746864,0.8949616792495997,0.10344827586206896,0.13793103448275862,0.0,0.145,0.2903483179724754,0.16735472393409007,0.11832937157709507,0.08872797405296147,0.008920197329299918,0.48732092221525886,0.09508534968980775,0.009695138050260892,0.48732092221525886,2.7281500821681757,2
81,81,1.0,0.25,0.3415637860082304,0.9497549886245554,0.0005029808276269465,0.9947791164658636,0.06172839506172839,0.08641975308641975,0.0,0.465,0.3201738178612077,0.19931936184855514,0.0838533371921485,0.00812099425412056,0.19869207330879543,0.04462604940831177,0.2562835662939326,0.0012531917090521942,0.04462604940831177,2.745250511812094,2
81,81,1.0,0.34444444444444444,0.6456790123456789,0.8561362734257802,0.0003435678115431116,0.9295496069683451,0.08641975308641975,0.09876543209876543,0.0,0.685,0.25774817177364023,0.24761777258672707,0.12603338841168377,0.04264112906928916,0.09070342146829177,0.35697586253303465,0.20404715196898782,0.019663594046360162,0.35697586253303465,2.745531253005645,1
81,81,1.0,0.4666666666666667,0.7190329218106996,0.9337440725204174,7.0223916555424405e-06,0.8939618209567415,0.08641975308641975,0.1111111111111111,0.0,0.59,0.2,0.24962547980678312,0.14349572765200927,0.01055562322167042,0.09886739607111618,0.07716718091282199,0.07151241215855128,0.0,0.07716718091282199,2.7462834027670966,2
81,81,1.0,0.2833333333333333,0.3808641975308642,0.9114170130214048,-0.0004064456711130584,0.8998730415991356,0.06172839506172839,0.09876543209876543,0.0,0.73,0.45753315864831007,0.1770448662557958,0.058647626264705904,0.027596194776778472,0.008505516939106847,0.5733626158814171,0.14412093781798319,0.0,0.5733626158814171,2.7702835939489585,2
24,24,1.0,0.225,0.3222222222222222,0.878442444132552,2.5590305551061558e-05,0.9572701149425286,0.08333333333333333,0.16666666666666666,0.0,0.12,0.23694901911923982,0.18927272490199953,0.11836637715119143,0.00950200328452588,0.0592201945581067,0.04884811702647899,0.08599013627655056,0.002011159487927561,0.04884811702647899,2.783674156401922,2
62,62,1.0,0.24583333333333335,0.3454301075268817,0.9236557615705216,-0.0008843079233292083,0.8988002594033724,0.06451612903225806,0.0967741935483871,0.0,0.31,0.2,0.21906560628545957,0.11595836505568437,0.008925787450250923,0.0738145013350336,0.10996780667734882,0.05,0.00474935747156642,0.10996780667734882,2.785230889028205,2
78,78,1.0,0.31666666666666665,0.5004273504273505,0.8730316471052466,-0.0006184042648896849,0.9045231995445489,0.06423076923076619,0.11538461538461539,0.0,0.39,0.2974398115947976,0.19626577801856365,0.12060966534273772,0.005,0.3,0.08407147548625563,0.43008374930918053,0.014401534569712432,0.08407147548625563,2.803977560692221,2
81,81,1.0,0.31666666666666665,0.5818930041152263,0.856562485449794,-0.0003024969283656359,0.8998208392267798,0.07407407407407407,0.09876543209876543,0.0,0.67,0.2903459974755437,0.22899902945705908,0.11845175753866667,0.04737874262709097,0.011176825390667458,0.46901373228619914,0.08160803099165652,0.024595393480217914,0.46901373228619914,2.807340287420654,2
81,81,1.0,0.2833333333333333,0.39218106995884777,0.9143495460229641,0.0007366196258946321,1.0169324938789785,0.06172839506172839,0.07407407407407407,0.0,0.575,0.3796832773669363,0.1892625911775691,0.0873664376156067,0.11352705671320151,0.00573266873748044,0.4546957119463649,0.08186148031154598,0.005525232102805769,0.4546957119463649,2.8376059357445875,2
81,81,1.0,0.3333333333333333,0.5584362139917696,0.8510656002986079,6.391739085475093e-06,0.9298722672562023,0.07407407407407407,0.1111111111111111,0.0,0.495,0.26616990206298524,0.22397434497936658,0.14529573753467723,0.03813375054664038,0.07605380560509739,0.41860402833248767,0.21820083771330184,0.024219751731774323,0.41860402833248767,2.8603943944124515,2
81,81,1.0,0.30833333333333335,0.46851851851851845,0.8520382469649294,0.0004309654812307946,0.94588713219148,0.07407407407407407,0.1111111111111111,0.0,0.535,0.2,0.23857129568660912,0.14440259227845123,0.034787829872597285,0.11202486507832113,0.17645164825681123,0.20321126609139323,0.0258713966126847,0.17645164825681123,2.862358488652183,2
17,17,1.0,0.28888888888888886,0.4287581699346405,0.9228122230428117,-0.00021014132687345016,0.9662330623306234,0.11764705882352941,0.17647058823529413,0.0,0.085,0.2,0.163150860334194,0.17312903723107168,0.040911279947879804,0.02669972467083839,0.40115069728788255,0.08513336970342981,0.0,0.40115069728788255,2.87043602137335,1
41,41,1.0,0.2,0.43875338753387527,0.87305328859091,-0.0003331079252624062,0.9182204378560153,0.0975609756097561,0.12195121951219512,0.0,0.205,0.34553608811550307,0.1600269031073038,0.10968119438470521,0.11832050133466926,0.007489710999757211,0.48180985026107664,0.13348954785240802,0.0,0.48180985026107664,2.8819327205540657,1
81,81,1.0,0.2777777777777778,0.4762688614540466,0.860169020469456,0.00021749355360406138,0.9325448028673835,0.07407407407407407,0.08641975308641975,0.0,0.415,0.3030979235972655,0.19904051991093458,0.13404423462346404,0.04653437432254551,0.007027208073800884,0.611700898721497,0.07993044106446823,0.021228305301482963,0.611700898721497,2.8822187855967343,1
81,81,1.0,0.2833333333333333,0.4257201646090535,0.8964931275723532,0.0006567959708699622,0.943160141775415,0.06172839506172839,0.08641975308641975,0.0,0.5,0.5127577144038153,0.14698128836987123,0.07323255701851807,0.023218457432219185,0.007989703833333969,0.6034041720509995,0.1471201159010307,0.0014433623372084722,0.6034041720509995,2.8863169912436906,2
81,81,1.0,0.375,0.5553497942386831,0.8605188993830551,0.00022239823250133937,0.9277504013832284,0.07407407407407407,0.09876543209876543,0.0,0.65,0.23430101440555576,0.24226170789397083,0.15505003318459853,0.03539469496612601,0.08872660877385449,0.5013011723887463,0.19568181639686094,0.022884837630026012,0.5013011723887463,2.9025350631286906,2
27,27,1.0,0.2833333333333333,0.3324074074074074,0.8737312386107593,0.0009089537193263051,0.975294800371402,0.07407407407407407,0.1111111111111111,0.0,0.135,0.2,0.19431322470758278,0.11531230201923069,0.005,0.058245351418543846,0.07926948919252938,0.09782810393410266,0.0,0.07926948919252938,2.9046549897844494,2
81,81,1.0,0.3416666666666667,0.436522633744856,0.8964361157045849,-3.974977007291096e-05,0.9767756697305366,0.06172839506172839,0.08641975308641975,0.0,0.6,0.3404435655068221,0.2021092781651349,0.0907228043825451,0.005934058664842517,0.3,0.07229420369039172,0.46610194509850716,0.011256059923212922,0.07229420369039172,2.9101663848828365,2
81,81,1.0,0.3,0.4226337448559671,0.8932784640222433,-0.000524795445895718,0.8838721194417396,0.06172839506172839,0.09876543209876543,0.0,0.815,0.399828612854574,0.19496400639840583,0.06508279545865076,0.14235976759189226,0.013142168241898589,0.3118799055553681,0.24419028436797474,0.010720588827624111,0.3118799055553681,2.9207191300263307,2
81,81,1.0,0.31666666666666665,0.37222222222222223,0.9145668004228964,0.0007015210714264126,1.0109812050856828,0.06172839506172839,0.07407407407407407,0.0,0.915,0.41404849691536194,0.19384637869628063,0.048567758262340506,0.18690842466387492,0.009601657413742108,0.286067334281679,0.23622392675157772,0.002624973181171735,0.286067334281679,2.95988582466304,2
81,81,1.0,0.44166666666666665,0.714917695473251,0.8930001772794521,-0.0003872192950730029,0.9294141842951024,0.08641975308641975,0.1111111111111111,0.0,0.88,0.2328921369732878,0.2776214729478932,0.10877639373596922,0.030691378506726298,0.08256086514181903,0.38566800821336855,0.15126016536443881,0.016375401225392584,0.38566800821336855,2.963365044995658,2
71,71,1.0,0.2833333333333333,0.5309859154929578,0.8577357801891009,-0.0007267744676265811,0.9015296198054819,0.07042253521126761,0.09859154929577464,0.0,0.355,0.2150053161258376,0.21652447628824545,0.1435255600192525,0.03419726848787933,0.015228769569568023,0.2527717908186289,0.11497292622376172,0.009970956356394934,0.2527717908186289,2.978426686029912,2
81,81,1.0,0.31666666666666665,0.5274691358024691,0.8546877769914674,-0.00094720504872141,0.8433572264482153,0.07407407407407407,0.09876543209876543,0.0,0.485,0.34634870413361196,0.2021043372304504,0.13228571615405735,0.04979763808739518,0.0076581839689255785,0.7740940795959445,0.05,0.026312386971159226,0.7740940795959445,2.9799187199103643,2
62,62,1.0,0.3041666666666667,0.4247311827956989,0.8829497906850252,-0.001065927375692132,0.878059071729958,0.06451612903225806,0.0967741935483871,0.0,0.31,0.3939934909745734,0.16286621897471965,0.11814031488036059,0.14340867999159784,0.007104904291262105,0.44271755789370715,0.12171305738906643,0.003010181321279029,0.44271755789370715,2.980619440338698,2
81,81,1.0,0.24444444444444444,0.43484224965706453,0.8979305453786723,0.00043247965052783694,0.9427620049071155,0.06172839506172839,0.08641975308641975,0.0,0.545,0.256148537037136,0.21900507789071655,0.1020099290640966,0.005299455678098232,0.15789112594480703,0.03882636080150077,0.2594353571264013,0.0,0.03882636080150077,2.9933490507826552,1
81,81,1.0,0.38333333333333336,0.6444444444444445,0.8512155820013448,-0.00023236914621223837,0.9428352490421456,0.08641975308641975,0.12345679012345678,0.0,0.795,0.22017423600073585,0.26387868032410233,0.13586433811910167,0.03652964693653086,0.08795395910375868,0.4165383036357565,0.19862740822501418,0.01853092222981389,0.4165383036357565,2.9970981768483482,2
57,57,1.0,0.39166666666666666,0.7845029239766081,0.9119627033624746,0.0009998347416905649,0.9058957634488757,0.10526315789473684,0.17543859649122806,0.0,0.285,0.2,0.21550285871904523,0.16581478917908443,0.045329927243165175,0.015034565131302653,0.3669011355376639,0.16705897421544844,0.005036575210111363,0.3669011355376639,3.0122502103669895,2
81,81,1.0,0.25833333333333336,0.3578189300411523,0.9137669031474102,0.0002306673742305377,0.9751571784550507,0.06172839506172839,0.08641975308641975,0.0,0.455,0.3640589423179729,0.17911733937963076,0.10200179513079893,0.00554685317977773,0.23519304067820226,0.07433954594613432,0.2808632579417204,0.002657400117010153,0.07433954594613432,3.0291788396505877,2
81,81,1.0,0.39166666666666666,0.5804526748971194,0.865987791416055,-0.0007776612493360043,0.8605453149001536,0.07407407407407407,0.09876543209876543,0.0,0.485,0.2,0.23385558497564723,0.14553400308018777,0.025134011135160447,0.10006814977557102,0.09912999031003057,0.1657917259085112,0.01917155160455376,0.09912999031003057,3.0345269615232526,2
81,81,1.0,0.30833333333333335,0.41934156378600823,0.8783525586226286,-8.572640329513278e-05,0.9149133137062481,0.06172839506172839,0.12345679012345678,0.0,0.645,0.314786218836217,0.218014277214174,0.097587100195266,0.041194408891285186,0.005,0.7284588983652734,0.0998038004818892,0.022984097041074056,0.7284588983652734,3.0515596006630643,2
41,41,1.0,0.2111111111111111,0.29376693766937667,0.9148796248149959,-0.0014373816355520367,0.957917179171792,0.07317073170731707,0.0975609756097561,0.0,0.205,0.2579699371768311,0.19848503824883246,0.10818622459082454,0.028107165605675437,0.0524375342062926,1.0,0.10216970585334242,0.0,1.0,3.058983788554056,1
81,81,1.0,0.4083333333333333,0.7424897119341565,0.877452338159035,0.0002652859150944366,0.8433918756639415,0.08641975308641975,0.12345679012345678,0.0,0.445,0.34635318373034446,0.19138531063770337,0.1576140582922989,0.018350602618319986,0.0892526030841327,0.35155059031962516,0.37215706204022847,0.01572378785381519,0.35155059031962516,3.068609138763195,2
81,81,1.0,0.35833333333333334,0.5185185185185184,0.8537842358202133,-0.00036014700018495064,0.9103174603174603,0.07407407407407407,0.09876543209876543,0.0,0.465,0.2,0.23507465277993078,0.14657215532991208,0.02567433462619992,0.0893451314718853,0.12401295737875344,0.13195182656797336,0.02346516788293713,0.12401295737875344,3.0721733005859293,2
81,81,1.0,0.31666666666666665,0.5638888888888889,0.8525548710519076,-0.0007726692691938737,0.8243992884510126,0.07407407407407407,0.09876543209876543,0.0,0.485,0.2509033445660087,0.21952833149856588,0.14177083665988888,0.03570342662099796,0.019458405980619813,0.30021302314968806,0.1222924040007778,0.010441996309750677,0.30021302314968806,3.072873821007311,2
81,81,1.0,0.45,0.7536008230452674,0.9071544654771951,-0.0005652105585264478,0.843410125142207,0.08641975308641975,0.12345679012345678,0.0,0.53,0.33635750578847323,0.20594421365726118,0.17144302371082132,0.02060609989753338,0.0504886952455968,0.3352732835388089,0.38033157997185213,0.0068481762015248585,0.3352732835388089,3.103447267242732,2
81,81,1.0,0.49166666666666664,0.6296296296296298,0.9060434480892894,0.00023892902358562502,0.9565359477124183,0.08641975308641975,0.12345679012345678,0.0,0.99,0.3516818808514265,0.24146432088101483,0.0743208230774781,0.015383219630874894,0.008239991988222579,0.683975360418567,0.28948580289060544,0.005941818417674777,0.683975360418567,3.1078579652232183,2
81,81,1.0,0.425,0.7460905349794238,0.8838537551371717,-6.227183466645107e-06,0.8695182938040084,0.08641975308641975,0.12345679012345678,0.0,0.465,0.34116560162336995,0.2016405626759103,0.16899600863438985,0.024027532638940988,0.08301493980678716,0.4809794838549287,0.3752853587571051,0.010026777555439775,0.4809794838549287,3.115411667423003,2
61,61,1.0,0.225,0.35423497267759557,0.9068266695910042,0.0007946155934971288,0.9818585293739556,0.06557377049180328,0.08196721311475409,0.0,0.305,0.3505531018440866,0.17681645297224435,0.09144339428447103,0.005,0.15230075577079505,0.10107401358516496,0.2716752454715767,0.001381853982401092,0.10107401358516496,3.1199833852578704,2
81,81,1.0,0.43333333333333335,0.4395061728395061,0.9231139921884606,0.0007095382821536624,1.0267665418227216,0.06172839506172839,0.09876543209876543,0.0,1.0,0.7027908150810014,0.11164127320156172,0.0,0.010502033513108166,0.04009121627997304,0.8676851892312936,0.47467616631784565,0.007116841217381659,0.8676851892312936,3.119997326911545,1
81,81,1.0,0.4444444444444444,0.6829903978052126,0.8760493297353369,0.0007203704287802146,0.9222867153154359,0.08641975308641975,0.12345679012345678,0.0,0.455,0.5631998194620291,0.12699656658452035,0.09755769736414803,0.04357390465797771,0.006203084271730813,0.5394222820620217,0.2125388866615186,0.000769149325609736,0.5394222820620217,3.146718074800183,1
81,81,1.0,0.3,0.3792181069958848,0.8958275965486607,0.00023897599761076873,0.9522074516187374,0.06172839506172839,0.08641975308641975,0.0,0.485,0.3486062132000217,0.19258097903413568,0.08758940009538249,0.005,0.2219353442746457,0.1136916517676252,0.4491682797956609,0.013888110016113559,0.1136916517676252,3.1512677934405384,2
81,81,1.0,0.36666666666666664,0.8492798353909464,0.9132561341311691,-0.0005414823663411744,0.8324020795477489,0.09876543209876543,0.13580246913580246,0.0,0.52,0.3395204687317359,0.20743898177979903,0.15221473708940955,0.19539403521146675,0.02228174186799519,0.48286136946045055,0.06769416899426588,0.0,0.48286136946045055,3.1626748300426564,2
81,81,1.0,0.35,0.5068930041152263,0.8458859761056174,0.0008932095602105724,1.016350551383533,0.07407407407407407,0.09876543209876543,0.0,0.7,0.2,0.2601274701720858,0.13406366236896491,0.040614928868506865,0.08464911656855076,0.5291330724258239,0.22600781273883302,0.026632706427411987,0.5291330724258239,3.194966082310545,2
52,52,1.0,0.23888888888888887,0.41880341880341876,0.849872769770642,0.0007941747983431795,0.9487528344671203,0.07692307692307693,0.11538461538461539,0.0,0.26,0.4521184323580458,0.14507826408459626,0.10132864683915069,0.036840890259540064,0.013155229734447776,0.25887315352606144,0.17096046582083813,0.02037039896655197,0.25887315352606144,3.2093431890625954,1
28,28,1.0,0.22083333333333333,0.3416666666666667,0.8750191683101851,-0.0009295718789853204,0.9457723577235775,0.07142857142857142,0.14285714285714285,0.0,0.14,0.2,0.1800831262667441,0.13634772770247225,0.007615331984777097,0.07377706791440904,0.05004088142070955,0.0932646076735844,0.0,0.05004088142070955,3.2162833868648693,2
81,81,1.0,0.39166666666666666,0.5529835390946503,0.8506893666954832,0.0003937478011982345,0.977019379844961,0.0741975308641946,0.1111111111111111,0.0,0.78,0.3007417145836295,0.24525585048732623,0.12419411352859472,0.04856851830619967,0.005575663022630572,0.5982319241404261,0.08550618940998804,0.02775489822084486,0.5982319241404261,3.230170914556292,2
81,81,1.0,0.4166666666666667,0.5997942386831276,0.8628945451406144,-0.00022195111365719224,0.9176529445397369,0.0741975308641946,0.1111111111111111,0.0,0.86,0.2,0.2712314724074494,0.11521368931632461,0.03569504982705794,0.0722630684473953,0.17354008539109292,0.13403256438959027,0.02273808136543584,0.17354008539109292,3.2349322516777352,2
30,30,1.0,0.175,0.3225,0.9126815005535385,0.0014289455913887117,0.9765137812230836,0.1,0.1,0.0,0.15,0.36149299229928733,0.15792557961886491,0.09877425767460446,0.01375166970558389,0.011549391759508911,0.803994982412565,0.2210744397693905,0.0016393405713795274,0.803994982412565,3.2394694208312647,2
36,36,1.0,0.3111111111111111,0.49876543209876545,0.8690921465855552,-0.0016311432921552258,0.8801870187018703,0.1111111111111111,0.16666666666666666,0.0,0.18,0.2,0.20170542573360406,0.1335903950004592,0.12204395313666518,0.006994385958587805,0.5576604120608727,0.2539337673349594,0.009708615758289695,0.5576604120608727,3.255153372962923,1
19,19,1.0,0.16666666666666666,0.437719298245614,0.897987461981594,-0.0022363839736855005,0.8717401469605878,0.10526315789473684,0.15789473684210525,0.0,0.095,0.3245307641076005,0.13974918901800057,0.14259395593370297,0.17502338358781586,0.032655404282907356,0.5643419590150914,0.0651088014327024,0.00834883512376525,0.5643419590150914,3.2599888863553312,2
81,81,1.0,0.38333333333333336,0.8267489711934156,0.9019312028714052,-2.7351006812810274e-05,0.8650555832088934,0.09876543209876543,0.12345679012345678,0.0,0.545,0.3930048276919286,0.19340771000829582,0.14231170562285222,0.10392283371173909,0.023178929290947236,0.47843540705792664,0.05,0.0003070955981115349,0.47843540705792664,3.2653338958953344,2
81,81,1.0,0.24166666666666667,0.42654320987654326,0.8823225521489938,0.0003349419352076578,0.9468330921369996,0.06172839506172839,0.09876543209876543,0.0,0.455,0.42647176072953874,0.1666965878747559,0.09657644039105845,0.03563615035995822,0.048809072089546116,0.3994968118987761,0.1357417454443406,0.0021993739329101525,0.3994968118987761,3.2831375690074975,2
35,35,1.0,0.24166666666666667,0.5573809523809524,0.8848917003098977,-0.0005985275298204077,0.853523779011818,0.11428571428571428,0.14285714285714285,0.0,0.175,0.33459063996699673,0.16066410412481347,0.13910166592460746,0.12260613551276894,0.02500457415606102,0.539200426065594,0.06389846685327101,0.005313672925060812,0.539200426065594,3.288945090481031,2
81,81,1.0,0.4,0.8359053497942386,0.9267648376489585,-0.0010464374969733456,0.7795666666666667,0.09876543209876543,0.12345679012345678,0.0,0.64,0.2781182945300195,0.22815243241427102,0.1463690767675595,0.008191040733308837,0.058258019915505214,0.06763862409849664,0.05,0.0,0.06763862409849664,3.3160942662302664,2
81,81,1.0,0.25,0.38940329218106995,0.8941469487114907,-0.00046365304641071773,0.9464938353148393,0.06172839506172839,0.08641975308641975,0.0,0.5,0.23750928835489366,0.22835184237156675,0.10882019832804815,0.04697416876482717,0.10332222790493564,0.2994566621967346,0.20589715952306104,0.019979043216663536,0.2994566621967346,3.3191620599231384,2
59,59,1.0,0.2,0.40183615819209034,0.8739442051634739,0.0005679693413716551,0.9581649091974227,0.06779661016949153,0.11864406779661017,0.0,0.295,0.3680391530221497,0.17671580560279876,0.09111912586929206,0.008001867154151554,0.010595466559009925,0.5665678637672319,0.20644001706088444,0.007500542901132001,0.5665678637672319,3.3363461546533815,2
81,81,1.0,0.23333333333333334,0.36406035665294934,0.9190761128703078,-0.000863884042127172,0.9245097546680063,0.06172839506172839,0.07407407407407407,0.0,0.67,0.28964448097043727,0.22431211953710645,0.09061051844862729,0.06418383353004165,0.016300748666257386,1.0,0.22294275500257638,0.0,1.0,3.3414216185521024,1
81,81,1.0,0.5,0.6019547325102882,0.9258754595932218,-0.0005817679992530661,0.8994187603258701,0.0741975308641946,0.1111111111111111,0.0,0.625,0.33022484521132256,0.20723151114716848,0.12194668152502243,0.1616871147668403,0.02587283829573293,0.4154667063911975,0.05,0.00015163838568801793,0.4154667063911975,3.347316133261306,2
34,34,1.0,0.32499999999999996,0.5362745098039216,0.8852024526574558,0.0019343501789638958,0.9079280926264472,0.11764705882352941,0.14705882352941177,0.0,0.17,0.2,0.17871832201784493,0.16430685469288733,0.03866103725823028,0.013165776609499214,0.3080256802531242,0.13640493304515955,0.00726518029288845,0.3080256802531242,3.3520389494000726,2
81,81,1.0,0.25,0.3449588477366255,0.8980261178807274,-8.919694024133873e-05,0.9615744606819763,0.06172839506172839,0.09876543209876543,0.0,0.58,0.3139170643182236,0.20855868151590645,0.08372900324611729,0.009236106011835766,0.014794710321276421,0.6077067326935537,0.2383929637136757,0.0,0.6077067326935537,3.358264423546182,2
81,81,1.0,0.475,0.5914609053497942,0.8768686823585266,0.0005915350942431858,0.9501651011770162,0.08641975308641975,0.12345679012345678,0.0,0.76,0.5757449179942751,0.15194548841527966,0.07344128006591456,0.030807616103913877,0.00698870837824134,0.5794531548780267,0.17726718130572067,0.011682186446566446,0.5794531548780267,3.3643751532772836,2
81,81,1.0,0.23333333333333334,0.3896090534979424,0.8878779892838627,0.0007941884587508214,0.970123888742188,0.06172839506172839,0.09876543209876543,0.0,0.415,0.2,0.22298990161887672,0.12265687090191328,0.039499357267654515,0.08317628316701992,0.09301647029782353,0.16542610462460197,0.01446397124074138,0.09301647029782353,3.3668156881947815,2
81,81,1.0,0.25833333333333336,0.3223251028806584,0.9223318174406023,-1.52197868677795e-05,0.9758248217895522,0.06172839506172839,0.07407407407407407,0.0,0.51,0.2,0.23631706201487196,0.09027449060300292,0.007668811870963307,0.18424168879493422,0.03835602562823686,0.2580900497637008,0.0,0.03835602562823686,3.3687289653913957,2
81,81,1.0,0.35,0.7587448559670781,0.8579011082805034,0.0001894825737153624,0.8365395480225989,0.08641975308641975,0.1111111111111111,0.0,0.645,0.272357753307102,0.23991050885239024,0.14832555793563484,0.06161963050970856,0.08367583043124582,0.26246177510847074,0.166107800157799,0.01707058820585032,0.26246177510847074,3.384183749786222,2
81,81,1.0,0.475,0.6991769547325103,0.8851569326503415,0.001259786362981998,0.9920521875613105,0.08641975308641975,0.13580246913580246,0.0,0.775,0.2689283153784035,0.24699765391432021,0.1270622354079892,0.027611984793915127,0.12013305500990795,0.21866083808284598,0.17435652923005573,0.01777627385820582,0.21866083808284598,3.415811191950878,2
81,81,1.0,0.25833333333333336,0.3873456790123457,0.8953534162128671,-0.00021440970308856752,0.9488213811420982,0.06172839506172839,0.07407407407407407,0.0,0.615,0.5144977249213534,0.15065690735191295,0.07205435398119807,0.02402537175154662,0.007216617016401328,0.7176309323741364,0.16234002200038666,0.0,0.7176309323741364,3.4259028988470335,2
20,20,1.0,0.17222222222222222,0.29888888888888887,0.9016477083705488,0.0002154276071404276,0.9858653448988022,0.1,0.15,0.0,0.1,0.2125148506604408,0.18023965162300987,0.11850735125350356,0.012171195292676563,0.09311973888759618,0.08059532662991668,0.11323481202777354,0.0,0.08059532662991668,3.4380181095178646,1
33,33,1.0,0.2833333333333333,0.63989898989899,0.9108534571711819,-0.00048751399477249335,0.9120113128124178,0.12121212121212122,0.15151515151515152,0.0,0.165,0.2866730086316137,0.174943362891274,0.17164392033904893,0.0456000843435246,0.02886516239470942,0.5493952998853092,0.1370202599552468,0.0029134327205673225,0.5493952998853092,3.465588689864579,2
81,81,1.0,0.25833333333333336,0.3777777777777777,0.9008650378700127,-0.0005320631267172861,0.8735511982570806,0.06172839506172839,0.07407407407407407,0.0,0.485,0.27791856178656654,0.2099271492036337,0.09177656449830245,0.005,0.20576066907424892,0.035459379075101695,0.22823266977845041,0.002888994105483313,0.035459379075101695,3.468977951409598,2
81,81,1.0,0.43333333333333335,0.5851851851851851,0.8584848054990507,0.00034094238228464817,0.9358087201125175,0.07407407407407407,0.12345679012345678,0.0,0.895,0.27908107288511735,0.2576702690012378,0.09971601791363519,0.04901565181119588,0.10176079171023428,0.316683079614772,0.16686144847614331,0.02148813276957555,0.316683079614772,3.4727002670519287,2
25,25,1.0,0.3,0.514,0.9004218804660652,-0.0021206835930531595,0.8849092088197148,0.12,0.16,0.0,0.125,0.3104613121476323,0.1519011553177869,0.12919659130934583,0.08108843007054221,0.0076998516524056,0.4876842330092508,0.16850045639015895,0.0,0.4876842330092508,3.491970471986941,2
81,81,1.0,0.21666666666666667,0.35226337448559675,0.9088967944938176,-2.106758108463294e-05,0.9620872274143301,0.06172839506172839,0.08641975308641975,0.0,0.51,0.3792511076499907,0.18656118948293826,0.07636891500696145,0.00516648940488034,0.22415384543571612,0.04255060133095658,0.2601882785036589,0.0,0.04255060133095658,3.496331119322172,2
81,81,1.0,0.28888888888888886,0.44046639231824425,0.8705587677829925,0.00010262690700373278,0.9675694660714903,0.06172839506172839,0.08641975308641975,0.0,0.45,0.2,0.2258866112285059,0.13261320508375798,0.056134612567837985,0.17079970196866076,0.34596014195107316,0.2683333041446256,0.026070714786616118,0.34596014195107316,3.5017979599537106,1
27,27,1.0,0.35,0.47469135802469126,0.8626718686087239,-0.0006593339999579916,0.9380992631122669,0.1111111111111111,0.14814814814814814,0.0,0.135,0.2501743380566146,0.17009557717757184,0.17393486836857203,0.011214028493044594,0.03995718734800693,0.0562287047175626,0.07229815894764707,0.006780197384057874,0.0562287047175626,3.5194090878275195,0
73,73,1.0,0.26666666666666666,0.4496575342465753,0.8501135136436551,0.0003531534283336007,0.96756346788525,0.0684931506849315,0.0958904109589041,0.0,0.365,0.22035904599339814,0.21511243378771688,0.11896436575052767,0.04673341082955422,0.08558443374752805,0.3027273966198345,0.21532074645621313,0.02385243505123125,0.3027273966198345,3.5307590887221347,2
81,81,1.0,0.39166666666666666,0.7015432098765432,0.8518809985315983,-0.0005362380366577257,0.8535023463851004,0.08641975308641975,0.1111111111111111,0.0,0.56,0.31703747416583433,0.21117704139636773,0.13327098319551678,0.037150281563528294,0.005,0.5542697834055406,0.09434969225140111,0.02057426688240888,0.5542697834055406,3.5485952298899774,2
81,81,1.0,0.4222222222222222,0.406721536351166,0.9078505977482408,0.0003690087920768565,1.001339703953532,0.06172839506172839,0.08641975308641975,0.0,0.99,0.30731965906132996,0.24588361985414064,0.03936308026459187,0.04291021578560859,0.016797788162725657,0.647542674077445,0.15594973674468038,0.00839893507272088,0.647542674077445,3.5499248072953082,1
81,81,1.0,0.225,0.3567901234567901,0.901499192246697,-2.6061337266944407e-05,0.9202652825836215,0.06172839506172839,0.08641975308641975,0.0,0.45,0.2560119596066561,0.21120766617948528,0.11441425797024789,0.00620802914058684,0.24100624112703473,0.03621917052154001,0.3112896508676664,0.008245541935513136,0.03621917052154001,3.5728028480793657,2
81,81,1.0,0.475,0.6861111111111111,0.8808811132607122,0.0006545239754901179,0.9440744489428698,0.08641975308641975,0.12345679012345678,0.0,0.785,0.37198452255183534,0.2091616943432073,0.09854718138547276,0.00545955668878644,0.3,0.06450317325580165,0.4345439549465225,0.010869763136932109,0.06450317325580165,3.576983627296376,2
81,81,1.0,0.4,0.8679012345679012,0.9183872334488172,0.00010347734022704773,0.8711379800853485,0.09876543209876543,0.12345679012345678,0.0,0.645,0.46738339256681605,0.17648376160776813,0.1163921049125114,0.03236085270737959,0.06869845282967861,0.38593856192709164,0.10631626169476063,0.0,0.38593856192709164,3.5912794115165005,2
42,42,1.0,0.1875,0.21984126984126987,0.9353273629553546,0.001998604998237077,1.0459807460890493,0.07142857142857142,0.11904761904761904,0.0,0.21,0.3364011775640544,0.17392999984887308,0.09190682073933266,0.03673469428383044,0.07717445580712423,0.40631091483009246,0.10772158724352734,0.0022118060511439187,0.40631091483009246,3.6049595519370516,2
22,22,1.0,0.17083333333333334,0.25000000000000006,0.9142188183498441,-0.0024286543882193145,0.9378787878787881,0.09090909090909091,0.13636363636363635,0.0,0.11,0.3003510922762314,0.15671935905917309,0.13623066756677174,0.1188737593553942,0.007599883557564482,0.5589944202707183,0.16216895572297757,0.0008219424578202487,0.5589944202707183,3.6066717188556603,2
81,81,1.0,0.3,0.4661522633744855,0.8598094016262309,-0.00025192286049208245,0.9354886706392997,0.06172839506172839,0.09876543209876543,0.0,0.405,0.2,0.21751887093867422,0.14098373202461484,0.028391319335075625,0.07367757820193796,0.15077581001996362,0.14015198371685858,0.02025959919581153,0.15077581001996362,3.6359525988667705,2
61,61,1.0,0.2916666666666667,0.4195355191256831,0.8548887495704741,-0.0002100918858476168,0.9364373711060457,0.06557377049180328,0.09836065573770492,0.0,0.305,0.2651427195984683,0.19796912707184539,0.12767148980731466,0.07518768503240289,0.008452836492228928,0.6102404655958342,0.06015494912419902,0.02251386720641209,0.6102404655958342,3.6659813315821386,2
44,44,1.0,0.19583333333333333,0.25,0.9358011401321613,0.0004096701281795304,0.9787878787878787,0.06818181818181818,0.09090909090909091,0.0,0.22,0.5037130716851641,0.13081340763732408,0.05738653484972134,0.02283156629715578,0.0062754552383029495,0.4958456456793601,0.15379272870505067,0.0,0.4958456456793601,3.6818268479157448,2
81,81,1.0,0.5166666666666667,0.5994855967078189,0.9255537798328719,0.0002207616545987933,0.9349681082317947,0.07407407407407407,0.1111111111111111,0.0,0.86,0.4119835980223351,0.2046048261694811,0.07695357568572136,0.14865455494466692,0.009715766130420326,0.3537075125823619,0.27640393120380014,0.0005011176834093404,0.3537075125823619,3.6835440173247704,2
81,81,1.0,0.425,0.5521604938271604,0.8549710379756124,0.00022410033862697233,0.9206432830258987,0.07407407407407407,0.09876543209876543,0.0,0.74,0.2681038746647775,0.24550526365169756,0.13559979305114456,0.03877097492385805,0.06808867420120153,0.31734632127534673,0.21161800456965074,0.01965099946308564,0.31734632127534673,3.6836954866625553,2
81,81,1.0,0.5166666666666667,0.6198559670781894,0.9041667939258509,0.0006060504118647968,0.977008990318119,0.08641975308641975,0.12345679012345678,0.0,0.87,0.2690882904968235,0.24782806763984788,0.0947534812152185,0.005,0.17824554115348723,0.061786472893673894,0.25702065692106724,0.0016251147724811326,0.061786472893673894,3.687460434945675,2
81,81,1.0,0.5,0.5943415637860082,0.8885170909051955,0.00029066705042149607,0.9599375396688015,0.08641975308641975,0.1111111111111111,0.0,0.72,0.3012404690339512,0.2319182115908328,0.11328996837040493,0.03989916661463345,0.0894671856624162,0.30412061969096243,0.1996788518186603,0.02154897516662905,0.30412061969096243,3.699501520603296,2
81,81,1.0,0.4,0.7944444444444445,0.8771060499882175,0.0001937906570743927,0.8851243201243201,0.09876543209876543,0.12345679012345678,0.0,0.495,0.39118861578418135,0.17325459266505436,0.15515899807806263,0.02841419540524134,0.07306345203537416,0.3022555158645161,0.3492572581525628,0.010601021589060358,0.3022555158645161,3.7010077358822864,2
81,81,1.0,0.2222222222222222,0.3133058984910837,0.9195000644827553,0.0007989593919429065,0.9972484919244989,0.06172839506172839,0.07407407407407407,0.0,0.44,0.30478419753736063,0.2019561540907926,0.087470077455033,0.030864148596188815,0.031390350287936644,0.6167031597536378,0.16660707501930078,0.0028007396019751707,0.6167031597536378,3.711629318779342,1
81,81,1.0,0.475,0.6529835390946502,0.8674668585185844,0.0008484383202949728,0.9413359329867127,0.08641975308641975,0.13580246913580246,0.0,0.74,0.24891324516210167,0.24613156049518614,0.11625842729458581,0.05916416673060662,0.10027926193002977,0.42277915678114125,0.18515876258519726,0.013353711301801786,0.42277915678114125,3.7555864981866605,2
81,81,1.0,0.48333333333333334,0.7161522633744857,0.8878235127576379,-7.563694887450166e-05,0.8745006704017622,0.08641975308641975,0.13580246913580246,0.0,0.55,0.46807301504648985,0.16636989958961984,0.10744612429668686,0.03609174543083931,0.05510786477456619,0.36418228580562134,0.22094941554761416,0.002638345469225895,0.36418228580562134,3.788660643729991,2
59,59,1.0,0.38333333333333336,0.7895480225988702,0.8694590507637597,0.00023344685189476458,0.8840638044126415,0.1016949152542373,0.13559322033898305,0.0,0.295,0.3510694932982453,0.1708172453491803,0.15437245743820796,0.022730094955829682,0.06653405989574494,0.23285418444883627,0.40477319106648785,0.00845290287961299,0.23285418444883627,3.816470758789707,2
81,81,1.0,0.44166666666666665,0.5864197530864198,0.8531299390148664,-0.00014256792234100497,0.9089473684210526,0.07407407407407407,0.12345679012345678,0.0,0.81,0.2,0.27069628911042565,0.1512493797198146,0.030301430149969773,0.10541392136817762,0.20600927280557432,0.16657424323069764,0.019884427510045842,0.20600927280557432,3.8461024523179255,2
81,81,1.0,0.32222222222222224,0.3893004115226337,0.8682676844580035,0.0002318689609291927,0.9664693446088796,0.06172839506172839,0.08641975308641975,0.0,0.965,0.3966504004710893,0.20385718005011177,0.045888941987882,0.07408608738183474,0.08977146285624985,0.23300585223424716,0.05,0.008331819224817731,0.23300585223424716,3.849759548136492,1
81,81,1.0,0.5222222222222223,0.7141289437585734,0.9308524492284254,0.00029239490159581837,0.9220480641994279,0.08641975308641975,0.12345679012345678,0.0,0.925,0.42287611130624136,0.20345370370979476,0.07755247286754423,0.07783081696584558,0.017247679519249697,0.30815235283475056,0.15030904485664234,0.0,0.30815235283475056,3.8777564839860594,1
81,81,1.0,0.525,0.7027777777777778,0.9468069880018719,-0.0003448562344563159,0.8829647928560971,0.08641975308641975,0.1111111111111111,0.0,0.79,0.3688595763023415,0.22319176522776024,0.10424222812394689,0.07809754961337247,0.006199175525787527,0.595521921177153,0.09460842960839988,0.0,0.595521921177153,3.8935049437950977,2
81,81,1.0,0.43333333333333335,0.6717078189300412,0.8517365739700641,-0.00020062328476039295,0.8723846173482414,0.08641975308641975,0.1111111111111111,0.0,0.57,0.3504644593532946,0.20418786375357972,0.1277990098325319,0.06721178715051897,0.006539050938517067,0.573603621331946,0.09504329481626575,0.023353326949428904,0.573603621331946,3.8993444975721343,2
81,81,1.0,0.26666666666666666,0.408641975308642,0.8585952681171882,0.0005925075768207419,1.028368580060423,0.06172839506172839,0.09876543209876543,0.0,0.475,0.318557651212256,0.20062176403809234,0.10358653055340794,0.005,0.3,0.06555672531976957,0.49307000440426607,0.015322161576305567,0.06555672531976957,3.9004176048729033,2
46,46,1.0,0.22916666666666669,0.4539855072463768,0.8248543702982878,0.0005940691500504652,0.9292245277999466,0.08695652173913043,0.17391304347826086,0.0,0.23,0.30550148365705887,0.17518451482742559,0.13117459518113286,0.03645560837781401,0.0065227334197921205,0.479867722634918,0.09152387383968345,0.02185591933310956,0.479867722634918,3.902705895631833,2
81,81,1.0,0.39166666666666666,0.6732510288065844,0.8364078345681937,-0.0003604447747386359,0.8904930725346372,0.08641975308641975,0.1111111111111111,0.0,0.51,0.2868493817916946,0.21507559704342638,0.1461236925659527,0.04278906981497491,0.006919099783591441,0.5634593109824653,0.06321385923723695,0.026501030381594393,0.5634593109824653,3.9371744742867785,2
67,67,1.0,0.475,0.7170398009950248,0.8831229010611512,-0.0006970371185044745,0.8383311650766119,0.08955223880597014,0.11940298507462686,0.0,0.335,0.28172760320032686,0.19762813002432617,0.15784445032705222,0.03070480458525115,0.09901637185165747,0.13153585199059134,0.1564849561347681,0.012728849282942002,0.13153585199059134,3.9501249347602747,2
32,32,1.0,0.23888888888888887,0.578125,0.9294447523151939,-0.0018336471821096293,0.8725225225225226,0.125,0.15625,0.0,0.16,0.3520691296252231,0.14517290501126504,0.1589332371388101,0.04454341439002219,0.005804084605897216,0.5210971988245524,0.1336479162548505,0.0,0.5210971988245524,3.9551732614408883,1
63,63,1.0,0.19166666666666668,0.2626984126984127,0.962474956026603,-6.254254199980842e-06,0.9854833836858005,0.06349206349206349,0.07936507936507936,0.0,0.315,0.37289743930644753,0.17299509169398244,0.07603736621322928,0.016533404586405717,0.012347651493947788,0.86207555447455,0.3299508361257611,0.0,0.86207555447455,3.9576878538054903,2
58,58,1.0,0.22083333333333333,0.3456896551724138,0.8648256547304083,8.44554940894343e-05,0.942630922693267,0.06896551724137931,0.08620689655172414,0.0,0.29,0.29704733403022543,0.18313069195095427,0.1214159335137124,0.04140290496172347,0.006741794644091482,0.5610855137047649,0.10306651595077616,0.02081319995041678,0.5610855137047649,4.065511431960866,2
81,81,1.0,0.43333333333333335,0.5109739368998628,0.8474276933387092,0.0004741534691044414,0.9566815809097686,0.07407407407407407,0.09876543209876543,0.0,0.955,0.47608041071867746,0.18416613736073306,0.052288280587445723,0.037395546274891875,0.04577383643566324,0.2801867878769552,0.18292848713429555,0.020605822562494693,0.2801867878769552,4.070099894162183,1
45,45,1.0,0.39166666666666666,0.7237037037037036,0.8726118221397763,0.0005160099379847202,0.8513169566700785,0.1111111111111111,0.15555555555555556,0.0,0.225,0.20767426720534704,0.19206957733029972,0.18693075301643605,0.029132295890442826,0.025963127328457195,0.45640610279502825,0.05,0.006812028498386154,0.45640610279502825,4.070895394951606,2
81,81,1.0,0.26666666666666666,0.4762345679012346,0.8503032639528235,-0.0006712273012786709,0.9035715057247785,0.06172839506172839,0.09876543209876543,0.0,0.41,0.2974882658190935,0.1976105694523827,0.14103259941635546,0.03491188619311139,0.005682898386443479,0.6467097971694219,0.05917928456255455,0.021722804565545584,0.6467097971694219,4.07134237887742,2
26,26,1.0,0.3666666666666667,0.7666666666666667,0.9075608789884639,-0.0018710382934183274,0.816867335562988,0.11538461538461539,0.19230769230769232,0.0,0.13,0.2351964220358387,0.1620247508734114,0.18944997373337605,0.044904190374019944,0.024627369369759133,0.4121325565971259,0.09855460618774017,0.0037544370000427876,0.4121325565971259,4.089300842925549,2
81,81,1.0,0.3416666666666667,0.4523662551440329,0.8535050299657159,0.0002015611428856112,0.9728585778182093,0.06172839506172839,0.08641975308641975,0.0,0.47,0.22272968996089584,0.2271323524759809,0.12896899702091788,0.053909003288590406,0.1206161181268354,0.4489450982216503,0.22731543640882695,0.021263300531748658,0.4489450982216503,4.099677905554196,2
81,81,1.0,0.225,0.3395061728395062,0.8889897815172816,-0.00014616857478492323,0.9954545454545454,0.06172839506172839,0.07407407407407407,0.0,0.465,0.4047450185651491,0.17466212409164228,0.09175973189380592,0.11881715744925617,0.01270254711853174,0.3217693092289444,0.23188915992615883,0.007533235589644776,0.3217693092289444,4.11972342458063,2
18,18,1.0,0.1875,0.2425925925925926,0.9886647768140626,-0.0015936461753332908,0.9602798982188296,0.1111111111111111,0.16666666666666666,0.0,0.09,0.45430483681537065,0.1300357150894151,0.07882130733565813,0.023079698463082818,0.007368044426210521,0.7399514171671477,0.15268202889476268,0.0,0.7399514171671477,4.149124588226019,2
26,26,1.0,0.1875,0.3682692307692308,0.8939282445027947,0.0034998667680076778,0.9789664926022629,0.11538461538461539,0.15384615384615385,0.0,0.13,0.21454199410700073,0.18516710636456346,0.13751681668180046,0.03109788800040813,0.020016622358502843,0.38515880303320155,0.09912147050417668,0.0029102053715784233,0.38515880303320155,4.151701741282814,2
81,81,1.0,0.4,0.910082304526749,0.9213518387001847,-1.5043239195675382e-05,0.8263889516919135,0.09876543209876543,0.12345679012345678,0.0,0.46,0.30910763091651206,0.20178096128027828,0.16194634636266128,0.007316355403536093,0.0665974467957176,0.07892989094230136,0.07001183192869737,0.001770896018217185,0.07892989094230136,4.170264527044624,2
81,81,1.0,0.36666666666666664,0.6256172839506172,0.8179696346410086,0.0001685177379974264,0.9264154744285479,0.08641975308641975,0.12345679012345678,0.0,0.52,0.2,0.24436145676467114,0.1661356370211333,0.027625100098220324,0.10006050016447599,0.14853239128677126,0.20322894839930333,0.030716299774835934,0.14853239128677126,4.177070540037367,2
32,32,1.0,0.21250000000000002,0.2578125,0.9026677884601311,-0.0012060999451889932,0.9285353535353535,0.0625,0.125,0.0,0.16,0.4066123305523208,0.14382179756356844,0.10074801287024099,0.15237820466934385,0.00773049040888147,0.6423597741707755,0.17088221012353583,0.0028629463629373493,0.6423597741707755,4.192805006996607,2
81,81,1.0,0.37777777777777777,0.5491083676268862,0.8223781277077449,4.112263890391388e-05,0.9519224470535986,0.07407407407407407,0.12345679012345678,0.0,0.42,0.3351183828428147,0.18378837116971392,0.13179867215705846,0.03754184951705526,0.0077057485315501105,0.6567110013160539,0.215415222394848,0.025474186560440783,0.6567110013160539,4.203332451143276,1
75,75,1.0,0.2222222222222222,0.4542222222222222,0.8487595494739109,-4.2456060006810655e-06,0.9573255055446835,0.06666666666666667,0.08,0.0,0.375,0.23330635326433224,0.21355521844959274,0.13694152857082828,0.04640272646925309,0.005091821566941554,0.3779341454888897,0.3387972417900534,0.021844571203384594,0.3779341454888897,4.231317085679525,1
21,21,1.0,0.15833333333333333,0.19007936507936507,0.9355687837907631,0.0011500884776420776,0.9933176757132914,0.09523809523809523,0.19047619047619047,0.0,0.105,0.3647061352707748,0.15308680208405412,0.08758656146355437,0.005365299564610072,0.20494414059297023,0.06362711908162665,0.30003175344550187,0.005084335148615508,0.06362711908162665,4.242195364615427,2
81,81,1.0,0.35,0.6046296296296296,0.8230742916657513,-0.0005494234915262995,0.8685370937553173,0.07407407407407407,0.1111111111111111,0.0,0.535,0.4111800928380476,0.18271630562149177,0.12609464294173686,0.038517217713399325,0.009299437489536927,0.57663654785133,0.0713705139884,0.02435005450660137,0.57663654785133,4.244286045775236,2
81,81,1.0,0.2222222222222222,0.4602194787379973,0.8622792570213217,-0.0006139434338757329,0.836454711044875,0.06172839506172839,0.08641975308641975,0.0,0.445,0.5927867879061375,0.12051062302665104,0.06085913569777097,0.017679282303550762,0.06499669151643611,0.4096982122669423,0.4311177087537795,0.003432028796612674,0.4096982122669423,4.251012372675241,1
81,81,1.0,0.30833333333333335,0.4917695473251028,0.8440891590827563,-9.021389473845634e-05,0.9149930264993025,0.06172839506172839,0.08641975308641975,0.0,0.5,0.2,0.24016671089002667,0.13606722989158745,0.026009806479955856,0.0911433540874778,0.15398905950292724,0.1342399441593904,0.019729523734002788,0.15398905950292724,4.3088004931259105,2
60,60,1.0,0.4222222222222222,0.5087037037037037,0.8278138340319048,0.00017331701713889984,0.9372208065364235,0.08333333333333333,0.11666666666666667,0.0,0.3,0.2,0.20626294636411874,0.1664042730147962,0.013544553545253525,0.02567900798110538,0.02,0.08554813415842863,0.021842060139704512,0.02,4.310294553268866,1
81,81,1.0,0.48333333333333334,0.6378600823045268,0.8554114810755846,0.0006653734922737534,0.9568817204301074,0.08641975308641975,0.12345679012345678,0.0,0.795,0.2,0.2658736176630021,0.1304925764505938,0.0344287501537542,0.10150634695161966,0.11599815813439752,0.17452780522259112,0.014329366169152946,0.11599815813439752,4.333832264495236,2
44,44,1.0,0.3125,0.6344696969696969,0.8135639963002621,-0.0009517476977435435,0.8334079601990051,0.09090909090909091,0.13636363636363635,0.0,0.22,0.30208704081817245,0.1718114185570983,0.17789883853096178,0.0180338789184575,0.07512146755221058,0.4741350800057825,0.40355777237557394,0.01982752323526456,0.4741350800057825,4.344080334022375,2
22,22,1.0,0.15833333333333333,0.29204545454545455,0.8734034120707478,-0.002096448035664256,0.8840888456549935,0.09090909090909091,0.13636363636363635,0.0,0.11,0.2582626108213979,0.1775490963827973,0.1039785705322113,0.005,0.1865531831229816,0.04190950197137653,0.25925878662610724,0.0,0.04190950197137653,4.36004573010796,2
56,56,1.0,0.21666666666666667,0.35297619047619044,0.8439542461123116,0.00026030196024648525,0.9772400224845416,0.07142857142857142,0.10714285714285714,0.0,0.28,0.33857323566822156,0.1763176310378754,0.13377252124362501,0.015946846404530354,0.1826422411185393,0.3132501461627622,0.274643442230985,0.03470182120846251,0.3132501461627622,4.362011069770726,1
81,81,1.0,0.45555555555555555,0.8573388203017832,0.9127569318274799,0.0005054439452276639,0.8248355555555557,0.09876543209876543,0.13580246913580246,0.0,0.66,0.6844176366495917,0.11278308534303128,0.07345071217307624,0.006823209107210638,0.05037629482229099,0.707555257755962,0.5018431694560915,0.0,0.707555257755962,4.385507540005572,1
81,81,1.0,0.4111111111111111,0.7585733882030178,0.8536984646648895,-0.0003097648801103266,0.88485031143259,0.09876543209876543,0.1111111111111111,0.0,0.445,0.3011903893067999,0.20214792799905557,0.16630111230215228,0.007219154770112169,0.020742082169562037,0.03115166662124713,0.15262424077614842,0.012593744020742433,0.03115166662124713,4.397270309519355,1
44,44,1.0,0.20555555555555555,0.24141414141414136,0.8829717022486758,0.00016165672726295416,0.9754346815434681,0.06818181818181818,0.11363636363636363,0.0,0.22,0.23136712556219896,0.2034009867078781,0.09278310384500915,0.039608126038492585,0.009065826255125477,0.49118257874008514,0.09571111555905673,0.0,0.49118257874008514,4.434838164485113,1
81,81,1.0,0.44166666666666665,0.6867283950617284,0.8410585136804202,0.00017928318322251306,0.9212453183520598,0.08641975308641975,0.1111111111111111,0.0,0.625,0.3054447850663194,0.22192743432472056,0.14089951930752523,0.021176710302314064,0.062296293660578685,0.4573287632713162,0.3201116173218862,0.02256915508431442,0.4573287632713162,4.435713065351866,2
52,52,1.0,0.20833333333333334,0.35641025641025637,0.8367823041977791,-0.00027965140936487366,0.927242206235012,0.07692307692307693,0.11538461538461539,0.0,0.26,0.2925074059784559,0.18467889454792874,0.1280478298269442,0.05400437993530323,0.00519850229021418,0.609873267651461,0.13297115502626344,0.020448523945088073,0.609873267651461,4.453258239239614,2
81,81,1.0,0.28888888888888886,0.37050754458161866,0.8528237751550802,0.00015543152850248373,0.9985186556419432,0.06172839506172839,0.08641975308641975,0.0,0.745,0.23408543788893746,0.23911983419971866,0.08508512346905295,0.005,0.026144420994423646,0.02,0.5843357873675321,0.027927505434621552,0.02,4.459218598176016,1
81,81,1.0,0.48333333333333334,0.7056584362139917,0.8583493866083345,0.0003119516380351464,0.9505903435875006,0.08641975308641975,0.14814814814814814,0.0,0.84,0.2654451663355386,0.2539373300495259,0.11961987295648868,0.056889797236201724,0.09087736461431535,0.4393871934089424,0.21576774047290914,0.02134251481636721,0.4393871934089424,4.467500010674741,2
81,81,1.0,0.4666666666666667,0.4676268861454047,0.8907540193622984,-0.0002232553371957643,0.9558420520843517,0.06172839506172839,0.08641975308641975,0.0,1.0,0.3961589781369543,0.211547154786629,0.023514078774819553,0.005673657875725779,0.08733819828786164,0.14180333300692405,0.3940570246191762,0.006873135648392476,0.14180333300692405,4.468757562547399,1
30,30,1.0,0.175,0.3369444444444445,0.8547458074569809,0.00029155988665691303,0.9355805166254465,0.1,0.13333333333333333,0.0,0.15,0.26414086112125007,0.18346756462552,0.1269838058571496,0.031458707691163136,0.006541399528756027,0.7574460675368804,0.05,0.02022525354717836,0.7574460675368804,4.474380005774332,2
81,81,1.0,0.225,0.39547325102880665,0.8571244201879665,0.000434061507379294,0.9543149497051683,0.06172839506172839,0.08641975308641975,0.0,0.47,0.5449452475400159,0.13304653011516782,0.07340678484522889,0.025441820811631648,0.005,0.5607072273273849,0.15335745953315577,0.011066215276765193,0.5607072273273849,4.5067593642418124,2
81,81,1.0,0.37777777777777777,0.8717421124828533,0.8678434654449622,0.000989321001097359,0.9075749628464027,0.09876543209876543,0.12345679012345678,0.0,0.485,0.28089260796151494,0.20057593426250586,0.16541933627908603,0.010447244329945721,0.02272419372878798,0.06250905632477374,0.10805991312557964,0.0065155392425460985,0.06250905632477374,4.535547203562407,1
81,81,1.0,0.3888888888888889,0.6768175582990398,0.8207006030874071,-0.0005994731638947246,0.8635418637121112,0.08641975308641975,0.12345679012345678,0.0,0.455,0.4518459936349437,0.15603016303350878,0.14168242033792,0.1584168589908754,0.028593496358788197,0.4050674472294897,0.26797680781541816,0.025897452097977502,0.4050674472294897,4.565577420418103,1
48,48,1.0,0.3416666666666667,0.7590277777777779,0.8375351671448845,-0.00016890578618401793,0.8534644708752669,0.10416666666666667,0.16666666666666666,0.0,0.24,0.2,0.19560476496442303,0.20258196249467283,0.04027925856721828,0.027437241234074712,0.48137352023931296,0.07736808287642837,0.012473013545801603,0.48137352023931296,4.605433853506267,2
81,81,1.0,0.4222222222222222,0.49080932784636494,0.8293376255014242,8.616974031439867e-05,0.9562499223650706,0.07407407407407407,0.09876543209876543,0.0,0.78,0.22921019943056092,0.2526307063436343,0.11175444426735459,0.005,0.0389342042947,0.02052763621624095,0.5317372731642068,0.02948524467021036,0.02052763621624095,4.690495702814845,1
81,81,1.0,0.28888888888888886,0.38957475994513036,0.8446230627804959,-0.00016623903130337373,0.9423317683881066,0.06172839506172839,0.08641975308641975,0.0,0.765,0.5362277159244125,0.14550200377501038,0.05876670617423525,0.1803646736478157,0.20587085359185298,0.02177327415235034,0.4357804040117463,0.02097430737854105,0.02177327415235034,4.698587283265661,1
34,34,1.0,0.3611111111111111,0.5552287581699347,0.8502191259067868,0.0004372101748798321,0.8732581256948532,0.11764705882352941,0.14705882352941177,0.0,0.17,0.38945916246354356,0.14526683850003874,0.12521454543738744,0.0799505678211478,0.014945438563546298,0.22032355379074428,0.14439237179816747,0.014108090192091572,0.22032355379074428,4.709445303156375,1
81,81,1.0,0.5416666666666666,0.7482510288065843,0.9276622062671044,-0.00019812186462266299,0.9042429763050553,0.08641975308641975,0.12345679012345678,0.0,0.95,0.41507586785827805,0.21770873885716285,0.07628662149076744,0.012382833666882025,0.010198486631066468,0.4428726375550921,0.21400221840362393,0.0013741661208385406,0.4428726375550921,4.726355366761401,2
81,81,1.0,0.25833333333333336,0.3875514403292181,0.8447980199594742,-0.0007458962215636338,0.8950780904344748,0.06172839506172839,0.09876543209876543,0.0,0.57,0.2,0.2413297865749658,0.12551536977487823,0.0346132378019201,0.07677066338967398,0.13035226110638187,0.15272835838195653,0.025869930514172957,0.13035226110638187,4.734811214768365,2
29,29,1.0,0.20833333333333334,0.33620689655172414,0.8418129924073962,-0.0013853238417620417,0.9019230769230769,0.06896551724137931,0.13793103448275862,0.0,0.145,0.23997473293380853,0.1831728882752448,0.13216601638176542,0.047423515176131026,0.08205337740070542,0.39729104290940315,0.1672289452839238,0.023740333930131793,0.39729104290940315,4.776239347585573,2
62,62,1.0,0.19583333333333333,0.2672043010752688,0.8849816946744913,0.0016841873219272435,1.061643192488263,0.06451612903225806,0.08064516129032258,0.0,0.31,0.28720651752051635,0.19251322265367293,0.10142891787593598,0.006425893109128284,0.3,0.066489700336005,0.4357422571989256,0.018390780968167604,0.066489700336005,4.790089472239254,2
24,24,1.0,0.1611111111111111,0.2041666666666667,0.8961763963438572,-0.003433495761671847,0.9363038548752834,0.08333333333333333,0.125,0.0,0.12,0.2761468963223949,0.19132394355862298,0.06947038226864093,0.0397130145211998,0.005,0.6635647693996038,0.07539401069335601,0.014624573329548037,0.6635647693996038,4.796779057124015,1
77,77,1.0,0.25555555555555554,0.5360750360750361,0.803934900308418,0.000507578356160989,0.8921414685210107,0.07792207792207792,0.11688311688311688,0.0,0.385,0.2,0.21131783562355466,0.19028458703596698,0.012664679334490364,0.005,0.023229005027145772,0.3412013155259542,0.041555781707544294,0.023229005027145772,4.825759828515735,1
81,81,1.0,0.45555555555555555,0.46255144032921813,0.8658543082513074,-0.0002704590628447298,0.9597390272835113,0.06172839506172839,0.09876543209876543,0.0,1.0,0.35551882338273977,0.2422393476465231,0.0,0.019730369631870154,0.16191672778215668,0.9485674926429245,0.6,0.02823675670441891,0.9485674926429245,4.827152421417952,1
81,81,1.0,0.3111111111111111,0.320164609053498,0.8573605713229246,0.0009122005078377667,1.0450556983718937,0.06172839506172839,0.07407407407407407,0.0,1.0,0.2,0.2646800461637047,0.025462186946794686,0.008696144853492196,0.025789693592171117,0.02,0.6,0.039141107858843366,0.02,4.827855546868014,1
81,81,1.0,0.5583333333333333,0.640329218106996,0.9074150001798386,0.0009225653871948369,0.9884618680377034,0.08641975308641975,0.12345679012345678,0.0,0.71,0.3681784796761113,0.20731530903389656,0.10538647456759855,0.005,0.24747018322345338,0.07665914949141368,0.4380350665992785,0.010418598694259797,0.07665914949141368,4.830900140594352,2
81,81,1.0,0.5166666666666667,0.7828189300411524,0.9154258149415714,0.00027370578466994226,0.919910522626714,0.09876543209876543,0.12345679012345678,0.0,0.87,0.3620777160937835,0.21985334752918584,0.10419984258373625,0.006704097215053367,0.3,0.07152701555494216,0.4673749503361106,0.00594975987158004,0.07152701555494216,4.834936554638194,2
81,81,1.0,0.36666666666666664,0.45020576131687245,0.8413202021615407,-0.0009446997300595648,0.9054357099329677,0.06172839506172839,0.08641975308641975,0.0,0.84,0.25416604106366386,0.249009795912023,0.12434482408738812,0.019099854483089082,0.027573563806990227,0.042329851378854554,0.08046946309574017,0.04633785559277226,0.042329851378854554,4.845639753742551,1
39,39,1.0,0.25555555555555554,0.4615384615384616,0.8062044936291276,-0.0011807291221753076,0.8555555555555555,0.07717948717948694,0.15384615384615385,0.0,0.195,0.3851573155215079,0.155731505402879,0.1172393491820855,0.06464781712299981,0.10605094470681946,0.32783370362457087,0.29159819659589176,0.019224513842460985,0.32783370362457087,4.8650261795997025,1
28,28,1.0,0.17916666666666667,0.24583333333333332,0.8762273279489164,-0.0014735588942902929,0.9412066182405165,0.07142857142857142,0.10714285714285714,0.0,0.14,0.2,0.19882588392801276,0.11587001052026671,0.00697268515169191,0.09431130311110965,0.08303353549106354,0.05,0.0025478111023139885,0.08303353549106354,4.879737658913493,2
81,81,1.0,0.4166666666666667,0.47921810699588474,0.82754437831011,-0.00028664821319645764,0.9491620151710318,0.07407407407407407,0.08641975308641975,0.0,0.99,0.5209153289316366,0.1742505886859027,0.04396631608835561,0.05889603715332469,0.05428724546949445,0.28306600805997173,0.10648358177230677,0.017340218942173812,0.28306600805997173,4.895939350298088,0
81,81,1.0,0.37777777777777777,0.5101508916323731,0.8112054151310093,0.00016251334896050335,0.898431179229781,0.07407407407407407,0.1111111111111111,0.0,0.765,0.34796290573767974,0.20800183833140345,0.10322043479276256,0.010697628633167516,0.0417870208500715,0.02,0.5446304435147604,0.03370649876443854,0.02,4.907471816345786,1
81,81,1.0,0.4666666666666667,0.8042181069958848,0.8687819840981276,0.00041317366475129505,0.9238530339857575,0.09876543209876543,0.14814814814814814,0.0,0.54,0.455019726405351,0.16077493527209902,0.11610775519891571,0.028937799520252466,0.1054997628622983,0.30599467709634803,0.1864270270144079,0.005073179733471978,0.30599467709634803,4.929206835309793,2
81,81,1.0,0.49166666666666664,0.8234567901234568,0.9091545507438415,-0.0002691759945963062,0.8419940029985007,0.09876543209876543,0.1111111111111111,0.0,0.635,0.4397137665716696,0.18214928951606685,0.11670537982639104,0.0393876219680328,0.06611454035576657,0.38786150978804307,0.11942413454774167,0.0044026542650972235,0.38786150978804307,4.96779322215987,2
81,81,1.0,0.39166666666666666,0.5300411522633746,0.811831478280015,5.881760521915521e-05,0.9193995859213252,0.07407407407407407,0.1111111111111111,0.0,0.755,0.22039447664434905,0.260678611267426,0.12755246838118106,0.02493368385284541,0.06830421208392128,0.10912602644081716,0.20532320732355314,0.03761925055501487,0.10912602644081716,4.969517403673575,2
81,81,1.0,0.5,0.8224279835390947,0.9088274547134991,0.00020391826862754906,0.8834922024851973,0.09876543209876543,0.12345679012345678,0.0,0.63,0.39264944765223897,0.19172672672033153,0.11885592612931406,0.005407056322232366,0.23664346650443588,0.07014811122101182,0.24928703789690632,0.0,0.07014811122101182,4.978140362198107,2
81,81,1.0,0.5,0.7441358024691358,0.8789094733709356,0.0003317409806865121,0.9642046868519288,0.09876543209876543,0.1111111111111111,0.0,0.825,0.28552960595834503,0.2513868834682783,0.133576432173955,0.043343949989791346,0.13690466925160874,0.39242695013823836,0.16198595048307524,0.01772907190323378,0.39242695013823836,4.983824170965717,2
81,81,1.0,0.36666666666666664,0.5403292181069959,0.809179393649028,-0.0001391843191517033,0.907161716171617,0.07407407407407407,0.09876543209876543,0.0,0.49,0.37305267785503443,0.18695565276926845,0.1563018413220728,0.015109594897348621,0.023775714325527116,0.08231006666575803,0.26031203956605975,0.03478780452411885,0.08231006666575803,5.010506244941028,1
81,81,1.0,0.5083333333333333,0.7665637860082303,0.8879483483521634,0.0007016788986455583,0.9470539748579611,0.09876543209876543,0.12345679012345678,0.0,0.84,0.3241079941642927,0.23110308961100412,0.10162829902618585,0.005,0.3,0.08377581765127641,0.42165516985274976,0.01190330055521465,0.08377581765127641,5.027259442173199,2
55,55,1.0,0.2,0.3163636363636364,0.8817478313491139,0.0017348548503307681,1.0109578544061302,0.054727272727268426,0.10909090909090909,0.0,0.275,0.22466634891867457,0.21036550839097884,0.11133162190996078,0.0055398473472794245,0.19662984151318988,0.027234010523200104,0.3500561207761292,0.005299619100599243,0.027234010523200104,5.0393100080062405,2
81,81,1.0,0.48333333333333334,0.6239711934156379,0.8447859176447919,-0.0002404073803770545,0.8856519648255015,0.0741975308641946,0.12345679012345678,0.0,0.815,0.3835374559319287,0.21680470175085143,0.1197244298433971,0.0357539582317626,0.006849185267166381,0.5370546479881599,0.08937833276465204,0.02832648178591443,0.5370546479881599,5.058131255855688,2
81,81,1.0,0.5333333333333333,0.7606995884773662,0.9185255119000912,-0.0008021260419425857,0.8778248129113695,0.09876543209876543,0.13580246913580246,0.0,0.755,0.21516544570593327,0.26327516804953666,0.14226392702677496,0.006913463350594272,0.08641972456083302,0.06046079212222189,0.056318845713217484,0.0031341907773308714,0.06046079212222189,5.075446072537533,2
81,81,1.0,0.5083333333333333,0.8180041152263372,0.9068094413854791,-0.0004015169196644712,0.8666833312371609,0.09876543209876543,0.14814814814814814,0.0,0.595,0.4901963187883547,0.1633701297432281,0.11141699641283132,0.04625393055964887,0.061995568197661895,0.300989755609866,0.13105686747690773,0.00643766213201765,0.300989755609866,5.123670881491053,2
49,49,1.0,0.15,0.24064625850340135,0.9250140541625322,-0.0003231339280509645,0.9586425206124851,0.061224489795918366,0.10204081632653061,0.0,0.245,0.36212614213225086,0.1750968186492397,0.06026485417181795,0.17678014158777974,0.009506901447037865,0.2679587072508332,0.19628392539747797,0.0,0.2679587072508332,5.125914437390806,2
81,81,1.0,0.2777777777777778,0.2931412894375857,0.9028284024592251,0.0007421596475763594,1.018629958924765,0.04938271604938271,0.08641975308641975,0.0,1.0,0.6201069345014358,0.1306123640197634,0.0,0.019206620030423387,0.06339198922887056,1.0,0.5880929357119729,0.008750961766347388,1.0,5.171499190850555,1
81,81,1.0,0.43333333333333335,0.5839506172839506,0.8200719078032971,0.0007299601731504379,0.9909302325581395,0.07407407407407407,0.09876543209876543,0.0,0.745,0.2904397563224513,0.2309054998411889,0.11496817374746073,0.056220374919538865,0.10060992638978214,0.30830246418665663,0.22609817113961655,0.024480708563187837,0.30830246418665663,5.176132084166528,2
81,81,1.0,0.55,0.6170781893004116,0.8767059793379894,0.0009797616157316772,1.003333889074136,0.08641975308641975,0.13580246913580246,0.0,0.885,0.4290202939014074,0.19611925751105946,0.0820486621850498,0.005,0.3,0.0831771318007982,0.46379856472845843,0.015563091206277392,0.0831771318007982,5.179100435035983,2
81,81,1.0,0.5333333333333333,0.6978395061728395,0.8737978877868833,0.00024007847904071884,0.9293959162612414,0.08641975308641975,0.12345679012345678,0.0,0.86,0.3926156522068669,0.20744050331588337,0.08706758877209235,0.0067171839916873866,0.3,0.06783366801431091,0.43080342171524966,0.01198787245527591,0.06783366801431091,5.270364531916056,2
71,71,1.0,0.2,0.2760563380281689,0.900341825947522,0.0009590464139047643,1.058707482993197,0.056338028169014086,0.07042253521126761,0.0,0.355,0.3091504961145709,0.19206192837462815,0.0934153775769114,0.005045216533183437,0.28320999510895073,0.06868225656253632,0.42162212408973454,0.01732210791856861,0.06868225656253632,5.281966112511594,2
81,81,1.0,0.4583333333333333,0.8512345679012346,0.8693292395654914,-0.00027524226217489,0.8734312303601646,0.09876543209876543,0.13580246913580246,0.0,0.63,0.2833171326713524,0.23098832930542373,0.1481835637310553,0.06725756749998958,0.07900280197262192,0.37437728973626727,0.2226012306937481,0.013482105248874783,0.37437728973626727,5.3803593685960465,2
81,81,1.0,0.19166666666666668,0.3104938271604938,0.9244517807354911,-0.00014811932469229464,0.954847581179589,0.04938271604938271,0.08641975308641975,0.0,0.425,0.28119385439882694,0.2060735400262872,0.09293487938928129,0.006272061903530425,0.12619873256628916,0.04765300098761948,0.29291015041508384,0.0,0.04765300098761948,5.383730665109708,2
53,53,1.0,0.425,0.8907232704402515,0.9079521588584165,0.00134033418007733,0.9210025007355104,0.11320754716981132,0.16981132075471697,0.0,0.265,0.2,0.1947276661375575,0.1876921948167086,0.04137875046320933,0.03069905843406021,0.3813492768792585,0.11095577006966093,0.0,0.3813492768792585,5.393397953119357,2
81,81,1.0,0.24166666666666667,0.3109053497942387,0.8932471124150847,0.0003991772420407275,0.9952338407235826,0.04938271604938271,0.08641975308641975,0.0,0.715,0.3666559275813457,0.19631362949514147,0.06664361820540703,0.005111869169097651,0.28215356866094016,0.07171214420088365,0.465631364777778,0.009959076428239913,0.07171214420088365,5.418805875850161,2
81,81,1.0,0.48333333333333334,0.8799382716049383,0.8992969137493205,0.0003893468357679672,0.8957666900502746,0.09876543209876543,0.12345679012345678,0.0,0.655,0.34281118873091354,0.22443432005634778,0.17444015198022214,0.021041511857770617,0.07793962647585118,0.37001787104643313,0.35241586200601555,0.012127903721625788,0.37001787104643313,5.439728681793998,2
81,81,1.0,0.5416666666666666,0.762448559670782,0.9009960624507086,0.0010704752161967068,0.9418296001439302,0.09876543209876543,0.12345679012345678,0.0,0.845,0.33115131340739346,0.23269615787348852,0.11553882173837782,0.0056133189491571435,0.23195207838528695,0.07330122582421478,0.44866287976054486,0.010975327363298504,0.07330122582421478,5.563809129493248,2
75,75,1.0,0.43333333333333335,0.7811851851851852,0.8272393626951448,0.0004659585740629658,0.8820555450197021,0.09333333333333334,0.12,0.0,0.375,0.3416721289288853,0.18350474045093462,0.14944799455944924,0.008814546216906595,0.03673616680215056,0.04399890453252861,0.13614472803580918,0.016410675977285755,0.04399890453252861,5.63354722243327,1
30,30,1.0,0.175,0.285,0.8339756424626741,0.004581866316364161,1.0767738791423003,0.1,0.16666666666666666,0.0,0.15,0.34226062685368475,0.16030451710966842,0.10385947832219916,0.047582273392629236,0.008230396930799558,0.47321685113778633,0.2380723892508263,0.00804423228665887,0.47321685113778633,5.635646217604489,0
81,81,1.0,0.4583333333333333,0.8537037037037036,0.8656101425368127,-0.0008317405051349976,0.8218040491684744,0.09876543209876543,0.13580246913580246,0.0,0.62,0.3303241102140213,0.21897589918918137,0.1568770128775195,0.01395262241327734,0.061150078164807074,0.30282783942919644,0.3334688766487161,0.012375195880102302,0.30282783942919644,5.638797589590264,2
81,81,1.0,0.5083333333333333,0.8585390946502058,0.9007629234058503,-6.233723837163639e-05,0.9201293189534652,0.09876543209876543,0.13580246913580246,0.0,0.84,0.4921971208070326,0.18402919247760136,0.10790508092925363,0.04390271025755747,0.09991185140141863,0.3064094235548053,0.15697860560860255,0.006515837134992958,0.3064094235548053,5.644757052102226,2
59,59,1.0,0.18333333333333332,0.27302259887005653,0.9237266281051533,5.962404664865713e-05,0.9556436454561131,0.05084745762711865,0.0847457627118644,0.0,0.295,0.20271070588738546,0.21479247919369193,0.11930674596169494,0.029372498540765013,0.011841461668679313,0.24687179911097532,0.18710554757788728,0.010795850407702104,0.24687179911097532,5.682108194717117,2
81,81,1.0,0.5,0.8094650205761318,0.8754008954450783,-0.0009336777469400116,0.8467395356719201,0.09876543209876543,0.13580246913580246,0.0,0.655,0.2989498621052743,0.22334580477399674,0.1731803545303077,0.02036782358148925,0.08224679701170239,0.39093685366285824,0.38438898910024055,0.013254159045614767,0.39093685366285824,5.698434872017183,2
81,81,1.0,0.5166666666666667,0.6444444444444444,0.8431251420318675,0.0005537780276182055,0.9402809706257983,0.08641975308641975,0.1111111111111111,0.0,0.785,0.378005492757018,0.22521146031213118,0.14166760907412287,0.03031723354380622,0.09772301552031688,0.4168947332665511,0.25893976463502727,0.026077894712257067,0.4168947332665511,5.70873329269343,0
81,81,1.0,0.24444444444444444,0.2835390946502057,0.9129464167566657,-0.00042149154802225905,0.9403918722786646,0.04938271604938271,0.06172839506172839,0.0,0.86,0.3243245237317016,0.21473031086723832,0.04429553741707002,0.04722977784475285,0.013725660916347113,0.1661687297078451,0.2067270229562227,0.0,0.1661687297078451,5.729782355463098,1
58,58,1.0,0.1875,0.27485632183908043,0.9030651445309383,0.0010974778555778992,1.0346885345879073,0.05172413793103448,0.08620689655172414,0.0,0.29,0.3278299149956742,0.1851402523984768,0.08469909717004079,0.17017798012025903,0.008392872158878047,0.3865171794304916,0.11958569147719854,0.0,0.3865171794304916,5.746589395849311,2
52,52,1.0,0.32222222222222224,0.5867521367521368,0.7890743720885776,-0.0012742209587751213,0.878969005422028,0.09615384615384616,0.11538461538461539,0.0,0.26,0.2899412180513693,0.16883452967502455,0.18555219702144032,0.04498806861110475,0.07563982275931466,0.27414348276657924,0.2509900869962506,0.028988351346233638,0.27414348276657924,5.761338834327086,1
81,81,1.0,0.525,0.7565843621399178,0.8735583547048751,0.0003751387235339045,0.9010384371317197,0.09876543209876543,0.13580246913580246,0.0,0.84,0.3311661707581388,0.22608689717404878,0.11742697514326261,0.005,0.2616271322888048,0.052456650088799545,0.46355353635154073,0.012952552114297512,0.052456650088799545,5.764835770460301,2
81,81,1.0,0.575,0.7156378600823046,0.9102029327849007,0.0007130727826532074,0.9661280429365537,0.08641975308641975,0.1111111111111111,0.0,0.865,0.5740734393180912,0.15648840704170192,0.07226841428772951,0.03040976064051378,0.007785463170305114,0.6465002598046654,0.085558235247257,0.002416130448467633,0.6465002598046654,5.785594535270058,2
81,81,1.0,0.49166666666666664,0.8076131687242799,0.8612158855811745,0.00024677369502863094,0.9227919320594479,0.09876543209876543,0.12345679012345678,0.0,0.835,0.23534969041990683,0.2669867573435178,0.1455426166423597,0.035214168595166205,0.10464556346571723,0.20393637433985018,0.16449676788304557,0.01642408088775186,0.20393637433985018,5.8377066860299465,2
39,39,1.0,0.25555555555555554,0.4948717948717949,0.7848927903335664,-0.0009872949433396853,0.8995912492803684,0.07717948717948694,0.15384615384615385,0.0,0.195,0.31337742224985426,0.172187532986678,0.15261952130195675,0.016860665274475294,0.015690547099881273,0.07128209276788225,0.22403134797983687,0.050368690348375704,0.07128209276788225,5.841729410832727,1
81,81,1.0,0.18333333333333332,0.2919753086419753,0.9072302197288291,-0.00030104818723538144,0.9281642001409441,0.04938271604938271,0.09876543209876543,0.0,0.435,0.28645395741314644,0.2011451749982457,0.09475234576697317,0.005411863645797955,0.20603700780195788,0.03971619944611227,0.2986965359608417,0.0,0.03971619944611227,5.843794868424106,2
81,81,1.0,0.55,0.8251028806584363,0.9298599203966058,-4.32824858845687e-05,0.9248960931005819,0.09876543209876543,0.13580246913580246,0.0,0.865,0.43105905730104177,0.1995619962585934,0.08662751033329605,0.1353202602399123,0.006726330206108783,0.24288271347121299,0.23665076954129227,0.0,0.24288271347121299,5.890028930987142,2
81,81,1.0,0.2,0.266358024691358,0.9270374593627226,-0.0005316318518238698,0.9413798764001545,0.04938271604938271,0.07407407407407407,0.0,0.425,0.5107235515283104,0.1425317023957989,0.0646746235675645,0.026564238867317486,0.008421940637933915,0.7635134536503888,0.19858760173971363,0.004053495303622636,0.7635134536503888,5.90051687730605,2
80,80,1.0,0.225,0.2579166666666667,0.9073992114174039,-0.0003599954166262944,0.9423209477652126,0.05,0.075,0.0,0.4,0.35399444396507596,0.18081434782417627,0.07062370650741091,0.007130143750706004,0.14694970184653716,0.0711404239071085,0.3182598955784356,0.0,0.0711404239071085,5.93995039004526,2
81,81,1.0,0.6083333333333333,0.6508230452674897,0.9511563046526196,0.00034578540123046377,0.9686115502160396,0.08641975308641975,0.13580246913580246,0.0,0.99,0.33908522283946285,0.2497286256045505,0.057870943798671866,0.01040890440691446,0.007773379845974274,0.6215480629002095,0.25034491629348404,0.00027081026040340876,0.6215480629002095,5.945241974969628,2
58,58,1.0,0.22083333333333333,0.28750000000000003,0.8728320411071955,-0.0011762461885556452,0.9147088955522239,0.05172413793103448,0.10344827586206896,0.0,0.29,0.27648830827640136,0.18997225283697694,0.11526165283266245,0.03812223576821644,0.008942006468371313,0.8755941917682981,0.13150359301801162,0.018670654048634404,0.8755941917682981,5.980016437330448,2
81,81,1.0,0.18333333333333332,0.29660493827160495,0.9093058027295976,0.00010840189157258114,0.9700286160249739,0.04938271604938271,0.07407407407407407,0.0,0.555,0.41438285671491454,0.1713136443611218,0.06709566057444752,0.1385892743348837,0.017335415755141814,0.2848118536645774,0.23078702274806867,0.0,0.2848118536645774,6.038052862697673,2
39,39,1.0,0.175,0.21965811965811965,0.9309499984898897,-0.000150405596376022,0.9623994811932556,0.05128205128205128,0.10256410256410256,0.0,0.195,0.2,0.20803349412017547,0.1028273626120041,0.005,0.14309229975180515,0.039304461552896464,0.26714258558822146,0.0,0.039304461552896464,6.053610999101633,2
16,16,1.0,0.25416666666666665,0.39427083333333335,0.8508665582784567,0.0012072146167931175,0.9768284896521358,0.125,0.1875,0.0,0.08,0.2,0.1799508241113969,0.14040661459387274,0.04018228547638729,0.017402688976575674,0.34935091389126255,0.19637440331792316,0.010022245586840672,0.34935091389126255,6.08911986433181,2
81,81,1.0,0.48333333333333334,0.8108024691358025,0.8515644510530747,-0.0002580902246458883,0.8778749524172058,0.09876543209876543,0.12345679012345678,0.0,0.705,0.317334848096756,0.2337405350109386,0.14960076922581544,0.0535201345381782,0.006767172567883177,0.5376818293123821,0.10535650384455278,0.020896028124376607,0.5376818293123821,6.102067926416363,2
81,81,1.0,0.5555555555555556,0.6624142661179697,0.8618011779095303,-0.00071877141517404,0.9017875796691285,0.08641975308641975,0.13580246913580246,0.0,0.975,0.28895210001051186,0.26430443646140866,0.08868952467665368,0.05990869456154853,0.058855690672835394,0.4887204466878558,0.263525135642487,0.025147557927729602,0.4887204466878558,6.122651162770808,1
41,41,1.0,0.39166666666666666,0.8920731707317072,0.92973785722663,0.00034425950704463216,0.7943113465481885,0.12195121951219512,0.1951219512195122,0.0,0.205,0.36983365995528095,0.15016673164698657,0.16919133587482754,0.1570070882279176,0.02118102423254876,0.5291811773818639,0.05,0.0,0.5291811773818639,6.125173510205033,2
56,56,1.0,0.17916666666666664,0.21428571428571427,0.9355300744114778,-0.0007300279434699069,0.963888888888889,0.05357142857142857,0.07142857142857142,0.0,0.28,0.36736520008179024,0.17447225118744908,0.06460258134477857,0.011677385265764109,0.012683602010652004,0.6171046376223206,0.2491640777077565,0.0016117343311226795,0.6171046376223206,6.149298620173288,2
81,81,1.0,0.5,0.7821673525377228,0.8451609034432461,-0.0006391553129413218,0.8415752757317119,0.0865432098765431,0.12345679012345678,0.0,0.665,0.36451406232746086,0.20988847323447446,0.1364367417224605,0.03435042333012982,0.016291953321773762,0.39151307391957163,0.13642224497458283,0.015306806071864338,0.39151307391957163,6.172734623429833,1
81,81,1.0,0.5416666666666666,0.8612139917695474,0.9248547327967328,-6.286805222698379e-05,0.902436885278541,0.09876543209876543,0.12345679012345678,0.0,0.94,0.2,0.2966334052209918,0.12786706781995896,0.020703924742865767,0.09306116517956405,0.16059963782352402,0.13885111219506685,0.007430302045074957,0.16059963782352402,6.2129970539395405,2
81,81,1.0,0.55,0.7539094650205762,0.8819301504310901,0.0003821170239094229,0.9309970887918486,0.09876543209876543,0.12345679012345678,0.0,0.84,0.4869643080956158,0.1922761621242895,0.09860273770866725,0.05055114936292764,0.06970735970932135,0.48123255114483016,0.13922379126569312,0.007410326971509432,0.48123255114483016,6.231628457851138,2
25,25,1.0,0.17777777777777778,0.20133333333333328,0.8350532310122925,-0.00031243169519512413,0.9646578366445917,0.08,0.16,0.0,0.125,0.24339653539154815,0.19217390236103848,0.0852888494660516,0.005,0.0800307934028882,0.02773606050476369,0.5447807443951374,0.033035212919160055,0.02773606050476369,6.248797656093339,1
81,81,1.0,0.35555555555555557,0.4034293552812071,0.817115530291773,-0.0009964451676967231,0.8855714231742795,0.06172839506172839,0.07407407407407407,0.0,0.92,0.7368526811670235,0.09771779043640844,0.035914849715002216,0.006124058295612465,0.050632298562656004,0.8977587085221483,0.5378422759412855,0.018659764095258564,0.8977587085221483,6.249306486353371,1
81,81,1.0,0.5833333333333334,0.7641975308641974,0.9365960954998107,-6.625943681663477e-05,0.9058535271943995,0.09876543209876543,0.13580246913580246,0.0,0.92,0.4185721253011229,0.21574489066290714,0.08740401711644234,0.03205100383997796,0.10280590503488636,0.35657152525552577,0.15098926758014386,0.007277435599410256,0.35657152525552577,6.308790056987579,2
81,81,1.0,0.5,0.6506172839506174,0.8186960711881471,0.0011481783803607485,0.9671916508538899,0.08641975308641975,0.1111111111111111,0.0,0.835,0.6356713637414131,0.14229825546768535,0.07103208982159778,0.008885640315846058,0.06326546248094117,0.6742453910050158,0.5392082802981305,0.0147638242206104,0.6742453910050158,6.329779414417802,1
81,81,1.0,0.18333333333333332,0.24526748971193416,0.9212407541271814,-0.0004612310018202443,0.952930648769575,0.04938271604938271,0.07407407407407407,0.0,0.445,0.36006305726433774,0.18643485787116643,0.05526096497452039,0.012040980802526842,0.011696630878767406,0.8239720573257939,0.22866104043224877,0.0,0.8239720573257939,6.424349125882906,2
81,81,1.0,0.4888888888888889,0.7323731138545954,0.8231095209049395,-0.0006009509986863828,0.8501340242658841,0.08641975308641975,0.12345679012345678,0.0,0.58,0.2,0.2598617227363989,0.20101841852464333,0.00987891034981614,0.029773051242195217,1.0,0.34568880772479593,0.05099613673148706,1.0,6.429640184643056,1
58,58,1.0,0.26666666666666666,0.49099616858237544,0.7719191966267618,-0.000826351893394,0.9060263580006069,0.08620689655172414,0.13793103448275862,0.0,0.29,0.2574748765120618,0.19563269991483956,0.15459996312232405,0.005,0.02449779645040465,0.02109385126734525,0.5228708851363191,0.052494036459176975,0.02109385126734525,6.432886085971951,1
81,81,1.0,0.4444444444444444,0.7375857338820302,0.8076219964171789,0.0003995017674380797,0.9314510363069041,0.09876543209876543,0.12345679012345678,0.0,0.46,0.43954112887825403,0.16186044606657418,0.15425771909443872,0.026180426072246445,0.0378945302297676,0.4081109701801081,0.2511811270037829,0.019447059298025617,0.4081109701801081,6.53276787578021,1
81,81,1.0,0.4777777777777778,0.6729766803840879,0.8034449086846669,0.0005837214063282676,0.9642985912941071,0.08641975308641975,0.13580246913580246,0.0,0.63,0.4320386993731173,0.17341477066126634,0.13309473524634116,0.3,0.012819656081481454,0.14908304942603443,0.39928479273831424,0.040051584436307866,0.14908304942603443,6.539183748483352,1
81,81,1.0,0.4666666666666667,0.4773662551440329,0.8066492758887224,-0.00012432769824019426,0.95,0.07407407407407407,0.09876543209876543,0.0,1.0,0.47571981019838383,0.19824665260330981,0.03509837719753845,0.015197474005512657,0.15617984785485237,0.6365855378182608,0.6,0.040621658697238515,0.6365855378182608,6.550829192256859,1
81,81,1.0,0.5666666666666667,0.769341563786008,0.8762578779528294,0.0007686500094335292,0.9737358473745208,0.08641975308641975,0.13580246913580246,0.0,0.87,0.36768645412546985,0.24369235922311888,0.13140031061979063,0.04610664797828711,0.01025437062194653,0.8533426413105092,0.05,0.020677737279900337,0.8533426413105092,6.559121761635411,2
53,53,1.0,0.37777777777777777,0.6433962264150945,0.7794702177509644,-0.0007372490506606524,0.8659856630824372,0.09433962264150944,0.1320754716981132,0.0,0.265,0.26595233248461214,0.1846355952306573,0.16807640831445406,0.025994662687698324,0.01619993761536801,0.07632286304151797,0.22981209615568132,0.03558853738908579,0.07632286304151797,6.579473875876969,1
81,81,1.0,0.21666666666666667,0.2431069958847736,0.9035606487027878,-0.0005841474281662843,0.9529662152630836,0.04938271604938271,0.06172839506172839,0.0,0.595,0.35549152628169706,0.1924551887106732,0.06157907374916094,0.013360560951265919,0.009596496564890963,0.5901200400901758,0.20502982084719357,0.001252499201120417,0.5901200400901758,6.584898392008685,2
81,81,1.0,0.23333333333333334,0.2624142661179698,0.874994631729273,0.0008464252137415697,1.045902886681768,0.04938271604938271,0.07407407407407407,0.0,0.915,0.5009484440904421,0.1616951301938414,0.02939722576378395,0.057087676296737035,0.05254739368433306,0.17398153918075732,0.15851245558096339,0.0,0.17398153918075732,6.604000265665943,1
81,81,1.0,0.45,0.8356995884773664,0.8258972504825914,0.0007572641822169576,0.8852713488448439,0.09876543209876543,0.13580246913580246,0.0,0.47,0.3861553741949547,0.17441564257511355,0.16174665355196316,0.03213476855189238,0.06291933437350435,0.3941952631669062,0.3955079546987357,0.019780161445007195,0.3941952631669062,6.637607383998135,2
81,81,1.0,0.2222222222222222,0.3171467764060356,0.8690150894325485,-0.0005222515342820414,0.9008342945021146,0.04938271604938271,0.06172839506172839,0.0,0.82,0.4561199729881147,0.17704845682641446,0.055976810590011784,0.014101723528221926,0.07190742011695082,0.5023386287362039,0.594933244548056,0.0055031803557104506,0.5023386287362039,6.71179745121449,1
52,52,1.0,0.28888888888888886,0.42008547008547004,0.7771245115486878,-9.906530223217836e-05,0.9386481293093704,0.07692307692307693,0.09615384615384616,0.0,0.26,0.2,0.20242739745583938,0.1580971043634774,0.02520477247135045,0.021701847562983684,0.6187987897566969,0.4442736817040566,0.05182063708771363,0.6187987897566969,6.712161076203489,1
60,60,1.0,0.2777777777777778,0.5092592592592593,0.7693688153147766,-0.001051362342444868,0.862989898989899,0.08333333333333333,0.11666666666666667,0.0,0.3,0.36926764612871965,0.1676026333870879,0.14182203023417644,0.05058320963503476,0.013235455292771408,0.06972974560639295,0.16635371594001017,0.041452158778949,0.06972974560639295,6.716139885471877,1
81,81,1.0,0.5333333333333333,0.9203703703703703,0.9325677340889105,-0.0004741672819729792,0.8678258439526045,0.09876543209876543,0.12345679012345678,0.0,0.745,0.2501791936480517,0.24590759283198482,0.13849100845078677,0.006783654919385516,0.07229667106284719,0.05572374328124712,0.09452093103518436,0.00023418297565046232,0.05572374328124712,6.719981127967785,2
81,81,1.0,0.19166666666666668,0.2522633744855967,0.8933116232869756,3.474730934491278e-05,0.9852147906470908,0.04938271604938271,0.07407407407407407,0.0,0.425,0.4057531918671968,0.17005844797329112,0.061862247959482114,0.15155960567639276,0.015089778240434224,0.21764217982310377,0.19065845622938649,0.005262878685861024,0.21764217982310377,6.727520177332409,2
18,18,1.0,0.14444444444444443,0.23888888888888887,0.8539368278746537,0.0027932410169636815,0.9731007751937985,0.1111111111111111,0.16666666666666666,0.0,0.09,0.33087547109029786,0.1571785376304255,0.11948828292966736,0.02624608613216014,0.026596619314341537,0.5065962318569949,0.12917960771102555,0.0018711040402052915,0.5065962318569949,6.784370936140673,1
81,81,1.0,0.5666666666666667,0.8187242798353909,0.9089250428848878,-0.0005314149170306549,0.8634326045069951,0.09876543209876543,0.12345679012345678,0.0,0.55,0.38240036986188125,0.193959113310118,0.12107792047979433,0.1321472762345398,0.006370626882230977,0.6534166290581023,0.10783058170769855,0.0029349945159012807,0.6534166290581023,6.826919192086796,2
81,81,1.0,0.5222222222222223,0.693278463648834,0.8232443782119586,0.0004660431603701685,0.9119474123906258,0.08641975308641975,0.12345679012345678,0.0,0.89,0.3475961898644647,0.23692624434128606,0.12164262044586657,0.011831730637270254,0.03199576370333712,0.030027078502116594,0.47958412880425527,0.04303649909003985,0.030027078502116594,6.851786898741255,1
81,81,1.0,0.5833333333333334,0.7847736625514403,0.9134050839987502,-0.0002456569293061019,0.8895315504282467,0.09876543209876543,0.12345679012345678,0.0,0.76,0.4699824732138353,0.18161507000187138,0.09819345201173506,0.032081890808350305,0.051902557156199826,0.2995266988568662,0.11000031097158966,0.0,0.2995266988568662,6.905179459878894,2
81,81,1.0,0.3333333333333333,0.4588477366255145,0.7890018361129805,-0.00043777742562638936,0.9150224215246636,0.06172839506172839,0.09876543209876543,0.0,0.445,0.27792084685776447,0.21001851724656911,0.13568855935638954,0.006702446095684426,0.04614093170864951,0.021040282456406833,0.5913151520336193,0.050322110287924354,0.021040282456406833,6.923293146117069,1
81,81,1.0,0.43333333333333335,0.6731138545953361,0.7854502486607452,-0.0007411159683805497,0.8711933066141342,0.08641975308641975,0.12345679012345678,0.0,0.55,0.309583522807558,0.21698233927982058,0.1619022722084894,0.017636962985529053,0.05097355832883247,0.08208457901823256,0.10807166835559803,0.03494204059005634,0.08208457901823256,6.928490574351631,1
64,64,1.0,0.19166666666666668,0.26888020833333337,0.8938589573446041,-0.0009411630710624467,0.8714184826472964,0.046875,0.078125,0.0,0.32,0.4578757932526494,0.14957362715150616,0.07083623581575478,0.14325665799370543,0.007124700320484554,0.22080200916985987,0.24667681072875725,0.0016595141380936426,0.22080200916985987,7.015232788633334,2
81,81,1.0,0.35555555555555557,0.4934156378600823,0.7673381943948145,0.0016305052780422164,1.0528190158465387,0.07407407407407407,0.1111111111111111,0.0,0.685,0.5821499954941142,0.13976088166477107,0.089531156046832,0.048494872970172374,0.1314719306009132,1.0,0.24942941153469694,0.046378648479575825,1.0,7.049322015101835,1
81,81,1.0,0.4111111111111111,0.5427983539094651,0.7764602488054843,0.0003190001786286086,0.953093252463988,0.07407407407407407,0.1111111111111111,0.0,0.9,0.3184716639086138,0.23617125303349218,0.08739165818815468,0.005,0.07217485139980864,0.04488397453014418,0.6,0.041355024794813545,0.04488397453014418,7.059598364550505,1
81,81,1.0,0.5916666666666667,0.8210905349794237,0.9482176002971111,-0.00011022353857515125,0.9230295911122248,0.09876543209876543,0.12345679012345678,0.0,0.95,0.3306303685049592,0.2629867279408035,0.10694929790863374,0.016718156366013863,0.009177378431394415,0.5244039596694883,0.24130600003184588,0.008088766129954957,0.5244039596694883,7.0637069881490255,2
81,81,1.0,0.37777777777777777,0.3917695473251029,0.794530411005668,0.0011132428058719978,1.0423529411764705,0.06172839506172839,0.09876543209876543,0.0,1.0,0.2,0.27353682302935567,0.036634251355648316,0.005286705868563542,0.016700790619238452,0.032719855710370775,0.4741097992872358,0.056817177694916204,0.032719855710370775,7.077043547395866,1
17,17,1.0,0.16666666666666666,0.17254901960784316,0.8841294338938855,0.004016492066730415,1.04,0.11764705882352941,0.17647058823529413,0.0,0.085,0.307497926914628,0.17685570836489312,0.05494492409145111,0.007362367666205602,0.08621169347209388,0.06058883049563394,0.37500737145744895,0.007710899079439929,0.06058883049563394,7.107094115966101,1
81,81,1.0,0.6083333333333333,0.7683127572016462,0.9098918041621797,0.0006951122399798462,1.0112676307802178,0.08654320987654028,0.12345679012345678,0.0,0.965,0.40040965182773514,0.2395163477611595,0.07339883906268187,0.011509248074317793,0.00916498976770194,0.7188604019491068,0.27535631324071314,0.008093152003242503,0.7188604019491068,7.200681046554471,2
53,53,1.0,0.23333333333333334,0.3465408805031447,0.78241941197621,-0.00040297084300909883,0.9588566243194191,0.07547169811320754,0.09433962264150944,0.0,0.265,0.297897285015503,0.18380606268202365,0.1197317505942675,0.00566953086755493,0.03391004236194076,0.02,0.5492970592520229,0.04080129288199348,0.02,7.2117486708785625,1
74,74,1.0,0.25,0.5286786786786788,0.7630623319883613,0.0006279515973257429,1.0127990785446053,0.08108108108108109,0.0945945945945946,0.0,0.37,0.3464853346961029,0.17881851687217237,0.1575096579300164,0.08914680827735305,0.027487763138248075,0.47599259697858076,0.38469571450069273,0.04084241029048371,0.47599259697858076,7.233516433108686,1
39,39,1.0,0.3888888888888889,0.8327635327635327,0.8778883613376497,-1.5169868662153142e-05,0.8572513019348461,0.1282051282051282,0.1794871794871795,0.0,0.195,0.2,0.1851724058752201,0.22815560133700333,0.006526193499368485,0.0466277738404327,0.07471019427841599,0.12865310429649485,0.004721293587727391,0.07471019427841599,7.254258367324771,1
81,81,1.0,0.48333333333333334,0.8879629629629631,0.8430058076285717,-0.0005975310085168243,0.8344957131271,0.09876543209876543,0.14814814814814814,0.0,0.525,0.39545724772635377,0.1882237243059398,0.168154810226765,0.023326583682797643,0.05904289919166904,0.3204645200106557,0.36341313478475223,0.017721604708158405,0.3204645200106557,7.29826811741954,2
69,69,1.0,0.25555555555555554,0.35829307568438,0.800784599600936,0.0009045661217323993,1.0293508114856431,0.057971014492753624,0.08695652173913043,0.0,0.345,0.4707693764403449,0.14481149237580987,0.09555353590856115,0.005,0.12410902856506177,0.02903561172854356,0.3199992404458071,0.030788012236896367,0.02903561172854356,7.298920405261801,1
22,22,1.0,0.29444444444444445,0.3732323232323233,0.7641044379667632,0.0006783298806827236,0.9420823936250188,0.09090909090909091,0.13636363636363635,0.0,0.11,0.39476051483198793,0.12586055208548608,0.1325620272758962,0.05413469518106748,0.005,0.2992443370920425,0.26100209179888395,0.027467254753630484,0.2992443370920425,7.339187529016743,1
18,18,1.0,0.2111111111111111,0.4117283950617284,0.7878163988023897,0.002980304187472132,0.9875245710478094,0.1111111111111111,0.16666666666666666,0.0,0.09,0.42345178144051415,0.12255514046228097,0.13347842507802374,0.2880234711531264,0.020517427066794224,0.13154407694004353,0.2990306690397587,0.019982682516680266,0.13154407694004353,7.341029500021857,1
81,81,1.0,0.5916666666666667,0.8166666666666665,0.9233845808007549,-0.00030502693925996377,0.8702607709750566,0.09876543209876543,0.12345679012345678,0.0,0.925,0.4433978633660787,0.20808988185676675,0.09089023338577779,0.03709896621271367,0.07446334454927582,0.49764586653237003,0.15603704838215585,0.0002731337461509123,0.49764586653237003,7.362621204408687,2
81,81,1.0,0.35555555555555557,0.4842249657064472,0.7809469756583456,-0.0008652519429298487,0.8670129052565313,0.061851851851851734,0.1111111111111111,0.0,0.6,0.2749625466380199,0.22140210739563637,0.14446281999335817,0.011512516499848984,0.006108934701063585,0.04725599742694201,0.4221776815269048,0.05647807540831569,0.04725599742694201,7.36799990339764,1
72,72,1.0,0.2,0.24891975308641978,0.845468221263084,0.0005286612152126158,0.9796314665564511,0.05555555555555555,0.06944444444444445,0.0,0.36,0.22554530081473492,0.21979700892980047,0.10386554666470975,0.0474756670558599,0.10615566312227646,0.6674024181020103,0.25220711172908933,0.043977544830018866,0.6674024181020103,7.3852924282251475,1
81,81,1.0,0.5583333333333333,0.7994855967078188,0.8706015490380281,-0.0011447393813722759,0.8394414060824434,0.09876543209876543,0.12345679012345678,0.0,0.77,0.20438866703419156,0.2656591340811218,0.15012402318188545,0.019447108190202473,0.1335127242783934,0.1139566440790335,0.15146210659540862,0.022449819409725187,0.1139566440790335,7.403328310156943,2
29,29,1.0,0.325,0.6922413793103449,0.887313428608148,-0.000886538914988376,0.7949076380240765,0.13793103448275862,0.1724137931034483,0.0,0.145,0.3831249203628803,0.14460344292113436,0.12957486638549842,0.10739476813770325,0.032599130869673816,0.6142232623607574,0.062487414482872795,0.0,0.6142232623607574,7.424225406394248,2
44,44,1.0,0.5375000000000001,0.8740530303030305,0.9260996735569004,0.0014458060207832029,0.8581753340556157,0.11363636363636363,0.18181818181818182,0.0,0.22,0.3450765631299264,0.16654013413433882,0.13766590870391157,0.15730546036373905,0.019644273117202946,0.4279708804282179,0.05,0.0,0.4279708804282179,7.447741278446572,2
81,81,1.0,0.525,0.8377572016460906,0.8454508233146241,0.0012911773517130924,0.9615570633263744,0.09876543209876543,0.12345679012345678,0.0,0.785,0.35558923308225066,0.2317649775727902,0.16892623976764568,0.016455664146592993,0.07804190967062388,0.3795724566198774,0.3534740983069444,0.022501863470615377,0.3795724566198774,7.467084949957026,2
81,81,1.0,0.4166666666666667,0.4174897119341564,0.7919225316381784,0.0007772345671789828,1.0377517660588138,0.061851851851851734,0.09876543209876543,0.0,0.985,0.5354028955038908,0.17299010600503228,0.025161388104552228,0.023223864261754074,0.210588711593072,0.7763432056004018,0.576101925483829,0.04448150007803281,0.7763432056004018,7.513132162854439,0
81,81,1.0,0.425,0.9997942386831276,0.8900544476383154,-0.0008231964646963914,0.7897094738286342,0.1111111111111111,0.13580246913580246,0.0,0.605,0.4592174773101783,0.1704060958534619,0.1272300741435935,0.03994434198845073,0.05941420678855074,0.3262906833397841,0.10358194518491151,0.005893684970532819,0.3262906833397841,7.5249581906200955,2
81,81,1.0,0.4444444444444444,0.7108367626886145,0.780787970282417,-4.969388100484195e-06,0.8597444144260045,0.08641975308641975,0.12345679012345678,0.0,0.61,0.4406478354247062,0.18642626645020588,0.14370294858020347,0.04075443970029765,0.049596311496020735,0.5380358854081911,0.311700887597856,0.04489453043725123,0.5380358854081911,7.563557001716673,1
81,81,1.0,0.5583333333333333,0.8397119341563786,0.8677748361144003,0.0002999275184071816,0.9101686678101774,0.09876543209876543,0.14814814814814814,0.0,0.51,0.5619321039464911,0.13984263169120204,0.1128280477223989,0.03888396457948046,0.0066902405854506065,0.5436766062224058,0.17377076872972175,0.00649110632332319,0.5436766062224058,7.637377844815499,2
81,81,1.0,0.6333333333333333,0.7171810699588478,0.9196791057763914,0.0003976304197919944,0.9578681920336632,0.08654320987654028,0.12345679012345678,0.0,0.975,0.39853238064317864,0.22579553717102668,0.06531747514534562,0.10447168931077197,0.00795225693581244,0.24208216806531954,0.25006536665518847,0.0,0.24208216806531954,7.64463990859132,2
77,77,1.0,0.26666666666666666,0.422943722943723,0.7792939297091649,-0.000809922332794387,0.9176765609007165,0.06493506493506493,0.07792207792207792,0.0,0.385,0.3520949641732966,0.17810164463311717,0.11043701196565517,0.005,0.18599291936807671,0.048836975610765485,0.33246274118792424,0.033727051172023535,0.048836975610765485,7.645460975591053,1
81,81,1.0,0.5583333333333333,0.8612139917695474,0.8740752263962185,0.00030774201712998375,0.9143828893401824,0.09876543209876543,0.13580246913580246,0.0,0.935,0.45798281471138075,0.20452438419891228,0.094040847964738,0.03222085418029962,0.07774196252431707,0.34575856956229134,0.19375598564751217,0.011562828602724043,0.34575856956229134,7.72106957618031,2
81,81,1.0,0.43333333333333335,0.534156378600823,0.7719989839232472,-0.000758409883806154,0.8859681561376476,0.07407407407407407,0.1111111111111111,0.0,0.77,0.4363766819899295,0.19734887386536032,0.12176306868120239,0.1015360771835836,0.21901589773668048,0.4813848941099007,0.42197967023641997,0.05728382605340008,0.4813848941099007,7.773459233025182,1
81,81,1.0,0.5888888888888889,0.7551440329218105,0.8598760823835102,-0.00039548597332827263,0.9225703905540419,0.0865432098765431,0.13580246913580246,0.0,0.95,0.20866725981111878,0.30750590244641507,0.11948984907861125,0.037731155090415865,0.020491378194869334,0.49233476631425893,0.4574996170296679,0.03442758572941971,0.49233476631425893,7.778313401291054,1
81,81,1.0,0.6166666666666667,0.7683127572016462,0.9196266307559418,-0.00020248270675842504,0.9277111230137477,0.09876543209876543,0.12345679012345678,0.0,0.96,0.3898038478366758,0.22356600853562425,0.07311992489863797,0.12263305211878071,0.01360183035635232,0.22286757121469727,0.2026492561453147,0.003470205962202494,0.22286757121469727,7.787115320483235,2
81,81,1.0,0.5333333333333333,0.6735253772290809,0.8123879634883692,9.144889483550242e-05,0.902489250961756,0.08641975308641975,0.09876543209876543,0.0,0.935,0.3040057243716876,0.2506546646285757,0.09915363242850216,0.007115586588089346,0.054281374678206984,0.021566659662497357,0.6,0.045346936016135944,0.021566659662497357,7.798590645060091,1
81,81,1.0,0.6166666666666667,0.8063786008230454,0.9496048963141137,-0.0003412924955969883,0.9164068214680617,0.09876543209876543,0.12345679012345678,0.0,0.995,0.403436614827469,0.2272113127223926,0.08207920358687014,0.005,0.13927100887918278,0.09337276668588088,0.31494455539399774,0.0,0.09337276668588088,7.8182511659057194,2
81,81,1.0,0.36666666666666664,0.5015089163237312,0.7573631659357001,-8.210515196771791e-05,0.9498127887186969,0.07407407407407407,0.1111111111111111,0.0,0.705,0.2,0.26610398455968237,0.16270520908133887,0.00973295357987562,0.01252389441067043,0.02,0.36936226985146864,0.06917769741410107,0.02,7.8550607478780865,1
81,81,1.0,0.45555555555555555,0.49080932784636483,0.778505217904801,-0.0003485854616624512,0.9344500341593692,0.07407407407407407,0.09876543209876543,0.0,0.93,0.36466310644432476,0.21647838386686147,0.06655833262351114,0.07972406712707654,0.3,0.053537020198469246,0.3209418149182729,0.049054969137747144,0.053537020198469246,7.8670003956744115,1
81,81,1.0,0.5666666666666667,0.8106995884773663,0.8586771481804694,0.0004518681488726707,0.9575296108291032,0.09876543209876543,0.13580246913580246,0.0,0.805,0.44638181147059774,0.19329738413325326,0.11246013697978625,0.005,0.042769217723316426,0.15410922183250475,0.2501444161216554,0.01928374452085223,0.15410922183250475,7.8679212938913095,1
81,81,1.0,0.575,0.8013374485596707,0.8644808664626672,-0.0003788547203248325,0.9043393460863611,0.09876543209876543,0.13580246913580246,0.0,0.89,0.23508723916539614,0.27338846932858807,0.12405489925104782,0.054658154343457055,0.08046869683335497,0.31345337705801024,0.20849373698517437,0.022303479614677896,0.31345337705801024,7.937344833445971,2
69,69,1.0,0.2111111111111111,0.31932367149758456,0.8038743305540795,-0.0008801966797898188,0.8692839132627332,0.057971014492753624,0.08695652173913043,0.0,0.345,0.23516186857717022,0.21210820267216246,0.11809555343787972,0.034911855433283415,0.06221355592412499,0.2508031020509845,0.2642497392776208,0.031138115076108835,0.2508031020509845,8.03705733245235,1
50,50,1.0,0.48333333333333334,0.7044444444444444,0.7877470439940846,0.0006873032627981435,0.94086926042762,0.1,0.16,0.0,0.25,0.24858666291815887,0.1835509289169852,0.2061601590073511,0.04060336286915418,0.04294448215756234,0.06508457409599051,0.21656020770885454,0.04488009046312272,0.06508457409599051,8.061936549723958,1
81,81,1.0,0.55,0.6487654320987655,0.8155471428795966,-0.0012653575729836507,0.8315842055185536,0.08641975308641975,0.1111111111111111,0.0,0.965,0.4428071412796086,0.20034001311590482,0.07095644711524997,0.0051953541896685275,0.13344243485428717,0.06612216318353771,0.33209278347912646,0.024039534917247342,0.06612216318353771,8.067005362856461,0
81,81,1.0,0.18333333333333332,0.22355967078189298,0.8725474845031923,-0.0011119456154661807,0.9213341770210156,0.04938271604938271,0.06172839506172839,0.0,0.56,0.3475066137614841,0.1956639350581657,0.05232835927365103,0.01672268728016301,0.011137607341094575,0.6740492914986702,0.21386298765409556,0.0,0.6740492914986702,8.071547597606473,2
81,81,1.0,0.6,0.8179698216735254,0.8941991177597586,0.0002462940598344652,0.904379041123968,0.09876543209876543,0.13580246913580246,0.0,0.805,0.39974890896943577,0.21001056287992897,0.11686985097173092,0.05235418178716004,0.14663083041832042,0.19213879436098005,0.2074709855118949,0.00802903002099108,0.19213879436098005,8.088495735572929,1
58,58,1.0,0.4708333333333333,0.9734195402298851,0.9281858367212428,0.0004905398681531933,0.8614729397293972,0.1206896551724138,0.1724137931034483,0.0,0.29,0.3341963577847402,0.1739889585401606,0.1542988114790436,0.09472800898281288,0.023640891845876536,0.5431245031243184,0.06919760286388511,0.0006790375634600915,0.5431245031243184,8.12541056308857,2
78,78,1.0,0.35,0.6944444444444445,0.7534330296334528,-0.0002758591726252718,0.899025641025641,0.08974358974358974,0.11538461538461539,0.0,0.39,0.35213495923717014,0.18181838448337012,0.2180791644256427,0.02691833891613646,0.04149726259825339,0.7459095100293973,0.4109025188730431,0.04809536114185042,0.7459095100293973,8.151939476170403,1
81,81,1.0,0.5777777777777777,0.8998628257887517,0.9000915525142872,4.4757137285381073e-05,0.9150745257452575,0.09876543209876543,0.13580246913580246,0.0,0.925,0.35629639378925426,0.23990510630690792,0.11008921584448049,0.030282106496641474,0.00908744874517615,0.3147734982312525,0.23595272426598157,0.0,0.3147734982312525,8.165573137571158,1
81,81,1.0,0.36666666666666664,0.5175582990397806,0.7581823876965533,-0.0007263486610218016,0.8793388697470331,0.07407407407407407,0.08641975308641975,0.0,0.625,0.25374576402348265,0.24535903757417465,0.16124850580655806,0.03527183709256737,0.3,1.0,0.42611167660673316,0.0712775432372517,1.0,8.166369169631071,1
81,81,1.0,0.32222222222222224,0.4277091906721536,0.7700151777560945,0.0003988571059260903,1.0057287434965432,0.06172839506172839,0.08641975308641975,0.0,0.62,0.2,0.24231377713227026,0.11639414534828933,0.015888041186262455,0.01166394165189721,0.0454321562102188,0.2729587000207198,0.061905185717693705,0.0454321562102188,8.168483004136876,1
32,32,1.0,0.13333333333333333,0.14097222222222222,0.8673048265566068,-0.001424074802080088,0.9380514504652437,0.0625,0.09375,0.0,0.16,0.3123538223827884,0.18545854361501918,0.047190435051038905,0.0053203836499238774,0.07486705098435267,0.05484170520381094,0.22248297292595492,0.018051426746390025,0.05484170520381094,8.190301001444059,1
81,81,1.0,0.6,0.7462962962962963,0.856794439871558,-0.0003795780980568683,0.9158491866556384,0.08654320987654028,0.13580246913580246,0.0,0.835,0.25418099972868236,0.2632129741495192,0.12757709436704065,0.045124874407268596,0.08827137169921773,0.3411877663684828,0.21276292859013607,0.021519974057886977,0.3411877663684828,8.208070736498987,2
81,81,1.0,0.3111111111111111,0.34334705075445815,0.7766957014929291,0.00014606209906634158,0.9755808585253252,0.06172839506172839,0.08641975308641975,0.0,0.725,0.3240300010357192,0.2139007784989712,0.0933912839548769,0.005,0.025540747084527617,0.032081426847723166,0.5762310281804164,0.0666184639683098,0.032081426847723166,8.306886727662482,1
81,81,1.0,0.4666666666666667,0.577366255144033,0.7689680294864443,3.139815494163076e-05,0.9481848420052268,0.07407407407407407,0.12345679012345678,0.0,0.95,0.38740092888368716,0.23070485785160993,0.10991467621435068,0.115404172890641,0.20691637203804195,0.6448721143147311,0.16113141538988596,0.060238264664952385,0.6448721143147311,8.35087515436195,1
81,81,1.0,0.2222222222222222,0.2692729766803841,0.823871474631391,0.0006892804455904222,1.0348848134940851,0.04938271604938271,0.08641975308641975,0.0,0.53,0.2413202514580483,0.22040586739620427,0.09044323755993602,0.007680048497782915,0.0158778080318985,0.02,0.5697230072560105,0.04248908599521839,0.02,8.351007420928084,1
29,29,1.0,0.2222222222222222,0.29731800766283517,0.7703653520620567,0.0016588332825924344,0.9908705612829324,0.0693103448275859,0.13793103448275862,0.0,0.145,0.2,0.1848520797019424,0.12813869796365704,0.017895465158369456,0.005,0.025335283982207475,0.329901528901312,0.0897505098691066,0.025335283982207475,8.355918137630809,1
81,81,1.0,0.6166666666666667,0.701851851851852,0.8625673424595182,4.126099380768021e-05,0.9189284667253006,0.08641975308641975,0.12345679012345678,0.0,0.95,0.29983557927961796,0.269219776614006,0.11994030499786769,0.03836134170681231,0.08969899502767341,0.4377723039458865,0.19866897612181644,0.02566614825553284,0.4377723039458865,8.360705789113238,2
81,81,1.0,0.4,0.5919067215363513,0.7493804748095495,-0.00037165344670524045,0.9003411870735163,0.08641975308641975,0.1111111111111111,0.0,0.57,0.2519695741133448,0.21788598372293577,0.1893244335293959,0.03849005786676295,0.03639316830137967,0.6263625047741442,0.487818334809989,0.07062515387389205,0.6263625047741442,8.497023757433995,1
81,81,1.0,0.2,0.2141289437585734,0.8530415600447503,1.1932464895145247e-05,0.9785600398604882,0.04938271604938271,0.06172839506172839,0.0,0.74,0.34031324197433344,0.20523295910970712,0.049840853093776685,0.09639161964769581,0.17297279633986673,0.3732186461109868,0.057481508714623555,0.02092607401525926,0.3732186461109868,8.509833498040633,1
40,40,1.0,0.28888888888888886,0.4780555555555555,0.7452127871364151,-0.0004929379121345543,0.9320543611595324,0.1,0.125,0.0,0.2,0.3078691995536533,0.14209755053144169,0.22337389134943184,0.03341354049767846,0.015273438297264567,0.10947196242765031,0.2317325486604651,0.04884436896752964,0.10947196242765031,8.568938200825109,1
81,81,1.0,0.4666666666666667,0.5746227709190673,0.7686926050251071,-0.0005678532206172598,0.890793082411607,0.07407407407407407,0.09876543209876543,0.0,0.495,0.20353585954031042,0.23585725337050306,0.18880614350912425,0.07890044509885182,0.3,0.6345840560416767,0.29081774853210846,0.0715491432327043,0.6345840560416767,8.674586364664465,1
81,81,1.0,0.6,0.8831275720164609,0.9021374747224804,5.462264524783231e-05,0.8927990059024542,0.09876543209876543,0.13580246913580246,0.0,0.8,0.3579154019118444,0.2256883981184875,0.10739745693242193,0.03763567754805449,0.013716026641938939,0.4690130599304254,0.133903324872359,0.0040802329109269845,0.4690130599304254,8.684894769819438,0
81,81,1.0,0.25555555555555554,0.3263374485596708,0.800487089546529,0.0002141452256769815,0.9905464480874318,0.04938271604938271,0.08641975308641975,0.0,0.505,0.20413446507371938,0.2300930539916884,0.10747257259967444,0.035215488935794015,0.007863476999530779,0.029278960812380683,0.3701877538816642,0.05072301723481624,0.029278960812380683,8.724064712630918,1
81,81,1.0,0.4666666666666667,0.962037037037037,0.8470195525885384,0.0006886558906265192,0.8817594374933162,0.1111111111111111,0.13580246913580246,0.0,0.645,0.35624225413463134,0.22043279880808175,0.18494358995093563,0.03261639144577034,0.09962369299195287,0.3144492762680868,0.3685864842325897,0.013438883682129813,0.3144492762680868,8.738291947240311,2
81,81,1.0,0.5666666666666667,0.8072702331961591,0.8340137727354872,0.0002711057768400646,0.9661238553761918,0.09876543209876543,0.14814814814814814,0.0,0.76,0.36833303924688743,0.22336525609458868,0.12614195655535634,0.043565553225524786,0.005706584115066307,0.5961379308279419,0.08704529876041722,0.03354448918138244,0.5961379308279419,8.738945453376045,1
81,81,1.0,0.65,0.7490740740740741,0.913231311662882,-0.0004778565003342409,0.8965159318774893,0.08654320987654028,0.12345679012345678,0.0,0.98,0.42236996787752984,0.21579200031142814,0.07348285916634899,0.12822126530059744,0.01405635374391379,0.22719543716511495,0.18697290114741189,0.00618039281076532,0.22719543716511495,8.749849919774274,2
67,67,1.0,0.16666666666666666,0.2245439469320066,0.8703611148602859,-7.623157990340893e-07,0.9623206958805187,0.04477611940298507,0.07462686567164178,0.0,0.335,0.5467875831833224,0.12515391290437688,0.04958965892054875,0.005473748672426538,0.07552254911829649,0.7495758837201787,0.4717683645817217,0.009956188877673975,0.7495758837201787,8.772529075224043,1
81,81,1.0,0.6,0.8602880658436215,0.8877607011976715,-0.00010911752072462473,0.8635250737463126,0.09876543209876543,0.13580246913580246,0.0,0.725,0.2,0.26943466063249816,0.16329323220317213,0.02314011471980906,0.1101412196544175,0.1984007621926546,0.15965294009325787,0.015180967808503507,0.1984007621926546,8.785778060533818,2
70,70,1.0,0.24444444444444444,0.5053968253968253,0.7469889471886808,0.0002988442897811587,0.8793076493579005,0.07142857142857142,0.1,0.0,0.35,0.29048421564186827,0.18492265980833705,0.172438188619321,0.04387468093782472,0.013818557377708578,0.029075982715990017,0.13382913358155282,0.05636532874345266,0.029075982715990017,8.798445995612193,1
81,81,1.0,0.35555555555555557,0.4325102880658436,0.7609968780943424,-0.00031871267834598585,0.9130954646368538,0.06172839506172839,0.09876543209876543,0.0,0.82,0.44014718355658305,0.1876692798364083,0.07534688413199875,0.12238028391792653,0.01215379895544013,0.24144380721994543,0.4442240061936473,0.049264959996771954,0.24144380721994543,8.815075129799583,1
81,81,1.0,0.5555555555555556,0.6218106995884773,0.8047166103765926,-0.0005662967028711901,0.8784006176924775,0.07407407407407407,0.1111111111111111,0.0,0.955,0.42350175978828863,0.20851051779515156,0.07970791709962069,0.006253184869839539,0.1551885784579974,0.02313144116840717,0.3454658627352347,0.03853153514833775,0.02313144116840717,8.829171682062107,1
81,81,1.0,0.4111111111111111,0.5919067215363512,0.7485351927456334,2.712646464517551e-05,0.9119286725891593,0.07407407407407407,0.12345679012345678,0.0,0.82,0.4485914208919562,0.1998138086965705,0.11410711142588444,0.027683432328563087,0.1991133599748963,0.9265020760608689,0.30654603287835125,0.06191362245248225,0.9265020760608689,8.83160258139269,1
64,64,1.0,0.4888888888888889,0.9314236111111112,0.8413880464807204,-0.0003468310891905763,0.8301284042663353,0.109375,0.171875,0.0,0.32,0.39422547269774966,0.15739978795941065,0.1699989741142563,0.06228035778120454,0.008502509706056075,0.4085084011349024,0.21709662245231176,0.009441227071884519,0.4085084011349024,8.886707779097005,1
81,81,1.0,0.3333333333333333,0.37716049382716044,0.7650008624418178,-0.0006281569343797433,0.9477277686852155,0.06172839506172839,0.08641975308641975,0.0,0.445,0.2171711010217531,0.22984717371655577,0.10687816601035706,0.005160624622755663,0.033408272124395795,0.022596452604975906,0.5796362713195791,0.04950066534014287,0.022596452604975906,8.88876670850493,0
81,81,1.0,0.5833333333333334,0.8955761316872427,0.8821460177482491,-0.00029175742568051516,0.8098195481524028,0.09876543209876543,0.12345679012345678,0.0,0.525,0.598043322791706,0.12292790854319399,0.11150527917751576,0.02702473889811097,0.06628591474301526,0.284054030571538,0.1876177755240434,0.005855798211222731,0.284054030571538,8.968508430331887,2
57,57,1.0,0.3333333333333333,0.501364522417154,0.7356886810549346,-0.0003146617491216319,0.9346016934508381,0.08771929824561403,0.10526315789473684,0.0,0.285,0.25252233410946934,0.1943028063028438,0.1766146425147906,0.014355350246933072,0.0065106562767979935,0.04009563116093979,0.35175886673793016,0.06128481515726719,0.04009563116093979,8.972723463654408,1
81,81,1.0,0.5666666666666667,0.947599451303155,0.9256174136658264,-5.0637862439680316e-05,0.9121688219777391,0.1111111111111111,0.14814814814814814,0.0,0.945,0.2938121312025763,0.27925059532392804,0.1142903477057785,0.023755999550143125,0.007262754618791183,1.0,0.18612454271148965,0.0,1.0,8.976416631296287,1
81,81,1.0,0.45555555555555555,0.5883401920438958,0.7583203235122873,0.0008239532936730305,0.9749433952488278,0.07407407407407407,0.09876543209876543,0.0,0.945,0.31459677491058846,0.27290643679408355,0.11626470836203856,0.18177896447720854,0.1977733591270464,0.7855797715291221,0.3675897034939913,0.08706738004532225,0.7855797715291221,8.996549411092333,1
81,81,1.0,0.6111111111111112,0.7034293552812071,0.8402312764595506,-0.00027940692935236145,0.9153267464031897,0.08641975308641975,0.12345679012345678,0.0,0.925,0.36305899421119603,0.24845366727281865,0.0977076202083739,0.018515170137967753,0.0800125584714805,0.41161633781538276,0.31601471008926346,0.026639981721771833,0.41161633781538276,8.999527482984167,1
81,81,1.0,0.5833333333333334,0.9025720164609052,0.873737722404922,5.402883975933415e-05,0.9245479501500817,0.09876543209876543,0.14814814814814814,0.0,0.825,0.2,0.2919482487842923,0.13189891629820616,0.03647206706031823,0.07649083125439618,0.3716205704172976,0.19718206902518387,0.019327543395470635,0.3716205704172976,9.018101171186489,2
32,32,1.0,0.24444444444444444,0.42118055555555556,0.7384162191986421,5.11208061066397e-05,0.9481826509114225,0.09375,0.15625,0.0,0.16,0.4987630898942561,0.105183910217307,0.13603663746009734,0.005,0.04544944198340267,0.10605019081830679,0.483829364229561,0.03308927770065681,0.10605019081830679,9.028861309630564,1
75,75,1.0,0.19166666666666668,0.2058888888888889,0.8807613318971299,0.0006006525269015231,1.006831714337111,0.04,0.08,0.0,0.375,0.3305207171533391,0.18934452695581883,0.07963354848832546,0.005,0.3,0.059029638804710065,0.4191860959767081,0.007790519088183287,0.059029638804710065,9.043408049361657,2
81,81,1.0,0.625,0.8370370370370371,0.8963783898742694,0.000792171786408602,0.964346116027532,0.09876543209876543,0.14814814814814814,0.0,0.735,0.4192334008978694,0.19628157081508008,0.11146971583878638,0.005,0.3,0.08485603500086165,0.4471975632719706,0.007840268383169193,0.08485603500086165,9.046719213179378,2
81,81,1.0,0.6083333333333333,0.8966049382716048,0.9048156407709868,5.082185496793767e-05,0.8952739529546758,0.09876543209876543,0.13580246913580246,0.0,0.91,0.4154260516349862,0.2250633114452601,0.08990046997421249,0.009756749792219832,0.009170628264798884,0.6479253554224313,0.2547742883182836,0.003070753006845393,0.6479253554224313,9.10041716052998,2
60,60,1.0,0.3611111111111111,0.6246296296296295,0.7413834346984771,-0.0005667653847979483,0.9000135059459102,0.1,0.11666666666666667,0.0,0.3,0.2,0.19976400312023468,0.23736856731501688,0.02063924586562419,0.09085299694783137,0.6742138742278069,0.37086354323756465,0.051017489218074655,0.6742138742278069,9.139642289419227,1
81,81,1.0,0.4222222222222222,0.5274348422496571,0.7479681574007253,-0.0006562601777751107,0.8968284929923422,0.07407407407407407,0.1111111111111111,0.0,0.87,0.2980299754141229,0.2533046854565304,0.1149918209387643,0.04611200259413746,0.20897743040627972,0.8707953014458082,0.3422198844743924,0.07346030315498381,0.8707953014458082,9.142187790927276,1
81,81,1.0,0.32222222222222224,0.43991769547325105,0.7380752320555622,-8.107780754913501e-05,0.939005300904272,0.07407407407407407,0.1111111111111111,0.0,0.755,0.21940454452529198,0.2730335387596413,0.1564991417269293,0.07468266195360544,0.08582251370000306,1.0,0.48035021316981347,0.0892549062244608,1.0,9.143829609425977,1
81,81,1.0,0.4888888888888889,0.6438957475994513,0.7612287525144551,0.00023140024608157882,0.9212147895658761,0.08641975308641975,0.12345679012345678,0.0,0.74,0.4593169635616217,0.1882337014009806,0.12226177809216479,0.02504274194257613,0.13129193143744608,0.3937029166065618,0.19856425504895142,0.05014592324169466,0.3937029166065618,9.20872185974301,1
81,81,1.0,0.5777777777777777,0.5991769547325103,0.8093427999571611,0.0004765215646344574,0.9658058608058608,0.07407407407407407,0.09876543209876543,0.0,0.995,0.6020937751222546,0.16176329642467413,0.042805328864175124,0.014023445355274198,0.29173871284850483,0.6900056097109685,0.6,0.028662808714546018,0.6900056097109685,9.223575706341263,1
81,81,1.0,0.43333333333333335,0.7934156378600823,0.7670123215894112,-0.0006990633674873152,0.8503042876901798,0.09876543209876543,0.12345679012345678,0.0,0.575,0.2789884765539116,0.22760664600847247,0.1985256470401389,0.022728217044802015,0.032624465573004684,1.0,0.4411487199395367,0.045249242217665075,1.0,9.24916911616855,1
30,30,1.0,0.23888888888888887,0.3225925925925925,0.7563893827687898,-0.0012384437748320864,0.9185597652761833,0.06666666666666667,0.13333333333333333,0.0,0.15,0.2,0.18222437746454717,0.16668883224645645,0.0250617451033659,0.18781422068396697,0.5623327187661415,0.4082850366179775,0.08598975221625027,0.5623327187661415,9.25070600805747,1
73,73,1.0,0.24444444444444444,0.4511415525114156,0.742993601032538,0.0018081504833713173,1.03055330634278,0.0684931506849315,0.0958904109589041,0.0,0.365,0.3540306085564829,0.17297625757206825,0.15679389575361116,0.025508443030320096,0.03946772353082411,0.3941379819764557,0.449100588640261,0.05385542117849055,0.3941379819764557,9.28521375208598,1
81,81,1.0,0.4,0.5545267489711935,0.7452712460279638,-0.0005066672966947184,0.8779066171923314,0.07407407407407407,0.08641975308641975,0.0,0.8,0.5385455954157129,0.16803820501222955,0.10083217914457707,0.04117095249711041,0.21625583369185003,0.7644985269216473,0.18272506088871587,0.05188531758251657,0.7644985269216473,9.324036858095624,0
68,68,1.0,0.24444444444444444,0.33643790849673205,0.7672356143678434,0.00031615722919975007,0.9803135286816684,0.058823529411764705,0.08823529411764706,0.0,0.34,0.39195569644304096,0.1656424865227775,0.10184757199166097,0.005,0.1145541238645157,0.06741500322851648,0.3420744232628284,0.04368053291118016,0.06741500322851648,9.388444379619655,1
81,81,1.0,0.34444444444444444,0.46844993141289437,0.7516749038894273,-0.0008342088447872711,0.8529933300797138,0.06172839506172839,0.08641975308641975,0.0,0.665,0.28903496320369704,0.22531292433165329,0.12857179756731427,0.009849897681454578,0.007613554432778891,0.03232964535451492,0.3751706153860706,0.07468222790002287,0.03232964535451492,9.487966684897671,1
81,81,1.0,0.625,0.8040123456790124,0.8743067753514473,-0.0002056038974378915,0.8923624440179142,0.09876543209876543,0.12345679012345678,0.0,0.885,0.28900493636487157,0.2705457440756179,0.1264194791441648,0.040937965671731975,0.09096648628583547,0.3637620732469036,0.1932993391284259,0.021970455912965925,0.3637620732469036,9.49373615359124,2
81,81,1.0,0.4222222222222222,0.6591220850480111,0.742554424907026,-0.0006444809144308479,0.8835876979997687,0.08641975308641975,0.09876543209876543,0.0,0.735,0.3192546115515392,0.2507573673443881,0.17159073284570464,0.021518623992908378,0.04052400206285751,1.0,0.1889714679134702,0.07814391062215598,1.0,9.607646768136771,1
81,81,1.0,0.3,0.36488340192043894,0.7523810764378183,0.0004432560539307335,1.0203842940685044,0.06172839506172839,0.08641975308641975,0.0,0.725,0.45253655133576276,0.18069859387039044,0.08204817175326033,0.020506536070737935,0.1547035453091452,0.9386119924073251,0.26403109567594396,0.05423632137308994,0.9386119924073251,9.636158297146649,1
36,36,1.0,0.2833333333333333,0.5300925925925927,0.7216794994251627,0.001230430290546743,0.9169941775836973,0.08361111111111086,0.16666666666666666,0.0,0.18,0.30574307329535655,0.15476307701131237,0.1925900145206106,0.02856897963385035,0.01621229437024681,0.059850131634196606,0.1811862567689052,0.04237433273208904,0.059850131634196606,9.656329735209722,0
81,81,1.0,0.5916666666666667,0.9369341563786008,0.8822737187413188,-0.00041412311271933264,0.8536794956260751,0.09888888888888596,0.14814814814814814,0.0,0.735,0.42967179916939213,0.20206273835284572,0.12230037600064075,0.07662969866308682,0.02719612901648278,0.515161436474814,0.05034577466327844,0.0,0.515161436474814,9.666736986432898,2
78,78,1.0,0.22777777777777777,0.30227920227920224,0.7901429443510036,-0.0006882731657039385,0.8976416378678396,0.05128205128205128,0.07692307692307693,0.0,0.39,0.4096104894964791,0.1719446521695027,0.09655252660060336,0.10112608786924193,0.014140962574473849,0.51076585515604,0.4670646946325174,0.04171110343907853,0.51076585515604,9.692711815223559,1
81,81,1.0,0.4777777777777778,0.668724279835391,0.7524995051065859,0.00026681385047141364,0.938,0.08641975308641975,0.1111111111111111,0.0,0.755,0.3363223684795331,0.22162565691716501,0.133297075405679,0.006781991981606101,0.07985019134352711,0.02,0.6,0.06201504364697357,0.02,9.716604293302717,1
81,81,1.0,0.37777777777777777,0.4580246913580247,0.7329234786815887,0.00036683774647797146,0.9623569931117101,0.07407407407407407,0.1111111111111111,0.0,0.72,0.42382143735731787,0.19285875368779865,0.11138428609286695,0.030821035557324496,0.12162599564951161,1.0,0.38904903163369003,0.06569235188442016,1.0,9.722990313098727,1
40,40,1.0,0.2222222222222222,0.2544444444444444,0.7526138531700796,0.0010299476731512177,0.95383794274624,0.075,0.125,0.0,0.2,0.40633475163857585,0.14809329427787482,0.09239217476541667,0.08847021821765744,0.212715833068335,0.02181780560517856,0.37191374071499383,0.054185869440208395,0.02181780560517856,9.737782249732868,1
48,48,1.0,0.26111111111111107,0.4550925925925926,0.7252273132808226,0.00023647177252974399,0.9162676613541313,0.08333333333333333,0.125,0.0,0.24,0.2,0.1998264026844241,0.1672632517520593,0.022773112381955687,0.22122407243756603,0.5790985438232241,0.34651283534855304,0.0603601491236916,0.5790985438232241,9.746791795460986,1
81,81,1.0,0.3,0.5181069958847737,0.725759501484995,0.0004191719289688635,0.9391554143500133,0.07407407407407407,0.1111111111111111,0.0,0.405,0.23722656165988731,0.2082802547623323,0.1975844633808019,0.021491348077596763,0.040617746565789196,0.7022650246978407,0.45038731692396794,0.05819691893112379,0.7022650246978407,9.785450346744168,0
81,81,1.0,0.28888888888888886,0.3688614540466392,0.7535277521320933,-0.00017175018884427548,0.9501173505227057,0.06172839506172839,0.07407407407407407,0.0,0.575,0.2,0.25122552569110346,0.11905269646433742,0.0402877170421904,0.2337695479660106,0.719605802291169,0.2967233877725185,0.08600706003513461,0.719605802291169,9.796189374046765,1
69,69,1.0,0.15,0.18985507246376812,0.8680813571441116,-1.758761215977619e-05,0.982620865139949,0.043478260869565216,0.07246376811594203,0.0,0.345,0.3051520879531335,0.19195473780965588,0.06442633551468108,0.005,0.3,0.0764279624175587,0.43167483151954456,0.008715553443623176,0.0764279624175587,9.819569940656596,2
81,81,1.0,0.6666666666666666,0.7223593964334705,0.8851375515138179,-0.00024053647959984965,0.9308866101194244,0.08641975308641975,0.12345679012345678,0.0,1.0,0.3382804763521836,0.2521856818891482,0.05165144955314876,0.19996438833946203,0.01112189486271211,0.28369000956974605,0.3902196617690022,0.01520647834106722,0.28369000956974605,9.828222097127604,1
62,62,1.0,0.23333333333333334,0.3577956989247311,0.7492456635299523,-0.00011096029342821373,0.9619822188830456,0.06451612903225806,0.0967741935483871,0.0,0.31,0.261667046800431,0.18841584766983832,0.14550110230834493,0.009164630655690311,0.0061814532776071785,0.02769608875627482,0.37342811357502365,0.07186613988532663,0.02769608875627482,9.850104982044225,0
69,69,1.0,0.18888888888888888,0.2972624798711756,0.7795925924221778,0.00018562992624467873,0.9608065486938726,0.057971014492753624,0.07246376811594203,0.0,0.345,0.3097159207395829,0.19228325753108594,0.12591785594740945,0.007535934142456573,0.00829888017614941,0.07206796952720837,0.31360259427318365,0.054711033454114634,0.07206796952720837,9.898578776060473,1
81,81,1.0,0.5166666666666667,0.6063786008230454,0.7647651439966415,-0.0009681732904408275,0.8443564076461938,0.08641975308641975,0.09876543209876543,0.0,0.95,0.5170049297735893,0.1744363216559513,0.07014969369562024,0.10653228741456448,0.2114994521605696,0.026640966156078742,0.333080324655323,0.041854395026332196,0.026640966156078742,9.917510725028613,0
81,81,1.0,0.34444444444444444,0.4126200274348424,0.7429700356271536,5.301326965494101e-05,0.970942671394799,0.06172839506172839,0.09876543209876543,0.0,0.48,0.20926757486889563,0.23613019552267622,0.15504472130639124,0.011610606449381295,0.009141141453013393,0.0205747150466435,0.4252799112379594,0.07218768081565317,0.0205747150466435,9.98245563744992,1
70,70,1.0,0.37222222222222223,0.5042857142857143,0.7302751128495235,0.0005941773670843851,0.9355335221907461,0.07142857142857142,0.1,0.0,0.35,0.21854076298571756,0.19747550339476577,0.21134897648365183,0.030226182434258977,0.06799604669482956,0.8571859621803942,0.5568853049893872,0.07191604483991686,0.8571859621803942,10.009861560180495,1
41,41,1.0,0.3,0.3848238482384824,0.7298330618406434,-0.00019346324874389644,0.901095461658842,0.07317073170731707,0.12195121951219512,0.0,0.205,0.23400797102312013,0.18319604095164144,0.16557593202170254,0.03883376016805005,0.29377296400809466,0.6322334649970092,0.29008545030817096,0.07934190783452175,0.6322334649970092,10.01453178722029,1
78,78,1.0,0.18888888888888888,0.28347578347578345,0.7937816638297324,-0.0002674089979955891,0.9416527079843663,0.05128205128205128,0.07692307692307693,0.0,0.39,0.2418888296238536,0.21136988866511908,0.10479661610939808,0.011759256800049496,0.04449339281083861,0.026590717133964128,0.6,0.03689138791241395,0.026590717133964128,10.037960105008532,1
81,81,1.0,0.4888888888888889,0.5068587105624143,0.7532034667919324,-0.00015104779227712145,0.9805066907231996,0.07407407407407407,0.09876543209876543,0.0,0.965,0.5924115643433197,0.15635037040192734,0.04719823489708153,0.014733258519527616,0.3,0.29530537867719764,0.6,0.0488028128994181,0.29530537867719764,10.044949422871623,1
19,19,1.0,0.14444444444444443,0.44678362573099417,0.7499738874483893,0.0005686496386781429,0.9076556137289121,0.10526315789473684,0.15789473684210525,0.0,0.095,0.22531697940764392,0.16493848616928994,0.16365416730489663,0.020660027695871847,0.047635327221917885,0.3021670204244435,0.3738304158483335,0.03442133311332333,0.3021670204244435,10.052748102527172,1
81,81,1.0,0.17777777777777778,0.2596707818930041,0.8094318277596819,0.00040191078007936857,0.9864712097200212,0.04938271604938271,0.06172839506172839,0.0,0.405,0.2,0.22609086715099325,0.10658764231610722,0.007286426105420637,0.09049225387250263,0.02,0.6,0.030858697902218048,0.02,10.101311830851982,1
81,81,1.0,0.43333333333333335,0.5670781893004115,0.7331196487156078,0.0001482493969398167,0.9102951136913401,0.07407407407407407,0.12345679012345678,0.0,0.745,0.32348290603792346,0.2371550994996673,0.1555563152427474,0.05218858178741355,0.22297785879484694,0.8906138610844658,0.3766940339034686,0.07911589406853284,0.8906138610844658,10.201754972678987,0
81,81,1.0,0.5222222222222223,0.9582990397805212,0.8383328449808907,0.00012430345898744498,0.8959512676145943,0.1111111111111111,0.14814814814814814,0.0,0.49,0.2690663921635365,0.211694584288788,0.1683712023604461,0.009821213675453258,0.05617688160179342,0.058947961879209705,0.05,0.015481799925284118,0.058947961879209705,10.254231348901104,1
81,81,1.0,0.17777777777777778,0.22208504801097392,0.8679379939439539,-0.0007517083038131165,0.931809072815867,0.03716049382716038,0.06172839506172839,0.0,0.79,0.3856561781710084,0.1909292576631328,0.037504287898034415,0.1251815548430155,0.09014472454720812,0.30130679846280634,0.2261736598225751,0.0186947007187576,0.30130679846280634,10.365570136143702,1
81,81,1.0,0.4777777777777778,0.7814814814814816,0.7609048046917355,-0.0007055527548218074,0.8469352290679304,0.09876543209876543,0.1111111111111111,0.0,0.625,0.3196766133690666,0.23405490702211446,0.1978178732992653,0.018878768685565803,0.04100082228467335,1.0,0.5146311736023123,0.06401106409128512,1.0,10.435467695211331,1
42,42,1.0,0.45555555555555555,0.9738095238095238,0.8346982720633478,-0.0010305842176433389,0.7605840804129314,0.11928571428571406,0.16666666666666666,0.0,0.21,0.2,0.17907262811536828,0.22741184754972738,0.01389543383118999,0.054725215881128005,0.04592703014635471,0.05,0.01626030269606914,0.04592703014635471,10.449485053300574,1
81,81,1.0,0.25555555555555554,0.3288065843621399,0.7471961230087774,7.179280515208329e-05,0.944926992073425,0.06172839506172839,0.08641975308641975,0.0,0.46,0.3250066163235382,0.1918877833275286,0.1176987968635243,0.008247141238698338,0.02437096766281465,0.02429076764033772,0.5333879286278862,0.06847731666250113,0.02429076764033772,10.459935992493037,1
81,81,1.0,0.3111111111111111,0.4820301783264746,0.7191011411198386,0.00024978753802963534,0.9509909568076897,0.07407407407407407,0.09876543209876543,0.0,0.56,0.3491656405924668,0.19188531348532284,0.14281721500523398,0.014182840127044268,0.008959703268452125,0.028054512317545587,0.34601108091672944,0.07084725940224433,0.028054512317545587,10.48376630601251,1
72,72,1.0,0.35,0.48549382716049394,0.7247133966329606,-0.00030670967005790576,0.9043172988627532,0.06944444444444445,0.09722222222222222,0.0,0.36,0.38749129137637295,0.16352990037486306,0.15335966152675728,0.052953022232626365,0.16211150855876166,1.0,0.3599842310131995,0.07132348744401941,1.0,10.530253137079342,1
81,81,1.0,0.5583333333333333,0.9375514403292181,0.8495945159024051,-0.0001227735260284724,0.9043519331358134,0.1111111111111111,0.13580246913580246,0.0,0.7,0.2787370105965623,0.2466388401170711,0.18109412810409556,0.027612702649922417,0.0550398069128935,0.48562060861420586,0.36814408835218515,0.016733546366948213,0.48562060861420586,10.55345482471041,2
81,81,1.0,0.6083333333333333,0.913477366255144,0.891116557041086,-9.278467651110099e-05,0.909088767503848,0.1111111111111111,0.13580246913580246,0.0,0.735,0.39256199985349194,0.2182889288354503,0.15169573447080634,0.023238158506601426,0.07200930351387926,0.5646150260812844,0.29264291366544015,0.00428181926392254,0.5646150260812844,10.588167208900332,2
48,48,1.0,0.25,0.3944444444444444,0.7192244361188826,0.0008764307790012959,0.9458685446009388,0.08333333333333333,0.10416666666666667,0.0,0.24,0.26395047754697865,0.176241433778758,0.17208820726554483,0.019822045254182446,0.0373083159925581,0.4331307723530172,0.48655059628262326,0.06901826410895799,0.4331307723530172,10.672361143075042,1
81,81,1.0,0.17777777777777778,0.1972565157750343,0.8592456706269065,0.00010663536869311861,0.97941276464225,0.037037037037037035,0.07407407407407407,0.0,0.915,0.41981015285334283,0.18081404237085053,0.02472445752103611,0.030068210352050217,0.012139747223758907,0.23089286715011217,0.1315512060728581,0.008776913584344985,0.23089286715011217,10.704254877901942,1
75,75,1.0,0.16666666666666666,0.19970370370370372,0.8009227781165447,0.0013187206953907222,1.061569403231124,0.05333333333333334,0.06666666666666667,0.0,0.375,0.546789984960651,0.1307078113666721,0.04409292988189417,0.09506680905963148,0.2593736951330669,0.039489518872875676,0.32835594727423706,0.03908915998285869,0.039489518872875676,10.749697207136133,1
81,81,1.0,0.6333333333333333,0.9073045267489713,0.8831785781674253,-0.00034253475864901695,0.8663906527573043,0.09876543209876543,0.13580246913580246,0.0,0.96,0.2,0.3094556880055834,0.15706017853029136,0.028503426011378834,0.08665547984141535,0.1499156778696504,0.18070482745344385,0.026048337866473228,0.1499156778696504,10.756160960513522,2
81,81,1.0,0.4222222222222222,0.613443072702332,0.7225176782193901,0.00021015205801766222,0.9515046710395547,0.07407407407407407,0.13580246913580246,0.0,0.445,0.2466798907824416,0.21912253678293991,0.1858154200646142,0.023233497894650085,0.25898933509915223,1.0,0.2500964183366828,0.07795095613282697,1.0,10.785568741103454,1
45,45,1.0,0.24444444444444444,0.36518518518518517,0.7185974665742797,-0.00013960393488946565,0.9063624070317781,0.08888888888888889,0.13333333333333333,0.0,0.225,0.2434388297498306,0.19175270700191033,0.15135806876862243,0.01789848789106858,0.005,0.030977983114462596,0.3350204829579464,0.08271720251716624,0.030977983114462596,10.825607198321155,1
81,81,1.0,0.4444444444444444,0.6262002743484225,0.7237774605748101,0.0010380091024185464,0.9494645247657296,0.08641975308641975,0.12345679012345678,0.0,0.665,0.6439324510527308,0.11983394449756772,0.09836028301511207,0.06246452596630448,0.20635191958574883,0.5396402990327447,0.3363594031443025,0.03878053002192549,0.5396402990327447,10.843931926777246,1
81,81,1.0,0.5666666666666667,0.9864197530864198,0.8696830762436294,0.0006069249712533837,0.8890154359616188,0.1111111111111111,0.14814814814814814,0.0,0.495,0.40363690746384323,0.18649018455547972,0.18611451182570385,0.018227153510900623,0.07410244592247114,0.44115651430102104,0.36028736495733943,0.014969207303507821,0.44115651430102104,10.857042645823993,2
81,81,1.0,0.25555555555555554,0.37325102880658434,0.7387059511244402,0.00016692356739064039,0.9623337008452771,0.06172839506172839,0.07407407407407407,0.0,0.595,0.2,0.24680910972712372,0.1319691440167378,0.03329465999408423,0.24483902541177915,0.6075002346367703,0.3446368296827677,0.07324018952331755,0.6075002346367703,10.875525081278322,1
81,81,1.0,0.625,0.9027777777777776,0.8717007440567861,-0.001172689204063328,0.8173005698005698,0.09876543209876543,0.12345679012345678,0.0,0.795,0.3824570362391569,0.21276739295239744,0.12068366767907537,0.005,0.3,0.07080673999535221,0.4779452841904737,0.011779143419748664,0.07080673999535221,10.890500206146188,2
81,81,1.0,0.49166666666666664,1.0538065843621398,0.8533790276934565,-0.001204243285044773,0.7406481662273422,0.1111111111111111,0.14814814814814814,0.0,0.435,0.3989135585547213,0.1734282801549193,0.17585626330765544,0.024193637940950117,0.08093469284597539,0.3466600741890378,0.3527623425710848,0.010664961640625956,0.3466600741890378,10.95750981271311,2
64,64,1.0,0.44999999999999996,1.0012152777777779,0.8072852765040477,-0.000650768393843753,0.7323297304587403,0.109375,0.140625,0.0,0.32,0.5401996158916229,0.12034089705192497,0.13529634218219852,0.019721557245974467,0.12857048464769535,0.311171273520238,0.2912484142627301,0.012482031555936045,0.311171273520238,10.974600452788572,1
56,56,1.0,0.4375,0.9867559523809524,0.8368554093666583,-0.0006018422463984855,0.7813601518121952,0.125,0.16071428571428573,0.0,0.28,0.3706230727848248,0.15761149030617133,0.17627807016807726,0.02378476109614136,0.07410829878175802,0.6007789088457601,0.3856591480295446,0.009995340334612107,0.6007789088457601,11.02948926077203,2
81,81,1.0,0.45555555555555555,0.5824417009602195,0.7273992923740261,0.0003078782694400142,0.9652179829381902,0.07407407407407407,0.1111111111111111,0.0,0.745,0.31102149285994624,0.2299706709892188,0.14271080856851795,0.005333154166852355,0.005412765005367231,0.03227288655597051,0.3432057101841041,0.07972908439164808,0.03227288655597051,11.044817166293315,1
60,60,1.0,0.18888888888888888,0.24537037037037035,0.7815565249105094,0.0008665474173496216,1.0643815513626835,0.05,0.08333333333333333,0.0,0.3,0.4162265336236883,0.16037461840580963,0.06414082903075129,0.3,0.012835773954712915,0.4724455826146825,0.31546648775085745,0.035438704253879974,0.4724455826146825,11.116045968696492,1
81,81,1.0,0.5,1.0684156378600824,0.8584964614796179,-0.0002985751749884051,0.7758766650617879,0.1111111111111111,0.13580246913580246,0.0,0.435,0.4263713349305578,0.16109742897609547,0.18437042669491455,0.027859263503698304,0.058992716955390344,0.3207269674065516,0.3527362310933981,0.012053821554371897,0.3207269674065516,11.161409040693163,2
81,81,1.0,0.43333333333333335,0.7082304526748971,0.7230919523891087,-0.0006499028151513413,0.8817722254503196,0.08641975308641975,0.13580246913580246,0.0,0.65,0.36497956938559917,0.22166130856088384,0.1842726767328346,0.03998205888048517,0.20045455758605843,0.829257025008949,0.33348456414643685,0.08423120848634896,0.829257025008949,11.163404997087902,1
81,81,1.0,0.36666666666666664,0.5796982167352538,0.709093142956149,0.0008010744315197582,0.9845201661671136,0.07407407407407407,0.12345679012345678,0.0,0.425,0.2557467647118371,0.20139964575401226,0.21519204523008298,0.006530699483714252,0.008149552962990147,0.02,0.3672890159321391,0.0777026896699803,0.02,11.17990196420674,1
54,54,1.0,0.18888888888888888,0.2736625514403292,0.7651023358527892,0.001524720873915301,1.0274853801169588,0.05555555555555555,0.07407407407407407,0.0,0.27,0.24534820282072553,0.20114579775854124,0.1312966538578938,0.00993550368972215,0.005,0.022084307436218996,0.5190755291166937,0.08023773720605888,0.022084307436218996,11.19451746784091,1
81,81,1.0,0.6111111111111112,0.9705075445816185,0.8760745371492619,-0.0012401257239310261,0.797687475461327,0.09876543209876543,0.13580246913580246,0.0,0.865,0.5674233602807731,0.1892007893726007,0.10960141002841793,0.01032221622305191,0.16603039847230838,0.8759263023884283,0.5867922215685575,0.0032440450631819485,0.8759263023884283,11.222686409381215,1
81,81,1.0,0.65,0.9122427983539096,0.8903996935214228,0.0002537234719717235,0.9030403932183,0.09876543209876543,0.13580246913580246,0.0,0.86,0.387017529067473,0.23431448734300914,0.13816143728462996,0.030329144646010855,0.06889210517074776,0.501883924604124,0.3812294724344816,0.010295393848013814,0.501883924604124,11.233292027764998,2
81,81,1.0,0.2,0.22976680384087791,0.7862648070482495,-0.0002955549433658775,0.9335157545605307,0.04938271604938271,0.07407407407407407,0.0,0.475,0.4053525592172695,0.172215692164978,0.07496615225730548,0.10078501655010352,0.010598639538863773,0.3698815176079216,0.37252861134483617,0.04139791984672986,0.3698815176079216,11.242031923320976,1
81,81,1.0,0.6,1.0141975308641975,0.9236198287482071,0.0006428002291530352,0.8647321972002433,0.1111111111111111,0.13580246913580246,0.0,0.705,0.37754966389913514,0.2301829739826463,0.15093113667584152,0.02576499829022357,0.04380588201537445,0.4624786640615641,0.35103195743869514,0.0021792114685065867,0.4624786640615641,11.288248777673559,2
81,81,1.0,0.4777777777777778,0.6781893004115226,0.7291783884406223,-0.00019188065288806375,0.8986569579288028,0.08641975308641975,0.12345679012345678,0.0,0.605,0.48324840960764687,0.17011182790770013,0.14324668309800614,0.10424260584631938,0.022253501324998586,0.21116982583157665,0.3857814015896841,0.05899996715534589,0.21116982583157665,11.371367216332198,1
81,81,1.0,0.2777777777777778,0.38052126200274355,0.7266791014230908,-0.00010897052644892122,0.9595946487222624,0.06172839506172839,0.08641975308641975,0.0,0.55,0.5672653885249348,0.1309978129890934,0.06618844928735444,0.11288262974403593,0.12418956172403871,0.07229536243209188,0.28609883597297175,0.04367659201801878,0.07229536243209188,11.441667803809324,1
81,81,1.0,0.5583333333333333,1.0792181069958848,0.9012475289552447,5.845819320605806e-06,0.8718700349539245,0.1111111111111111,0.16049382716049382,0.0,0.83,0.2281585872442078,0.2678375389024868,0.13939548771779675,0.005478006820677901,0.060982954742113134,0.06798742734471448,0.10907155365271823,0.002702769037052341,0.06798742734471448,11.534585828151629,2
75,75,1.0,0.4,0.5637037037037037,0.7089145090432557,-0.00011805224840097062,0.9083588845086874,0.08,0.10666666666666667,0.0,0.375,0.2,0.21810619058209557,0.18497044234290175,0.009273183851606822,0.005,0.029902372632553954,0.36316341693292525,0.07696842326696779,0.029902372632553954,11.53825140569738,1
81,81,1.0,0.5555555555555556,0.8849108367626886,0.7909397970095001,-0.00019148711558923413,0.8488087979469161,0.09876543209876543,0.13580246913580246,0.0,0.64,0.47001211193649484,0.19295425539266925,0.15991152943992015,0.020159081552541373,0.23604761355535417,1.0,0.5935689475868815,0.03656784241499237,1.0,11.561212134897838,1
81,81,1.0,0.34444444444444444,0.46049382716049386,0.7164198028358046,0.0003339171202629519,0.9506672624366994,0.06172839506172839,0.1111111111111111,0.0,0.73,0.5542429658513779,0.14912397578900297,0.07978611287642758,0.11390035382099582,0.0338143428369706,0.5746130555105841,0.2766165191596498,0.05398458807909419,0.5746130555105841,11.614092253112357,1
81,81,1.0,0.14444444444444443,0.15445816186556924,0.881736359431081,-0.0006500545018314622,0.9336135780540753,0.037037037037037035,0.04938271604938271,0.0,0.76,0.5246787818284677,0.14529284417662064,0.01402757088250462,0.014531868492201542,0.05830361433632796,0.34533429127519766,0.50123627051312,0.00585281212410148,0.34533429127519766,11.712348786951537,1
81,81,1.0,0.6916666666666667,0.8402263374485596,0.9093879720238586,-0.0002364872221827877,0.9114435125096935,0.09876543209876543,0.14814814814814814,0.0,0.985,0.2708605607671378,0.26296404755477953,0.0966580644174218,0.005432917071419469,0.19148662177282405,0.036367717377850765,0.24846769127809804,0.008542393440006436,0.036367717377850765,11.715362170459526,2
81,81,1.0,0.55,1.0991769547325103,0.9042269306787927,0.0007605313623508654,0.8280406838886807,0.1111111111111111,0.13580246913580246,0.0,0.855,0.5032258315118088,0.2035726442985048,0.1183748048029401,0.01921822985489737,0.005594157499954123,0.6781988399454898,0.12176629709524266,0.00196846525293929,0.6781988399454898,11.717861661962898,2
81,81,1.0,0.2,0.22160493827160496,0.8236413975676562,-0.000547616258544212,0.9394475394614671,0.03716049382716038,0.06172839506172839,0.0,0.58,0.6845465189245634,0.09606031951406652,0.027603487047847264,0.009659255788174743,0.04898176328965115,0.8295798504623337,0.5460289187752597,0.012709025429510924,0.8295798504623337,11.752044606818524,0
81,81,1.0,0.3333333333333333,0.5404663923182442,0.7017378638389244,-0.0003781229873398551,0.9212069937958263,0.07407407407407407,0.09876543209876543,0.0,0.46,0.39110100652993657,0.18137389890592703,0.1434903128672998,0.011589593874867899,0.04699043153388716,0.8764882168732929,0.39833064097509463,0.08239532771856287,0.8764882168732929,11.890085125789831,1
81,81,1.0,0.5833333333333334,0.8164609053497943,0.7888334907892783,-0.001150548460845863,0.8256787634408601,0.09876543209876543,0.12345679012345678,0.0,0.95,0.4614639013749455,0.216488833083962,0.11028389300867124,0.15903498005708883,0.016004373526616007,0.2645833426618079,0.35364373766928264,0.03843675888443328,0.2645833426618079,11.922316105916986,0
53,53,1.0,0.25,0.40440251572327035,0.7067507818029244,-0.001594859100022722,0.8395593571798858,0.07547169811320754,0.11320754716981132,0.0,0.265,0.5131232564739269,0.12551525359166513,0.09437593429393884,0.01199916266740951,0.026099491336299928,0.028414956795642245,0.5895162676774671,0.03981452439674036,0.028414956795642245,11.96827931092604,0
32,32,1.0,0.31666666666666665,0.8607638888888889,0.7624976620662268,-1.9501622792126733e-05,0.8240146116265519,0.125,0.1875,0.0,0.16,0.33729383504677046,0.1439760981551415,0.21376717544442744,0.02166602643806344,0.036599883114902386,0.9479608963455778,0.3932064392447465,0.05477518618756432,0.9479608963455778,12.022872098044804,1
81,81,1.0,0.6555555555555556,0.7529492455418381,0.8200531012552532,-8.596337023683968e-05,0.9134995243011274,0.08641975308641975,0.1111111111111111,0.0,0.775,0.2675281474738829,0.2718154385081106,0.16571072273895715,0.02864317450481162,0.031816548954677296,0.8361351980432246,0.4554695473102163,0.04852313314640568,0.8361351980432246,12.037505955975838,1
81,81,1.0,0.45,0.6855967078189301,0.7178617994125022,-0.0004042905539266104,0.8188155262104843,0.08641975308641975,0.09876543209876543,0.0,0.48,0.37053174114036197,0.18459063661972364,0.19537682876940418,0.04727634984884289,0.12934490480007552,0.6460866426495394,0.15258809967263467,0.05403821544940877,0.6460866426495394,12.08135421263493,0
14,14,1.0,0.19583333333333336,0.24523809523809526,0.8316279610992725,-0.00018338266394350938,0.9673462783171523,0.14285714285714285,0.14285714285714285,0.0,0.07,0.32720797464052437,0.15077350804874678,0.11127991598624998,0.11711685154029935,0.00648727258893209,0.4158292329089286,0.16744870046740196,0.002868224440406027,0.4158292329089286,12.153010676065794,2
81,81,1.0,0.43333333333333335,0.764471879286694,0.7168366170228827,8.294868231437136e-06,0.8852943756604262,0.08641975308641975,0.1111111111111111,0.0,0.575,0.38410987289386056,0.1914204606496807,0.19753381140956452,0.05165308618373453,0.015174985443186963,0.6834789154473597,0.4907660282987004,0.06392026883917433,0.6834789154473597,12.166339215624212,1
29,29,1.0,0.2,0.25977011494252866,0.7281646425016827,-2.5528763040291766e-05,0.9664306784660768,0.06896551724137931,0.10344827586206896,0.0,0.145,0.2,0.1986930851533496,0.1256597386058218,0.041469202728045065,0.2209435393215563,1.0,0.3923145822880896,0.08655329214854632,1.0,12.170562459753723,1
81,81,1.0,0.7,0.8476337448559671,0.9114552443074678,-6.785658480457173e-05,0.9146011854189424,0.09876543209876543,0.13580246913580246,0.0,0.985,0.41063908721762754,0.2299091888446138,0.07317219468197592,0.1229684947160533,0.008815196704331112,0.31009208261094307,0.26524464403667675,0.0035281250432292743,0.31009208261094307,12.17192212034343,2
81,81,1.0,0.2111111111111111,0.21673525377229078,0.7733306506136937,0.0002395650258022343,0.9874824191279887,0.04938271604938271,0.06172839506172839,0.0,0.825,0.2,0.24963092523560199,0.056654297562219416,0.006718314151384594,0.057471223897326,0.02,0.4925007487199383,0.06573681113967438,0.02,12.179194192341741,1
81,81,1.0,0.5666666666666667,0.8150891632373114,0.7710350952296986,0.0008206847782120518,0.9231900968622612,0.09876543209876543,0.12345679012345678,0.0,0.705,0.5680852806047425,0.15258046133869552,0.1394696442206596,0.049036807859129505,0.1565109535114652,0.6143435228962363,0.18379776867466668,0.03743938583036511,0.6143435228962363,12.180441527718914,1
73,73,1.0,0.5111111111111111,1.1296803652968037,0.8661548173460532,0.000487272421877166,0.8007599029911076,0.10972602739726015,0.1506849315068493,0.0,0.365,0.2791365221564668,0.18716732343608672,0.16994853640728522,0.021126904357365025,0.02344171265511547,0.11522125623870416,0.09621578677506278,0.006663144357600646,0.11522125623870416,12.20730298082995,1
81,81,1.0,0.6083333333333333,1.0479423868312758,0.924877147511536,-6.227426009094332e-05,0.8476179723803914,0.1111111111111111,0.14814814814814814,0.0,0.71,0.3593438653216899,0.22010330298119551,0.14653586524032586,0.10850631092043608,0.007943112877940103,0.5077024454727284,0.12126353236119736,0.00011959126924832665,0.5077024454727284,12.21001330188767,2
81,81,1.0,0.18888888888888888,0.22455418381344305,0.7707762816028861,0.0006744384670527013,1.014953505735424,0.04938271604938271,0.07407407407407407,0.0,0.72,0.2589618950698966,0.22527996185715315,0.059162860332326386,0.005,0.0613252626636972,0.02,0.5749966210533847,0.06061612067373168,0.02,12.259596798698297,1
81,81,1.0,0.6916666666666667,0.7754115226337449,0.8667673514725242,-0.0008570696462468555,0.8624597541019855,0.09876543209876543,0.13580246913580246,0.0,0.98,0.40394240041671853,0.22309119242061387,0.06952338234511383,0.005805854568175899,0.3,0.07389630403594175,0.4100572811365347,0.02010377799699007,0.07389630403594175,12.287266417180097,2
81,81,1.0,0.6416666666666667,0.9761316872427985,0.9133966225367819,-0.0001559557586444531,0.8515542439572794,0.1111111111111111,0.14814814814814814,0.0,0.89,0.45186441778629366,0.19605181951368655,0.09044480918034628,0.14789417873531263,0.013954791676322846,0.2715503727968753,0.20127049536772618,0.0,0.2715503727968753,12.392577016145538,2
81,81,1.0,0.7166666666666667,0.8342592592592593,0.9404325009949127,-0.0005556692024453992,0.9140994573930201,0.09876543209876543,0.13580246913580246,0.0,1.0,0.38646590870171266,0.24249134862800859,0.06335698968888571,0.011303989184663871,0.009616249934436839,0.6205498668611447,0.23686509727644156,0.0,0.6205498668611447,12.448270585953594,2
81,81,1.0,0.6,1.0648148148148149,0.9045816538791704,0.0005425855594353247,0.9150966183574879,0.1111111111111111,0.14814814814814814,0.0,0.745,0.41158592352389844,0.20164258499850457,0.11457234183311839,0.032847810003311696,0.07924169777362866,0.38750775486366573,0.15412425040203492,0.0,0.38750775486366573,12.472444233815159,2
81,81,1.0,0.5777777777777777,0.8001371742112484,0.7694263623519272,0.00040597620744931993,0.9488563155989866,0.09876543209876543,0.12345679012345678,0.0,0.71,0.2816337619519914,0.2580570847603645,0.1952830577103989,0.025061458899328985,0.12003332069053001,1.0,0.4900815076393724,0.0588489809333401,1.0,12.474155734224842,1
81,81,1.0,0.26666666666666666,0.28930041152263375,0.7492474687325418,0.0001888744436953861,0.9591797060218112,0.04938271604938271,0.06172839506172839,0.0,0.69,0.23006040176006493,0.2448034866967026,0.0958159468841936,0.058069173503744693,0.2790937360020807,1.0,0.2785283356083839,0.07095054264233958,1.0,12.506050648145681,1
81,81,1.0,0.18888888888888888,0.24540466392318247,0.7635713742455147,-9.267617865046278e-06,0.9686224458108191,0.04938271604938271,0.07407407407407407,0.0,0.57,0.577568835151109,0.12860426355307406,0.042840222742015724,0.018102764657987293,0.10968753633643358,1.0,0.558474335767748,0.0445876126829797,1.0,12.51033100933903,1
81,81,1.0,0.625,0.9948559670781895,0.888238027132339,0.0005789202610320774,0.8802395725611857,0.1111111111111111,0.13580246913580246,0.0,0.755,0.5480416260673726,0.1616794149407189,0.10352534650728258,0.02893262874873372,0.04248099340831534,0.3473435834855285,0.16228072121157222,0.0,0.3473435834855285,12.554454951599965,2
52,52,1.0,0.3611111111111111,0.4356837606837607,0.693528523375049,0.0002462102185660133,0.919829437087897,0.07692307692307693,0.1346153846153846,0.0,0.26,0.5534190979016216,0.11540205145123683,0.1172055662890602,0.027873414410100814,0.3,1.0,0.23986124386784796,0.05145610112600171,1.0,12.557894404902084,1
81,81,1.0,0.625,1.0158436213991768,0.9074832391245145,-0.00012986831496192026,0.8379012220646818,0.1111111111111111,0.1728395061728395,0.0,0.82,0.40338856482595276,0.22661859631912912,0.12682326524599508,0.11962857669446353,0.017813770788929466,0.4822533661406716,0.05,0.0,0.4822533661406716,12.570183499586733,2
81,81,1.0,0.2777777777777778,0.47558299039780516,0.6959047547816579,-3.541295445365311e-05,0.9291449540108323,0.07407407407407407,0.08641975308641975,0.0,0.6,0.567129944664688,0.14096145415017075,0.08699848628803264,0.05626206688559296,0.3,1.0,0.18264417127148236,0.055677556813121046,1.0,12.58321948682085,1
81,81,1.0,0.6666666666666666,0.7561042524005487,0.8174777116649607,0.0005925292635760098,0.9477616513465569,0.08641975308641975,0.1111111111111111,0.0,0.915,0.5978607287178739,0.1749115338692089,0.0915931192033016,0.009220807949605286,0.22518324035996964,1.0,0.513023699343171,0.03538783561611127,1.0,12.593021370726104,1
38,38,1.0,0.11666666666666667,0.13450292397660815,0.7985344243517536,0.0007698025954405791,1.0367149758454106,0.05263157894736842,0.07894736842105263,0.0,0.19,0.3146397313758644,0.19070667599652524,0.03327781740582201,0.08544593141223898,0.25534077695026797,0.0479448063802115,0.3804285514417735,0.04388016074056054,0.0479448063802115,12.691042299241815,1
20,20,1.0,0.15,0.3055555555555556,0.7183057787390755,0.0020757278108934686,0.9634343434343433,0.1,0.15,0.0,0.1,0.4628231865126276,0.11180289106185792,0.11571721396646686,0.05041881698144123,0.1911359253608998,1.0,0.23081747592701263,0.06621692765135248,1.0,12.740757974938175,1
81,81,1.0,0.5333333333333333,0.6067901234567902,0.72409502830448,-8.275236019404407e-06,0.9714021702271955,0.08641975308641975,0.12345679012345678,0.0,0.795,0.2204536791699705,0.2717740351535607,0.17602560589960609,0.00583182502521526,0.01696221065856476,0.08463270912642411,0.08119863371412703,0.08684837932574364,0.08463270912642411,12.75578644290655,0
81,81,1.0,0.65,0.9113168724279833,0.8391762904062685,0.0007756516311906165,0.9224651915406036,0.09888888888888596,0.14814814814814814,0.0,0.825,0.34004489028335705,0.24300067331169128,0.1355965877592831,0.06332195146418201,0.010217460608204974,0.6927695664544531,0.08734123299491141,0.026758970560947476,0.6927695664544531,12.816276455999938,2
81,81,1.0,0.2,0.27222222222222225,0.7419336182293185,0.0018835228059099038,1.1381594860166289,0.04938271604938271,0.12345679012345678,0.0,0.56,0.42919281957728517,0.1687908903392355,0.061308138693081014,0.01342490213735349,0.18370551360492957,0.02182129249090028,0.45185369032060696,0.0539899570520149,0.02182129249090028,12.874062548573873,0
81,81,1.0,0.4666666666666667,0.6773662551440329,0.7127640509446366,-0.0014521112615480077,0.7830781692993115,0.08641975308641975,0.09876543209876543,0.0,0.58,0.2413391512955168,0.23268857231831336,0.2204009374341717,0.03958297089461774,0.006198834367791286,0.20540534956912232,0.5892756647642634,0.08603804184889041,0.20540534956912232,12.87648920636399,0
81,81,1.0,0.4,0.40679012345679005,0.7096263828857964,-0.00033686049978907034,0.925030349013657,0.06172839506172839,0.09876543209876543,0.0,1.0,0.5515461281363765,0.1666914008973902,0.02525689007591463,0.060968699263214826,0.06365303227638083,0.4663742044684922,0.09089908583153142,0.05757831895041652,0.4663742044684922,13.030580463021181,0
22,22,1.0,0.26666666666666666,0.38863636363636367,0.9022428740935566,0.0005794134003686132,0.9598148148148148,0.09090909090909091,0.22727272727272727,0.5,0.11,0.2494050857117207,0.16802860693073124,0.15382766508819226,0.03533959768295587,0.016360797342054985,0.25961208398855373,0.1902311394103896,0.006051775008969314,0.25961208398855373,13.044967409125228,2
53,53,1.0,0.4666666666666667,0.7542976939203355,0.7286399194704986,0.0010310515539469311,0.9027225001544067,0.11320754716981132,0.1509433962264151,0.0,0.265,0.32313843195522507,0.15737770283438274,0.2004032228327346,0.029767536647060572,0.01499122673313748,0.03879525650450465,0.181982365692816,0.04299566506201449,0.03879525650450465,13.059149133954074,1
49,49,1.0,0.3111111111111111,0.44013605442176873,0.6877561954533741,-0.0007775679655068999,0.8711540443070583,0.08163265306122448,0.10204081632653061,0.0,0.245,0.3439607078606339,0.1701805949895082,0.1308974338368729,0.10728703501355875,0.13336636748208297,1.0,0.32060533861800367,0.08291289548738416,1.0,13.059791213695865,1
81,81,1.0,0.5666666666666667,1.1162551440329218,0.8846932317253695,-6.70219776489603e-05,0.8167665130568357,0.11123456790123164,0.14814814814814814,0.0,0.505,0.38015160502528933,0.18878826975814428,0.15833693103889548,0.025286281424508884,0.04510436464295551,0.4101947175177106,0.37566530016711397,0.007185601656135749,0.4101947175177106,13.075494260210005,2
81,81,1.0,0.34444444444444444,0.4244170096021948,0.7023760941753735,0.00016479058979043348,0.9397270703153057,0.06172839506172839,0.08641975308641975,0.0,0.63,0.5428854026409151,0.14364125512841291,0.07647749225017687,0.05224754509734522,0.2185858120914464,0.24415848748718938,0.2260268288000526,0.06454160527843315,0.24415848748718938,13.178818058140955,1
81,81,1.0,0.6444444444444445,0.6257887517146776,0.7744398039104751,0.0006478480616601837,1.003009401334697,0.08641975308641975,0.1111111111111111,0.0,1.0,0.38945144282756217,0.24704922443673244,0.018369917882172588,0.06323448162412046,0.26262714475488,0.5552157381040854,0.3070635414085368,0.05480820225672112,0.5552157381040854,13.217729812388084,1
61,61,1.0,0.4666666666666667,1.1218579234972679,0.8914246228410031,0.0011969928790145558,0.8858434810845917,0.13114754098360656,0.18032786885245902,0.0,0.305,0.21227340653156718,0.20413120895308545,0.20227170707103387,0.060518225927036075,0.02399029366163206,0.28843173786216847,0.05,0.005788505734123593,0.28843173786216847,13.242202101078382,2
81,81,1.0,0.6333333333333333,1.0318930041152263,0.892770348226199,0.0010322863637973068,0.9533316716517115,0.1111111111111111,0.16049382716049382,0.0,0.715,0.3555846018815441,0.2343898382425011,0.171614870197915,0.027012294080652383,0.0654601791863395,0.3564164098452014,0.32059840722893757,0.012459988540510872,0.3564164098452014,13.28925373596225,2
69,69,1.0,0.32222222222222224,0.4515297906602254,0.6860943946062172,0.0005929146695941159,0.9707497226184816,0.07246376811594203,0.10144927536231885,0.0,0.345,0.33169984734622293,0.17194868052122003,0.16140390304386187,0.006484055972299738,0.010446102345485701,0.02,0.4063275305657818,0.08137093471623018,0.02,13.329548919212844,1
81,81,1.0,0.6333333333333333,1.0223251028806584,0.880472716247241,0.0003802965484194232,0.9532413370903356,0.1111111111111111,0.14814814814814814,0.0,0.93,0.230018069491367,0.2895693654127624,0.15393972891333815,0.02499980039139968,0.10264479871450846,0.10173060539291236,0.1591693010907925,0.01730239353468635,0.10173060539291236,13.455343431610048,2
81,81,1.0,0.2,0.21049382716049383,0.7563364465853174,0.0001980933265866365,0.9880596285434997,0.04938271604938271,0.06172839506172839,0.0,0.92,0.507212334793048,0.1572524515766594,0.02013445522140441,0.1307317331580614,0.013557917856502138,0.504756443892545,0.47073898120976615,0.0360509845853903,0.504756443892545,13.457811537172507,0
81,81,1.0,0.4888888888888889,1.0281207133058985,0.787387155233409,-0.0004674274353712879,0.7605477725891335,0.1111111111111111,0.12345679012345678,0.0,0.61,0.5764603170415744,0.14351291001814495,0.16831976951351058,0.019326381811473514,0.11497333037462153,0.7611550087159026,0.25394679081979554,0.0246312863638269,0.7611550087159026,13.460621557010523,1
50,50,1.0,0.20555555555555555,0.3062222222222222,0.7144664647095609,-7.564251807158766e-05,0.9681631994839541,0.06,0.1,0.0,0.25,0.2384454121342508,0.20149593796733406,0.1418271882467752,0.024018925492502667,0.3,0.9452009177061544,0.42775936125365777,0.08017022413534552,0.9452009177061544,13.474969411347379,1
81,81,1.0,0.6666666666666666,0.7871056241426612,0.8113796131176185,0.0007536337066512061,0.9635870028271561,0.09876543209876543,0.1111111111111111,0.0,0.99,0.6726665641475971,0.14075610963459034,0.04337801129786494,0.014986056421002264,0.11896214400849274,0.6581314684521619,0.4459116797053976,0.016953453445003604,0.6581314684521619,13.477830909194438,1
81,81,1.0,0.2,0.292318244170096,0.7405065508245318,-0.0008254194778293944,0.912841649721049,0.04938271604938271,0.07407407407407407,0.0,0.425,0.37091535114932356,0.18047931377851995,0.09988311996642327,0.05000018267722106,0.3,0.6121578295238405,0.30213661321674873,0.07801371190481657,0.6121578295238405,13.500824889453803,1
81,81,1.0,0.6333333333333333,0.7093278463648834,0.7674843280599633,0.00014671741062325918,0.9338101377339437,0.08641975308641975,0.12345679012345678,0.0,0.995,0.4307882777942139,0.21595616180233423,0.05832703385534238,0.1547422840208584,0.09893712367754792,0.03267771967294804,0.33412470088655005,0.050247067157669016,0.03267771967294804,13.554875468494187,1
81,81,1.0,0.4444444444444444,0.6470507544581618,0.6930431056049421,0.00020716392261436987,0.8841803877228936,0.08641975308641975,0.1111111111111111,0.0,0.58,0.32899914200839764,0.21929881791864791,0.17528134218758504,0.09651864366641574,0.23249097431838361,0.7502728167413486,0.2591183195070155,0.08928850437484524,0.7502728167413486,13.573171635150167,1
81,81,1.0,0.6,0.6456790123456789,0.7439265276259253,-0.0003001616109431304,0.9210516252390056,0.08641975308641975,0.12345679012345678,0.0,0.99,0.5068994621175195,0.20396450591139187,0.07526528327352927,0.05306903564943947,0.11233189711373041,0.5510185169534915,0.14970062625338437,0.0656795296389829,0.5510185169534915,13.584194435434647,1
81,81,1.0,0.7333333333333333,0.7965706447187929,0.888995229413939,0.0008131954546140704,0.9734709067600408,0.09876543209876543,0.13580246913580246,0.0,0.995,0.3851713530204725,0.23232573334679724,0.05632899199900916,0.007662059447137804,0.13201554312092995,0.03832446302727623,0.33934385987857546,0.011630472179256139,0.03832446302727623,13.674135540537414,1
22,22,1.0,0.23333333333333334,0.3808080808080808,0.683045463806706,0.003862527639076783,0.9765458296492779,0.09090909090909091,0.18181818181818182,0.0,0.11,0.3430386104234931,0.1405244510155956,0.1434785526014715,0.014946169229770948,0.0063835382668117205,0.021701262772506027,0.3323622774662059,0.058609376336049616,0.021701262772506027,13.674505189746359,1
81,81,1.0,0.6333333333333333,1.061179698216735,0.8987367099582041,0.001145344401532724,0.9876916005974953,0.1111111111111111,0.14814814814814814,0.0,0.83,0.5204916267778847,0.1973195706938385,0.12353052116278554,0.020779439878629496,0.006972704980242104,1.0,0.19724978649369973,0.0,1.0,13.684445376984579,1
81,81,1.0,0.6916666666666667,0.9477366255144033,0.9188825715249781,-8.404195375295219e-05,0.9082226081922129,0.1111111111111111,0.13580246913580246,0.0,0.93,0.3573093966145672,0.24548712052295302,0.08926113416012324,0.0422461443231962,0.10163722792602686,0.4568397857032647,0.15916791946296321,0.0,0.4568397857032647,13.962539525604393,2
71,71,1.0,0.4666666666666667,0.5874804381846636,0.6902344347683677,-0.0001131247599323449,0.9317125436571361,0.08450704225352113,0.11267605633802817,0.0,0.355,0.35917310741637065,0.1747077555515026,0.1472828359896986,0.006655031400772955,0.012620377381639805,0.04565806992273526,0.4900967438679706,0.07294924741496855,0.04565806992273526,14.007380673626411,1
81,81,1.0,0.6555555555555556,0.762551440329218,0.784885879377653,0.0005514835178627683,0.9618474545781616,0.09876543209876543,0.14814814814814814,0.0,0.91,0.6767346229393632,0.13291976222116114,0.07007528150918807,0.006227365113454837,0.064426545626687,0.8753077213016591,0.6,0.021467875178992665,0.8753077213016591,14.009609535079395,1
41,41,1.0,0.25555555555555554,0.5094850948509485,0.6747486461774262,-0.0005165362981993725,0.9270685579196216,0.0975609756097561,0.14634146341463414,0.0,0.205,0.320075682575373,0.15719735872188534,0.1721357998330458,0.007359995441781957,0.005897780745110558,0.048192989792942675,0.32955681356734384,0.07212638275848711,0.048192989792942675,14.027680948718979,1
81,81,1.0,0.5916666666666667,1.0781893004115226,0.8533159012896228,0.0002061018440099527,0.8136132315521631,0.1111111111111111,0.14814814814814814,0.0,0.635,0.3161319159128904,0.22110803328484613,0.18710170831894174,0.021328474595428918,0.07239247809717742,0.3480559725682039,0.41253282848468903,0.011431380207616193,0.3480559725682039,14.057735648205615,2
48,48,1.0,0.15555555555555556,0.1909722222222222,0.7389638060361496,-0.0008874522173172195,0.9221212121212123,0.0625,0.0625,0.0,0.24,0.5537321588104481,0.11954437379435824,0.04701952033332297,0.08054312428386942,0.24691215785850648,0.04136972837514491,0.3302495382154225,0.03990638943308939,0.04136972837514491,14.083679202780116,1
59,59,1.0,0.5,0.8350282485875706,0.7218393625735965,-0.00030567978448644,0.845999097880018,0.1016949152542373,0.1694915254237288,0.0,0.295,0.3967478903912134,0.1481532981061472,0.18026527077194876,0.02439588408782711,0.020579286362950838,0.03811282548825199,0.20985857294812577,0.05457492488888084,0.03811282548825199,14.173324354003551,1
81,81,1.0,0.6444444444444445,0.7417009602194788,0.766999836884093,0.0010193992720106872,0.9681793148798882,0.0865432098765431,0.12345679012345678,0.0,0.98,0.5373205194181223,0.19980554779390297,0.07143721363268814,0.049743976798166833,0.19685734541610964,1.0,0.24267335107129612,0.05145950394897178,1.0,14.18724026077526,1
55,55,1.0,0.16666666666666666,0.19171717171717167,0.7405245754452738,-0.0013227073988592766,0.900244702025524,0.05454545454545454,0.09090909090909091,0.0,0.275,0.27388154560397604,0.2000622328534266,0.0769135182995586,0.3,0.3,0.04839542205127883,0.22664590346516955,0.053800012942689074,0.04839542205127883,14.258326436150261,1
81,81,1.0,0.38333333333333336,0.66440329218107,0.6842473015064519,-0.0013662582988300572,0.7660570868173842,0.07419753086419742,0.09876543209876543,0.0,0.415,0.5907593816684191,0.1109514254504701,0.13449429056975717,0.06641965719057703,0.03268025404764337,0.12184224277875932,0.23345098592166497,0.043888098076562465,0.12184224277875932,14.265133116484654,0
81,81,1.0,0.6111111111111112,0.6648834019204389,0.7428068078989438,-0.0002544420222856978,0.9117417417417417,0.08641975308641975,0.09876543209876543,0.0,1.0,0.29046794593910064,0.3008809884664485,0.08476638290496265,0.05948604195128733,0.20404213751249817,1.0,0.36052700916030767,0.1,1.0,14.364501027298115,1
81,81,1.0,0.6416666666666667,0.9510288065843623,0.8312198682046331,-0.00010425833311146257,0.85162123178999,0.1111111111111111,0.13580246913580246,0.0,0.755,0.35824700958860123,0.231238992011625,0.14605869199741747,0.052161719782749055,0.007360459542057515,0.45681559384751225,0.12628773904413812,0.02612548960174066,0.45681559384751225,14.505755252164727,2
81,81,1.0,0.5888888888888889,0.7098765432098765,0.7331594743592181,0.0014857337680000153,0.9895169082125604,0.09876543209876543,0.12345679012345678,0.0,0.945,0.6354537449772726,0.15043331517611497,0.08521845401713386,0.0638379044698488,0.13868192676560817,1.0,0.24013543073212057,0.048026558926436445,1.0,14.50933680223793,1
81,81,1.0,0.12222222222222222,0.12674897119341563,0.8264473065656555,-0.0002809720917605257,0.9733333333333333,0.037037037037037035,0.04938271604938271,0.0,0.495,0.6016537368399051,0.11762643689197154,0.0,0.0126803448116125,0.15785419347339408,0.5878060601823276,0.5265623641520171,0.0005336072035744725,0.5878060601823276,14.512304728468747,1
81,81,1.0,0.6166666666666667,1.0797325102880657,0.8669417039825315,-0.0007013977392041331,0.8178636652374147,0.1111111111111111,0.13580246913580246,0.0,0.725,0.29379385560245486,0.2539093601354648,0.16785039076620714,0.0461201511010979,0.09290527324636814,0.3662997764336774,0.19277938788889443,0.016850378311830932,0.3662997764336774,14.589850999852056,2
79,79,1.0,0.36666666666666664,0.5711673699015472,0.6710540968292151,0.0005820441936723314,0.917721141481299,0.0759493670886076,0.10126582278481013,0.0,0.395,0.519397258977986,0.12706490922445662,0.12946275968246754,0.295744550250537,0.22610229175862112,0.04681056756194948,0.34164241809291324,0.059262635865765016,0.04681056756194948,14.613165561939745,1
22,22,1.0,0.1875,0.26325757575757575,0.9014701148163449,0.005175411692162843,1.065437649880096,0.09090909090909091,0.22727272727272727,0.5,0.11,0.4812184532113124,0.11943619187438091,0.07917716764982859,0.025363655922303018,0.0067232598912409436,0.8502971979055325,0.13432958775242432,0.004168815724818631,0.8502971979055325,14.815422390158714,2
81,81,1.0,0.7222222222222222,0.7068587105624142,0.8197121788983043,-0.0006681173815634508,0.8828279103866141,0.08641975308641975,0.1111111111111111,0.0,0.99,0.360472392109905,0.24081195062556082,0.053534998175015794,0.1586172816096254,0.013924319503749026,0.2860844116583743,0.2621747314303213,0.036249176684418606,0.2860844116583743,14.856652275829994,1
24,24,1.0,0.30833333333333335,0.43263888888888885,0.695803578693124,0.0020258849064028056,0.9985848047084002,0.125,0.16666666666666666,0.0,0.12,0.543571315711102,0.08917853533689515,0.13127383932649456,0.005900830410924626,0.10071660134278838,0.9698908030064037,0.19774243615901582,0.040243412090019526,0.9698908030064037,15.010409517679392,0
81,81,1.0,0.7083333333333334,0.8901234567901236,0.8497995519713964,-0.0011701120866976268,0.8433980582524272,0.09876543209876543,0.12345679012345678,0.0,0.925,0.2644363744792992,0.2955758750814777,0.14354296858487312,0.03388265368787392,0.10599175114169912,0.45650692562180034,0.18692214747654384,0.02210965300674451,0.45650692562180034,15.013678227255825,2
81,81,1.0,0.6333333333333333,0.6953360768175583,0.7444225318035343,0.0006785056696193973,0.9239032463120054,0.08641975308641975,0.1111111111111111,0.0,0.915,0.6281473373564825,0.14912286057702623,0.07562161299149017,0.03330656930806708,0.21431276362920543,0.6624401622934109,0.05,0.04043199815170167,0.6624401622934109,15.073941939421335,1
81,81,1.0,0.2111111111111111,0.30027434842249656,0.7151892259828944,0.00032543043020346566,0.9588239175676359,0.04938271604938271,0.07407407407407407,0.0,0.425,0.24001281331462984,0.2209213533745525,0.14442108805242376,0.00517862171422677,0.012844599601672375,0.02783043020469175,0.4860017194591233,0.1,0.02783043020469175,15.078032846740694,1
38,38,1.0,0.11666666666666667,0.1201754385964912,0.7694523735996392,7.70231265536551e-05,0.9958880778588809,0.05263157894736842,0.05263157894736842,0.0,0.19,0.6082425997909483,0.11081459633384015,0.007965607128372564,0.15936884263437326,0.03828394694848219,0.02742938733082329,0.5486180639909017,0.04617548400991511,0.02742938733082329,15.09273246210531,0
17,17,1.0,0.2,0.3730392156862746,0.9905447783312152,0.0017220354343915791,0.9755573806395094,0.11764705882352941,0.23529411764705882,0.5,0.085,0.25225447309314525,0.1702997728119192,0.12238069681848368,0.03527347161449497,0.01877499634005036,0.316003172008367,0.13637022227065726,0.005737020060063221,0.316003172008367,15.112177112205927,2
81,81,1.0,0.6833333333333333,0.9891975308641975,0.8752318571615232,-4.5976813192600065e-05,0.8674791991679668,0.1111111111111111,0.14814814814814814,0.0,0.87,0.45283051439188154,0.19528450016113974,0.11385668566575223,0.03219726777428807,0.048452291830838407,0.26865422140763345,0.1426116489193659,0.0044183592219085785,0.26865422140763345,15.254131807751428,2
81,81,1.0,0.17777777777777778,0.17956104252400548,0.7711998231444451,0.0015756974860492807,1.110108649520414,0.037037037037037035,0.06172839506172839,0.0,0.97,0.42790460003141095,0.1766339872590959,0.0,0.22945668000446534,0.3,0.02,0.3944308047605433,0.0451856988016671,0.02,15.277997871677725,1
81,81,1.0,0.7666666666666667,0.7604938271604939,0.8912258224012963,-0.0007642465056174575,0.8814862914862917,0.09876543209876543,0.12345679012345678,0.0,1.0,0.37188610671579025,0.237775620106829,0.02050441132374741,0.005,0.17794313035778003,0.07308552533484407,0.41081940892355856,0.015794470785681126,0.07308552533484407,15.298765334483456,1
81,81,1.0,0.4,1.0156378600823046,0.7270175641364093,0.0003131784985761082,0.8126364127498646,0.1111111111111111,0.16049382716049382,0.0,0.445,0.29448418172068697,0.19948049244483584,0.25214948194559467,0.0059437957203068775,0.015238114764391682,0.15767673415714695,0.43804648754400255,0.056680549911747195,0.15767673415714695,15.43485857533926,0
81,81,1.0,0.7,0.9797325102880658,0.8889522112527064,0.0003644630359983621,0.9501269732927298,0.1111111111111111,0.12345679012345678,0.0,0.965,0.4469164244301304,0.2170811621744535,0.08446808383804034,0.2655642004382782,0.009750008245844932,0.25447499446087607,0.20664957530999584,0.005813705880922541,0.25447499446087607,15.474756418863807,2
81,81,1.0,0.7,1.0137860082304526,0.9007245361027012,0.000412100679977862,0.9513128340437048,0.1111111111111111,0.13580246913580246,0.0,0.95,0.3005346819241129,0.2869637906088763,0.13818225990038868,0.049753225330429016,0.06041176889820506,0.36815698849854683,0.19527146860509503,0.018289823436010384,0.36815698849854683,15.717505456668025,2
81,81,1.0,0.7,0.8689986282578874,0.8281776122656659,-0.00026514226337699616,0.8757125317898798,0.1111111111111111,0.16049382716049382,0.0,0.94,0.5992864105071807,0.1580020454515445,0.07247527241266638,0.04796583159126524,0.14161411363161402,0.1795790260107847,0.11448158488579054,0.01448991597068908,0.1795790260107847,15.985033291037952,1
81,81,1.0,0.7222222222222222,0.7356652949245542,0.7941290612155426,-2.7338054854456713e-05,0.9471338595727931,0.08641975308641975,0.13580246913580246,0.0,1.0,0.4729690859016808,0.23571664917279278,0.008991252699560389,0.015724800685486567,0.2694863254042612,0.9354196994561691,0.523403571902578,0.0501799299180177,0.9354196994561691,16.066186618129596,1
24,24,1.0,0.275,0.47361111111111115,0.6813102621300529,0.0011683266610961148,0.9601075268817204,0.125,0.16666666666666666,0.0,0.12,0.5987676660983599,0.07139522193717869,0.12112684182060005,0.0063483283976637425,0.28419857862054276,0.25787304015793927,0.5877174266128911,0.03695936464390237,0.25787304015793927,16.18837315770736,0
81,81,1.0,0.6916666666666667,0.9982510288065843,0.8600225342457349,0.0003149449352511006,0.8659341612559687,0.1111111111111111,0.16049382716049382,0.0,0.845,0.36419903673789084,0.24602441351511678,0.14559386596109,0.05379257563134681,0.009801532607614549,0.4786903808691131,0.08161798678172827,0.022239652777940107,0.4786903808691131,16.25315688597069,2
32,32,1.0,0.1111111111111111,0.109375,0.7293983767510718,2.234797292412619e-05,0.9865079365079367,0.0625,0.09375,0.0,0.16,0.5724173960403185,0.12251120484240825,0.006749037724200527,0.009967567949438141,0.15353449346734713,1.0,0.5844718645770118,0.023384485199688543,1.0,16.334940424179308,1
39,39,1.0,0.26666666666666666,0.34401709401709407,0.6613906274736887,-0.0033581659885400772,0.8260351966873706,0.07692307692307693,0.10256410256410256,0.0,0.195,0.2585520579127728,0.16676670840734342,0.18154529665005845,0.08277617052375905,0.006740749143305006,0.0400012832701189,0.18782586729913958,0.06440931339590132,0.0400012832701189,16.481957842029555,0
81,81,1.0,0.5833333333333334,0.8594650205761318,0.7277024883896056,-0.00092093351635624,0.7958147793472189,0.09876543209876543,0.1111111111111111,0.0,0.42,0.5213089791108141,0.13921812003312317,0.1819039211606521,0.013223747681581861,0.09088999916499331,0.21299071115974877,0.18001903586089496,0.04289681518042565,0.21299071115974877,16.50645255586414,0
81,81,1.0,0.5333333333333333,0.8283950617283948,0.7007476466717734,-0.00026637954256366383,0.8092912733896339,0.09876543209876543,0.13580246913580246,0.0,0.515,0.38659062443792663,0.18646989730677416,0.21957926615319054,0.027327562963292404,0.031567428365590205,0.4396060672233482,0.460103939467865,0.06588894755210366,0.4396060672233482,16.53515191137809,1
30,30,1.0,0.3208333333333333,0.6622222222222223,0.9186355008215535,0.0008777086849691629,0.9277628635346757,0.13333333333333333,0.2,0.5,0.15,0.24221310060641915,0.16958916865083185,0.17130628745082524,0.036517719251516756,0.019661225613880905,0.3772971723515302,0.08578602067330421,0.0,0.3772971723515302,16.684434255294534,2
78,78,1.0,0.5611111111111111,1.1602564102564104,0.8675382843427167,-0.0007551280714615787,0.8236648250460404,0.1282051282051282,0.15384615384615385,0.0,0.39,0.2,0.22484009960230644,0.21036190062614968,0.008622877647216663,0.0829117800042169,0.06340046015032405,0.0577855654050929,0.002120855604793124,0.06340046015032405,16.744672404912745,1
81,81,1.0,0.5555555555555556,0.8426611796982167,0.7079659928964229,-0.0004417033091860166,0.8207084848155985,0.09876543209876543,0.12345679012345678,0.0,0.545,0.5608263331255005,0.14270484919733503,0.14270778249916294,0.011474076164818001,0.3,1.0,0.13091349164906435,0.053685829807558975,1.0,16.792778469508168,1
81,81,1.0,0.5333333333333333,1.2445816186556928,0.8838620792190907,7.306165215820733e-05,0.7729614117589428,0.12345679012345678,0.14814814814814814,0.0,0.415,0.2942625601834851,0.19627367143260743,0.20282486945271258,0.011401112180868903,0.027279877904409257,0.102262664978783,0.0867515655772366,0.007261304834058845,0.102262664978783,16.867303621456053,1
81,81,1.0,0.15555555555555556,0.1739368998628258,0.757985059311649,-0.00029506910354920384,0.9712372940764109,0.037037037037037035,0.04938271604938271,0.0,0.515,0.5930356321625951,0.12177915431437882,0.028864930635229068,0.017772047601411742,0.24199342299417143,0.48122671393526445,0.540229878291469,0.04549875619825028,0.48122671393526445,16.88912844195193,1
32,32,1.0,0.37222222222222223,0.7618055555555556,0.6865829778211175,0.0018478664146726806,0.8685121037172084,0.125,0.1875,0.0,0.16,0.24531347140008905,0.16308652717105765,0.21811354867460428,0.021915025435459624,0.005,0.09123768686059407,0.13545090921544298,0.06663997577083268,0.09123768686059407,16.906687781154766,1
81,81,1.0,0.65,1.1141975308641976,0.9097131051003027,0.00042708934311566085,0.895775623268698,0.12345679012345678,0.1728395061728395,0.0,0.89,0.45771547984607586,0.21691078249234524,0.12403246532176188,0.046323490999583876,0.04543598226964745,0.38099538229883784,0.19562771808480067,0.0,0.38099538229883784,16.93357522341864,2
81,81,1.0,0.725,0.994238683127572,0.876269359012348,0.0006413726027784838,0.9758471302428257,0.1111111111111111,0.16049382716049382,0.0,0.86,0.2,0.2943177651982812,0.1545212472392196,0.029894518317425706,0.11349937060220047,0.15712274705144638,0.1265567732964511,0.01891254261018811,0.15712274705144638,17.143362020907933,2
81,81,1.0,0.6666666666666666,0.9246913580246914,0.771426494758768,0.0010178040405574432,1.0298041833555853,0.09876543209876543,0.12345679012345678,0.0,0.82,0.2933678854248018,0.2835610097610338,0.22887705907735767,0.011795313455357772,0.1350208349560133,0.7122410548101743,0.16387670749365704,0.057081068481701525,0.7122410548101743,17.14412310603294,0
11,11,1.0,0.15833333333333333,0.18787878787878787,0.9069314543472375,-0.002841533978785791,0.9465591397849462,0.09090909090909091,0.2727272727272727,0.5,0.055,0.32206371479977247,0.1504201620604942,0.09576318127597869,0.007200848962303059,0.2206924879162423,0.08430446705431678,0.255135764258333,0.0,0.08430446705431678,17.164266298732024,2
81,81,1.0,0.15,0.15267489711934157,0.758219671779456,0.0005637695266367019,1.0382659478885896,0.037037037037037035,0.04938271604938271,0.0,0.87,0.41147178330586043,0.18030774188223025,0.005913372656233739,0.008268012552948577,0.03945170216504533,0.1428267773436231,0.5647064487908808,0.02538249548089413,0.1428267773436231,17.216761190518724,0
22,22,1.0,0.3,0.4848484848484849,0.6899866168374227,-0.0021707470313954264,0.8729166666666668,0.13636363636363635,0.18181818181818182,0.0,0.11,0.2,0.17480753154476641,0.20399195289878122,0.0696979090652294,0.3,1.0,0.36722987393017753,0.0825726440321285,1.0,17.747668339301995,1
81,81,1.0,0.7166666666666667,0.9998971193415639,0.8517854948336924,-0.0002363126347060871,0.8633809205336624,0.1111111111111111,0.14814814814814814,0.0,0.945,0.42425182683831264,0.21982065340812074,0.10409343693673588,0.005,0.3,0.06833835689567312,0.4172375024183634,0.020209909076084293,0.06833835689567312,17.79255562810978,2
81,81,1.0,0.7,1.1179012345679011,0.9085129513223384,-0.00020659467503325016,0.8255448187005338,0.1111111111111111,0.1728395061728395,0.0,0.93,0.5020401921025978,0.19925481207011814,0.10345222415586802,0.04364286245271348,0.055584950978293635,0.325917575106787,0.1863063546918282,0.0,0.325917575106787,17.800310834716182,2
81,81,1.0,0.6444444444444445,0.865432098765432,0.7500203405112036,4.9420421960622155e-05,0.86081946425741,0.1111111111111111,0.13580246913580246,0.0,0.835,0.593291315233244,0.14863111157185063,0.10763282838403627,0.05904111908584762,0.1768611078061547,0.022412032340645812,0.3588969152667456,0.04192319742335115,0.022412032340645812,17.89672602657089,1
81,81,1.0,0.6777777777777778,0.8840877914951988,0.7596006330042764,-0.0004720201140228906,0.8691449013016119,0.09876543209876543,0.13580246913580246,0.0,0.91,0.5801036102764812,0.17902657031090663,0.11234658902645941,0.018589384066806342,0.1956101507306844,0.6274355638298531,0.12970929008338236,0.04105636143339184,0.6274355638298531,17.961910671090465,1
81,81,1.0,0.4666666666666667,0.7670781893004115,0.658318623336351,0.001292989231995046,0.9336623748211732,0.09876543209876543,0.12345679012345678,0.0,0.48,0.560831108937113,0.12801926429188523,0.14694110661689744,0.01214194247054744,0.011429124094686924,0.024290698739684757,0.08323470265471736,0.05916532212902839,0.024290698739684757,17.996828477560992,0
71,71,1.0,0.5555555555555556,1.1286384976525823,0.8106871617252861,-0.00036561958784241935,0.7731336661120355,0.1267605633802817,0.16901408450704225,0.0,0.355,0.4284886581575107,0.16124704481873084,0.1583262650807637,0.02215740646700212,0.3,0.6832366638983498,0.2712303116977062,0.012774128510160604,0.6832366638983498,17.997634409481844,1
81,81,1.0,0.7416666666666667,0.9994855967078189,0.8749301476482475,-0.0003255343922066003,0.8841975467490135,0.1111111111111111,0.14814814814814814,0.0,0.945,0.38663511767959446,0.2661386078921129,0.1345756108039442,0.047288459507515306,0.005377289899724075,0.651228384634483,0.0706716287351922,0.020111566490250074,0.651228384634483,18.262389947197587,2
81,81,1.0,0.6777777777777778,1.0193415637860084,0.8052041548943913,-0.00013932554658206592,0.8908235769075495,0.1111111111111111,0.16049382716049382,0.0,0.85,0.35465259829901213,0.24328005889796628,0.15953763844919194,0.005,0.032759571893452785,0.023198904671632818,0.5701383676762962,0.04526144096193995,0.023198904671632818,18.29679882696029,1
81,81,1.0,0.7166666666666667,1.044238683127572,0.8587566099389965,-0.0001809040166291222,0.8855090311986864,0.11123456790123164,0.14814814814814814,0.0,0.95,0.3149567185761549,0.28000309092213405,0.13606291191364256,0.04559362916710432,0.12524469267280733,0.3043303680497928,0.23006181500561462,0.018785057659712653,0.3043303680497928,18.327262420201038,2
81,81,1.0,0.7555555555555555,0.7754458161865568,0.7922418212132945,-0.0005007782263921234,0.9071075338561629,0.08641975308641975,0.12345679012345678,0.0,1.0,0.2,0.3116539878346474,0.06058387815838317,0.008492194639117955,0.03633728465982704,0.02,0.6,0.06096057676366136,0.02,18.335240897447548,1
81,81,1.0,0.7444444444444445,0.8277091906721538,0.7955049323621138,-0.00028748402066685106,0.9044385519095496,0.09876543209876543,0.13580246913580246,0.0,0.97,0.25576064979814894,0.32848655666550475,0.13988547251667627,0.018865867106851758,0.03516470725690097,0.5973980936755393,0.41635006690871357,0.06732949696539972,0.5973980936755393,18.35107197379843,1
81,81,1.0,0.7583333333333333,1.0150205761316873,0.9276415578138417,-0.00047370850272506637,0.850500371646733,0.1111111111111111,0.14814814814814814,0.0,0.925,0.48106359208826616,0.1968651071806201,0.09006027594734957,0.16605812338069517,0.012786464018663677,0.20935390957017844,0.21726255427014063,0.0,0.20935390957017844,18.35186073962534,2
81,81,1.0,0.7083333333333334,1.112962962962963,0.8939266085662627,-0.00045797245108911784,0.7925429839156959,0.1111111111111111,0.14814814814814814,0.0,0.765,0.3446376022459137,0.23112711314204937,0.1511004512251623,0.016113531003467126,0.04790890875280149,0.31141043468106444,0.3640542978287882,0.005640416358672416,0.31141043468106444,18.454050752684967,2
81,81,1.0,0.7,0.9200274348422497,0.7895122550053266,0.0006267195739366502,0.9504913606016931,0.1111111111111111,0.14814814814814814,0.0,0.9,0.754686769782295,0.11419389423102935,0.07055692401904141,0.005509916952901036,0.023756942616886736,1.0,0.4219413856419923,0.023116235296262524,1.0,18.457230542467595,1
81,81,1.0,0.21666666666666667,0.24279835390946503,0.6823175278003876,-0.0006703496779027278,0.9112994350282484,0.04938271604938271,0.07407407407407407,0.0,0.64,0.3573948974569904,0.19605269795623126,0.07104484309799987,0.08443549145476069,0.01896818569182705,0.2900752682622717,0.3651057067483527,0.09134199436822962,0.2900752682622717,18.461816280032092,0
81,81,1.0,0.6,1.0298353909465021,0.7528971106274319,0.0003367415640494134,0.8565351315351316,0.1111111111111111,0.14814814814814814,0.0,0.71,0.5372828459096028,0.1783995249856169,0.18717348921650898,0.03851501971566472,0.17175884891151913,0.7203343273023539,0.5904439798154962,0.046002329075667585,0.7203343273023539,18.487045244068188,0
81,81,1.0,0.7333333333333333,1.084567901234568,0.9014125200737007,-5.386406649908214e-05,0.8537782204515271,0.1111111111111111,0.13580246913580246,0.0,0.965,0.4462461749667213,0.21624357140219908,0.07591699066747726,0.18001421627472386,0.012040519558240311,0.2567675548305505,0.239720489449969,0.0,0.2567675548305505,18.834098656766656,2
81,81,1.0,0.7888888888888889,0.9651577503429354,0.9365001160605424,-0.0004167850838394676,0.9187202324553093,0.1111111111111111,0.14814814814814814,0.0,1.0,0.43022915559443997,0.2632070476097102,0.06266829684969022,0.08428661736669729,0.022989890721684805,0.9811234307201556,0.08418347410286522,0.0,0.9811234307201556,19.014568192269497,1
46,46,1.0,0.4111111111111111,1.1780193236714975,0.8701495183510046,0.000396986241276026,0.7740575946050625,0.15217391304347827,0.17391304347826086,0.0,0.23,0.343294505054556,0.1579180751583624,0.1801080669690286,0.028426474984089505,0.007588122969088312,0.28207211751878186,0.14072504185365922,0.006716760217867532,0.28207211751878186,19.16448951869198,1
81,81,1.0,0.6,1.1043209876543212,0.7881284956818042,-0.0007585840501962224,0.8096115148127444,0.12345679012345678,0.13580246913580246,0.0,0.505,0.3029385698537356,0.2070448353118966,0.26608515006779027,0.04971545216659909,0.03576450838852517,0.15173955470095243,0.2045376152437684,0.028161642892927875,0.15173955470095243,19.548228205665122,0
81,81,1.0,0.6666666666666666,0.9939643347050755,0.7633622173360906,-0.0003969540303710509,0.8660845830649858,0.1111111111111111,0.13580246913580246,0.0,0.545,0.3430708022788416,0.2134533757633134,0.21178314319737765,0.01978198551795518,0.03630888066760672,0.614499781217879,0.46838265522659084,0.044355503566858606,0.614499781217879,19.837364427917787,1
81,81,1.0,0.5333333333333333,0.598079561042524,0.647631917162943,-0.0003272987084789803,0.8908766564729866,0.07407407407407407,0.1111111111111111,0.0,0.965,0.6989229915807007,0.13737970909149116,0.0706686326531441,0.03455012971883353,0.14348419871382226,0.7427744816367683,0.1544599875653402,0.07681810686708766,0.7427744816367683,19.857092563303382,1
81,81,1.0,0.65,1.1644032921810699,0.8494635145507937,-0.00041664818704287705,0.8356950580196736,0.12345679012345678,0.13580246913580246,0.0,0.695,0.3395071220066401,0.23641090792730557,0.1729700790444066,0.03695569151081385,0.010207357662226193,0.20090355569280646,0.11619167144497033,0.005897647076736801,0.20090355569280646,19.8902725758692,0
81,81,1.0,0.6583333333333333,1.2303497942386832,0.9276071092314784,-0.00012829998112999595,0.8276276583883825,0.12345679012345678,0.1728395061728395,0.0,0.815,0.39201245485328723,0.23334328696180445,0.14512028585595355,0.1095235391312222,0.030686200142419597,0.46004994277984956,0.09346778339078701,0.0,0.46004994277984956,19.892627387561483,2
81,81,1.0,0.5666666666666667,0.7956104252400549,0.6694363735365382,-0.0006037035958106061,0.8579693486590036,0.09876543209876543,0.12345679012345678,0.0,0.57,0.5683726891805538,0.14464110361378751,0.15793470324730322,0.0425639092069587,0.3,1.0,0.1535358307004431,0.06659303027441787,1.0,19.91676906164571,1
81,81,1.0,0.7444444444444445,1.0432098765432098,0.8476545426673712,-0.0001085127685076076,0.9084483892176201,0.1111111111111111,0.14814814814814814,0.0,0.9,0.211939736068355,0.33825455550286787,0.2257757249204999,0.03556976205737452,0.07157035559925205,0.9153111115268995,0.49173087440187646,0.05544694665533343,0.9153111115268995,20.071707837341066,1
81,81,1.0,0.775,1.0686213991769549,0.9377756749260054,-0.00012971767800959276,0.8790660601392767,0.1111111111111111,0.14814814814814814,0.0,0.96,0.3831211915379856,0.2614401194087444,0.10231515395153586,0.012349779596089239,0.011489000364366866,0.7231057398321847,0.275110514555967,0.0040068582861666315,0.7231057398321847,20.101970121131966,2
81,81,1.0,0.7666666666666667,0.8849794238683129,0.7931728066144383,0.00039066419352685474,0.9732616445787801,0.09888888888888878,0.13580246913580246,0.0,0.98,0.6483971549139194,0.1682778438454881,0.06718287557461988,0.05435462262439345,0.04751733039738828,0.6400112148453573,0.2952019509130058,0.02965841288519965,0.6400112148453573,20.253397811254548,0
81,81,1.0,0.6777777777777778,1.023045267489712,0.7698461643734519,-1.8142438039744946e-05,0.9214320193081256,0.1111111111111111,0.14814814814814814,0.0,0.79,0.2506287625870492,0.28620624742447215,0.22178321881279536,0.09312860959791401,0.1772587141124488,0.7642193752650988,0.3377487736898324,0.06549733302745776,0.7642193752650988,20.307673385106046,1
81,81,1.0,0.3,0.45788751714677633,0.6207914948517467,-0.00043096128507201395,0.9124412489181812,0.061851851851851734,0.12345679012345678,0.0,0.46,0.589716739203946,0.1185828242699007,0.12431834608225989,0.027925864794334197,0.16282344574479932,1.0,0.11420848438020502,0.07861096376334781,1.0,20.315907659562104,1
32,32,1.0,0.4166666666666667,0.5338541666666667,0.6187132686867116,-0.002820508312804717,0.8272764227642277,0.09375,0.15625,0.0,0.16,0.3674248340942284,0.13049888602739187,0.16906307005121388,0.007813182845317795,0.07267306305615696,0.03960580143774113,0.0544607317653176,0.0869808090183825,0.03960580143774113,20.34705034180092,0
81,81,1.0,0.5555555555555556,0.7750342935528121,0.6545026998230795,0.00029549222675181026,0.8790363815142576,0.08641975308641975,0.12345679012345678,0.0,0.415,0.44474232266563063,0.15376230325815488,0.20627709881427383,0.07051900827769164,0.26104785351966386,1.0,0.42822876477435945,0.08503806423177562,1.0,20.380264562014652,1
39,39,1.0,0.4,0.9079772079772079,0.7464170927606681,0.000377432420362934,0.8564414461527734,0.15384615384615385,0.1794871794871795,0.0,0.195,0.39383420167198824,0.12951698133148687,0.17669469937993215,0.02345104123716042,0.17088481482082615,0.34392765602142333,0.20499057214148586,0.026931240195666048,0.34392765602142333,20.400275906088407,1
81,81,1.0,0.7111111111111111,0.8377229080932784,0.7361597902296417,0.0005692014761867563,0.95556119571348,0.09876543209876543,0.13580246913580246,0.0,0.915,0.344506719870011,0.2449589842998931,0.14491290266562828,0.007260637719476416,0.009297803507798531,0.024602281645763543,0.3957329516050721,0.06490022162718526,0.024602281645763543,20.411599672906576,1
81,81,1.0,0.7555555555555555,0.7784636488340193,0.7614470875955852,-0.0003953210124579242,0.8896867351933432,0.09876543209876543,0.12345679012345678,0.0,1.0,0.5763966241356715,0.19622288852628966,0.03766754239970376,0.043345399486723404,0.3,0.8262474535782609,0.0934541397121974,0.05638792893720316,0.8262474535782609,20.553831634609217,1
81,81,1.0,0.7666666666666667,1.0119341563786006,0.8307797837670549,0.0006804697313626097,0.9180140978717636,0.1111111111111111,0.13580246913580246,0.0,0.915,0.2775730474558234,0.27420231725545324,0.13682727925112226,0.00628111034033701,0.029292374778218205,0.03333950363494464,0.5560393091159368,0.03680488672507744,0.03333950363494464,21.365349543008428,1
81,81,1.0,0.7555555555555555,1.0844993141289438,0.9087857229877518,-0.0004991891404149086,0.8626590212777918,0.12345679012345678,0.16049382716049382,0.0,0.905,0.3016028633970842,0.2631446108774171,0.11766881890642815,0.04762926537370716,0.0053147820046816644,0.31485196699767737,0.1363772267170282,0.004646177477955884,0.31485196699767737,21.39469388320371,1
81,81,1.0,0.5,1.3614197530864198,0.8861025889068076,1.2315790836890405e-05,0.7451139197460894,0.13580246913580246,0.14814814814814814,0.0,0.55,0.3434745328225523,0.20656132443342545,0.17112823070638752,0.023705615580420194,0.05107911761969136,0.3666396806847114,0.34121811625651993,0.005283052225273897,0.3666396806847114,21.5922317497185,2
81,81,1.0,0.7833333333333333,0.9681069958847737,0.822299152366803,0.0005437547817812062,0.9530198370527806,0.1111111111111111,0.14814814814814814,0.0,0.955,0.27337178970712356,0.30123137006185047,0.15286298280622437,0.14374725444696212,0.03536261265144321,0.9016917288751412,0.5141980769672292,0.04409953107360257,0.9016917288751412,21.868146566402444,0
81,81,1.0,0.6166666666666667,0.7870370370370371,0.6630658436412931,-0.0010584659943990847,0.8142810457516341,0.08641975308641975,0.12345679012345678,0.0,0.44,0.2781070395718982,0.20767057715993492,0.263800436180547,0.2419188015190697,0.017505594787705078,0.3428371992183563,0.11510294343795585,0.09544489617011576,0.3428371992183563,21.897140385969614,0
81,81,1.0,0.7444444444444445,0.9041152263374488,0.7656867797363063,-0.0002901072491817469,0.8695053861326051,0.1111111111111111,0.13580246913580246,0.0,0.72,0.42592259925687637,0.18982765787999384,0.1536769105587713,0.09881370270837911,0.20037260587762012,0.02,0.2769313523744919,0.03967508611974878,0.02,22.021975135539357,1
81,81,1.0,0.6777777777777778,1.0312757201646088,0.7640197793145532,-0.00044788216465535834,0.8775791433891992,0.12345679012345678,0.14814814814814814,0.0,0.795,0.2725058322638781,0.2774094199057213,0.21540719361512417,0.03796464915156211,0.0997776991416215,1.0,0.3722961851023694,0.07812738631348924,1.0,22.474443146941397,1
81,81,1.0,0.6333333333333333,0.8717421124828533,0.6718798973224386,0.00014101377182959817,0.8685505726025002,0.09876543209876543,0.13580246913580246,0.0,0.52,0.356644178870801,0.18772951905307073,0.21577140745184015,0.050210290278365155,0.032816229236220865,0.4397739059904356,0.4733622564863266,0.07243277123018782,0.4397739059904356,22.76006726806094,1
81,81,1.0,0.7777777777777778,0.8997256515775033,0.7644608919569695,0.0001480471981689224,0.9060017617861803,0.09888888888888878,0.14814814814814814,0.0,0.97,0.388243913982144,0.2871448392771813,0.12845281608962802,0.022657722790796173,0.21375946524231165,1.0,0.30671781277662385,0.07228138607562933,1.0,22.793335636487885,1
81,81,1.0,0.7333333333333333,0.8588477366255144,0.7208953588189109,0.00015989189881661188,0.9441478996965342,0.09876543209876543,0.13580246913580246,0.0,0.89,0.3072333577977318,0.27753265846408204,0.16783445381332082,0.012552335666616366,0.01401844039547406,0.3940203533778219,0.1834553321251408,0.08309129316195571,0.3940203533778219,22.914851220665806,0
81,81,1.0,0.8111111111111111,0.9026063100137173,0.79682895356107,-0.0004746628119824152,0.8621411685241472,0.09876543209876543,0.13580246913580246,0.0,0.99,0.6183749473237781,0.16922401914367813,0.07073396380721143,0.010604948576839171,0.04164439806613635,0.6507918595301833,0.4408210678605414,0.02758615396331118,0.6507918595301833,23.008023761336442,1
81,81,1.0,0.825,1.024485596707819,0.8889603430577457,0.0003369851403427926,0.9095397335475663,0.1111111111111111,0.14814814814814814,0.0,0.96,0.4854115733234041,0.22164195347836968,0.10858725144574162,0.03066195757486566,0.07298523941439351,0.3501556829573107,0.1338017550558313,0.010177090469862607,0.3501556829573107,23.011922230836277,2
81,81,1.0,0.7777777777777778,1.0160493827160493,0.8074338938778713,0.0008520082845557688,0.9492898609423517,0.1111111111111111,0.14814814814814814,0.0,0.985,0.6132445832456038,0.18818662264540503,0.07961392905069893,0.08340256231105973,0.22444445807183142,0.9525511245499818,0.16809599403852266,0.031736691313471815,0.9525511245499818,23.0697136295125,1
37,37,1.0,0.18333333333333332,0.31036036036036035,0.6047513782525058,-0.0033727733889610135,0.8676318335752299,0.08108108108108109,0.10810810810810811,0.0,0.185,0.5395708677056621,0.10923780262583216,0.1007910790046782,0.01104381067316213,0.07724182227010325,0.037195324595925276,0.5061355298502767,0.07714531340477934,0.037195324595925276,23.140475168602592,0
81,81,1.0,0.8333333333333334,0.8496570644718793,0.7984513161666934,-0.0001937791954159632,0.9285624080651526,0.09888888888888878,0.13580246913580246,0.0,1.0,0.2,0.31684945255155206,0.09653628710206615,0.007959420858601726,0.05261531873535665,0.02,0.6,0.057643698752311304,0.02,23.53577134978273,1
13,13,1.0,0.18888888888888888,0.26666666666666666,0.6932759282795143,-0.001657019816325267,0.9674358974358975,0.15384615384615385,0.15384615384615385,0.0,0.065,0.4259958266181605,0.11733987788841982,0.11498237560942547,0.031769400981283266,0.1381536516043408,0.647598811507855,0.3168054656000624,0.05117873145349892,0.647598811507855,23.665648565421122,1
81,81,1.0,0.8444444444444444,0.9048010973936899,0.8416682536505999,-0.0002644536870299792,0.9309655683579274,0.1111111111111111,0.14814814814814814,0.0,1.0,0.3931737933103346,0.2383832787504181,0.06955314419237711,0.0077921318095555475,0.018863950654722867,0.021283081622254372,0.6,0.029348353929760318,0.021283081622254372,23.863637652258856,1
81,81,1.0,0.7833333333333333,1.1416666666666668,0.9207259945300281,-0.0005842849589745174,0.8587449310624493,0.12345679012345678,0.16049382716049382,0.0,0.775,0.2557358585348252,0.25719226625347874,0.15353556559506948,0.0069783860664127265,0.04687686107280775,0.07551819528200307,0.1110288459583478,0.0,0.07551819528200307,23.971515701378433,2
25,25,1.0,0.3111111111111111,0.5493333333333333,0.8554429872952226,0.0008857442531137198,0.9179288025889967,0.12,0.2,0.6666666666666667,0.125,0.31100908636960645,0.16569189403775264,0.13945174415010148,0.04139289359037913,0.007538371865962862,0.5144834653214169,0.14793757030268412,0.013758951908248988,0.5144834653214169,24.493605635865304,1
81,81,1.0,0.5666666666666667,1.246502057613169,0.7746808178978837,-0.00040846463549783256,0.8023098932540993,0.13580246913580246,0.16049382716049382,0.0,0.565,0.37316286399924314,0.1960004873353277,0.2343212444747394,0.2500064856144258,0.032721999843082286,0.1251961303626881,0.2973373358439723,0.031227851082757052,0.1251961303626881,24.777506312150628,0
81,81,1.0,0.7416666666666667,1.2362139917695472,0.866294870468642,-0.0001402726635515916,0.8302086107412339,0.12345679012345678,0.16049382716049382,0.0,0.785,0.3468838008260866,0.24668748567246107,0.18244272200435493,0.026023183285203463,0.07241002950699914,0.37458220321734303,0.38215376738716084,0.01594473920769086,0.37458220321734303,25.332817894475493,2
81,81,1.0,0.8666666666666667,1.0633744855967078,0.9474917666497168,0.000270884588772986,0.9410397316821466,0.1111111111111111,0.1728395061728395,0.0,0.975,0.26358685405291843,0.27956136643319696,0.09481460727980531,0.0055820611402249256,0.14644584443556516,0.047056690464104184,0.2918945263217231,0.0,0.047056690464104184,25.475185940777273,2
81,81,1.0,0.75,1.0995884773662552,0.7844119417792433,-0.0003817876094280228,0.8695309381237524,0.12345679012345678,0.16049382716049382,0.0,0.85,0.20567346288253302,0.3271918836016898,0.24505046035693706,0.005507662142241445,0.10883033509728059,0.4612667181488688,0.39826546790051787,0.06257868077855992,0.4612667181488688,26.125394734342972,0
65,65,1.0,0.6444444444444445,1.0630769230769233,0.7023732825152091,-0.0001851816977259173,0.7936501045184113,0.12307692307692308,0.15384615384615385,0.0,0.325,0.29230496980662357,0.1774507191658432,0.2634847165655785,0.028921318130072753,0.031862531467106436,0.04882045911126073,0.20799657695992468,0.061567470070814125,0.04882045911126073,26.20926191957705,1
81,81,1.0,0.8,1.144718792866941,0.8374283073586891,0.0002465856554037218,0.9210671726249917,0.12345679012345678,0.14814814814814814,0.0,0.865,0.31456446223155454,0.30362000996275007,0.18927398215799293,0.036959366932767544,0.09035989686533005,1.0,0.5087038350433484,0.04523788254681419,1.0,27.232747342361964,1
81,81,1.0,0.8666666666666667,1.013031550068587,0.8341335870081186,-0.00047432003520988094,0.8515873015873017,0.1111111111111111,0.14814814814814814,0.0,0.965,0.49921299686750853,0.19211033534232524,0.07824754829754886,0.1325373650868152,0.21697805686370442,0.03732928070946178,0.30741181114725336,0.020651101118853578,0.03732928070946178,27.438794471139836,1
81,81,1.0,0.7888888888888889,1.0156378600823046,0.7429296502576122,0.00043266988536953685,0.9046137223122637,0.1111111111111111,0.1728395061728395,0.0,0.88,0.42777108262463837,0.21701553343760088,0.1335160468563917,0.08334692046590693,0.3,0.046374106283892574,0.31878823187169353,0.05800565351422787,0.046374106283892574,27.637654888679428,1
73,73,1.0,0.45,0.6876712328767123,0.5623406492376606,-0.0003190312226815812,0.8591500664010625,0.0958904109589041,0.1232876712328767,0.0,0.365,0.48268062251724697,0.11946198376528236,0.23197028748663512,0.16542186292609962,0.01532830680028167,0.5577260631020093,0.5240489189574432,0.09355100792268509,0.5577260631020093,27.73696149419168,0
81,81,1.0,0.9333333333333333,0.9379972565157751,0.9672699434359071,-0.0006347204601001766,0.9088030938221052,0.1111111111111111,0.14814814814814814,0.0,1.0,0.20897654554981268,0.3105447632767788,0.0,0.005,0.12572257785923227,0.13652588960904483,0.3989878805004056,0.0,0.13652588960904483,27.998336400872535,1
81,81,1.0,0.7777777777777778,0.923593964334705,0.7067301074258422,0.0010579902298558945,0.9289586943248015,0.1111111111111111,0.14814814814814814,0.0,0.87,0.5740214571986556,0.2006965931887662,0.16851529821818872,0.04959897948305206,0.08944088104307399,1.0,0.26881869295076605,0.07914025018896381,1.0,28.17783014774627,1
81,81,1.0,0.7666666666666667,1.061454046639232,0.7483072459478104,0.00047085720149027697,0.9005422015450446,0.12345679012345678,0.14814814814814814,0.0,0.85,0.6500446213138427,0.1711494385888731,0.14723667761224904,0.06707195506171376,0.24586212297945095,1.0,0.2002189911256545,0.048207945400783714,1.0,28.434176078111207,1
81,81,1.0,0.825,1.2283950617283952,0.9090355534455121,0.0002945352233132716,0.890033500837521,0.12345679012345678,0.16049382716049382,0.0,0.88,0.48478620098205205,0.2019523205948977,0.101120415531482,0.03025892622950929,0.10817437591602719,0.2888970605079667,0.18305812731914478,0.0026855199843196583,0.2888970605079667,28.678217016450027,2
81,81,1.0,0.6916666666666667,1.3665637860082305,0.8682767975885132,-0.0008298289564210594,0.7642294034982057,0.13580246913580246,0.16049382716049382,0.0,0.835,0.36994160471917786,0.23836370794356926,0.15079821370499966,0.02481184173621065,0.07572610506849385,0.30094505649577913,0.3659533770570416,0.004905922115898746,0.30094505649577913,28.92867452491341,2
81,81,1.0,0.8777777777777778,1.0203017832647463,0.8190941240530701,-0.0005290008553503497,0.8807558782229393,0.1111111111111111,0.16049382716049382,0.0,1.0,0.2,0.33224961096580446,0.12617076522650958,0.005,0.027816306598055254,0.02,0.595857122566535,0.05564272273820588,0.02,28.93766871227712,1
81,81,1.0,0.6833333333333333,1.1934156378600824,0.7216622620712946,-0.00042240297185303555,0.7619540229885058,0.12345679012345678,0.16049382716049382,0.0,0.505,0.33438517676638907,0.2013380709363728,0.2970900321564104,0.03793338027400836,0.06332732704189853,0.1837711188343676,0.07777039779214791,0.059333016788211346,0.1837711188343676,29.377503047303417,0
81,81,1.0,0.8555555555555555,1.1027434842249657,0.8445502236368249,0.0005147014760778215,0.898975687965612,0.12345679012345678,0.1728395061728395,0.0,0.93,0.46361097706791815,0.202645087577627,0.10206818213579551,0.005,0.22440825059403846,0.04645213643281276,0.3381219883816073,0.01010039720116093,0.04645213643281276,29.522223750054856,1
30,30,1.0,0.35,0.592962962962963,0.790825416986622,0.0013658245415253804,0.9725164827538344,0.13333333333333333,0.2,0.6666666666666667,0.15,0.32204160853781943,0.14754082159794174,0.18746610537808547,0.014337086749318754,0.029150771249642538,0.1061693791464318,0.05,0.020248370598244157,0.1061693791464318,29.727362371999,1
81,81,1.0,0.8916666666666667,1.0887860082304526,0.9167311793410994,-0.0005923350915674222,0.8692959620775459,0.12345679012345678,0.16049382716049382,0.0,0.975,0.4407109656227003,0.21811562965414943,0.07906867375412904,0.12580672977258486,0.0144478451661845,0.1839958699515183,0.1986645576383108,0.0,0.1839958699515183,29.741097235932326,2
81,81,1.0,0.6555555555555556,1.1606310013717422,0.6877828386274937,0.000999374785946428,0.8292399112266738,0.12345679012345678,0.1728395061728395,0.0,0.455,0.7771244955265397,0.06369546272379854,0.09702986549959329,0.005,0.04369406373710961,0.5177907571094204,0.591494507549289,0.020397821273465608,0.5177907571094204,29.97634206263477,1
81,81,1.0,0.8444444444444444,0.8862825788751714,0.7170565059625927,-0.0008719980493245817,0.8373624653906344,0.09876543209876543,0.14814814814814814,0.0,0.955,0.4998381986546793,0.19466483664429612,0.11174515097109627,0.15318325287883988,0.2074064977539526,0.03512754627993898,0.27700526316741936,0.06280924692127061,0.03512754627993898,30.11141235853554,1
47,47,1.0,0.5,0.7134751773049647,0.5545665227610217,0.0022360800097290887,0.993585155732273,0.10638297872340426,0.14893617021276595,0.0,0.235,0.424327006388832,0.12185564968663559,0.19682315570599682,0.01692365920872861,0.008486999016677084,0.436225846823448,0.41070793911194137,0.09562660513346144,0.436225846823448,30.237407108414065,0
81,81,1.0,0.875,1.136522633744856,0.8799078593141623,-0.0006663597375525981,0.8748220482182192,0.12345679012345678,0.14814814814814814,0.0,0.97,0.2,0.3156899211755207,0.13409751068599723,0.029520139802147544,0.10264456692680789,0.18659017348967274,0.14624908048552265,0.02312553814163142,0.18659017348967274,30.44319717538389,2
81,81,1.0,0.8777777777777778,1.1470507544581618,0.8889672067508192,0.00039371700059217873,0.8973605463870951,0.12345679012345678,0.14814814814814814,0.0,0.875,0.47133360206315056,0.22899483797402453,0.13039439863145735,0.06749669020304261,0.016451545337194052,0.5474340283425674,0.14587187498236331,0.011276083785454777,0.5474340283425674,30.553858093695812,1
81,81,1.0,0.4666666666666667,0.5323045267489712,0.5364050734886806,0.0003344465091856512,0.9109850534724908,0.07407407407407407,0.12345679012345678,0.0,0.74,0.8086310276667861,0.06975800994043962,0.0601232552246524,0.005781601960929215,0.2501908012779502,0.24869286671404986,0.37575388257612885,0.06562395971013445,0.24869286671404986,30.983963683183987,0
81,81,1.0,0.8777777777777778,0.973113854595336,0.7636042088849188,-4.403519222375559e-05,0.9322688970334868,0.1111111111111111,0.13580246913580246,0.0,0.995,0.5685614592902,0.21625626597267594,0.08445682893248818,0.018184266293939096,0.14848945831295607,0.6523500101632551,0.17467964346283749,0.05274297233846409,0.6523500101632551,31.128192426377783,1
81,81,1.0,0.9,1.1347736625514404,0.9108310379625272,-0.0003091373528458089,0.8939181021456635,0.12345679012345678,0.14814814814814814,0.0,0.96,0.4430914595499733,0.22538351218543473,0.09469041494221515,0.024188484418383633,0.05025565380901312,0.38138555323503065,0.18497331055594612,0.0013179178940801383,0.38138555323503065,31.377225943983348,2
17,17,1.0,0.32222222222222224,0.5098039215686274,0.7475783040743231,0.0016426180433195155,0.9230769230769231,0.11764705882352941,0.29411764705882354,0.6666666666666667,0.085,0.2334537395283549,0.16163761819375305,0.1598199369620739,0.019201206283643486,0.03372712459190067,0.05484763064678869,0.09435063347134573,0.02876505838845571,0.05484763064678869,31.469126463991294,1
79,79,1.0,0.6666666666666666,1.4417721518987343,0.8425918980075882,-0.0004236072762575585,0.7782762657301726,0.13924050632911392,0.16455696202531644,0.0,0.395,0.6349354317347645,0.10634272125904305,0.12595392256254423,0.08774537516374181,0.010452541538167248,0.6011778968023914,0.0745246380094827,0.0011293908088254923,0.6011778968023914,31.857649975153386,0
81,81,1.0,0.7833333333333333,1.0312757201646092,0.6873424167508443,-0.00017368896563353838,0.8473849428039372,0.1111111111111111,0.13580246913580246,0.0,0.66,0.38551990276971076,0.2089368578877438,0.21010883854861556,0.13346584732584216,0.005266161269069338,0.09596818725621915,0.23691335469642533,0.07109783252439937,0.09596818725621915,32.06650721710299,0
14,14,1.0,0.17777777777777776,0.22301587301587297,0.734158917101044,-0.003809342990210119,0.9155357848952156,0.07142857142857142,0.21428571428571427,0.6666666666666667,0.07,0.2,0.17011607007603485,0.13141605626495842,0.005767391033097956,0.005,0.02531547871578724,0.31086131915856946,0.06964173646379133,0.02531547871578724,32.453723018349066,1
81,81,1.0,0.43333333333333335,0.6360082304526748,0.5204174155557642,0.00029204994350456225,0.9405365038283188,0.08641975308641975,0.1111111111111111,0.0,0.64,0.8245793477867422,0.06032141137909694,0.07664524388062058,0.005725352155147796,0.1684986518268803,0.07049001955175985,0.533323679793302,0.058764890411532246,0.07049001955175985,32.49238630466444,0
11,11,1.0,0.15555555555555556,0.24343434343434342,0.7360082969497805,-0.0017238225515614047,0.9811848778238819,0.091818181818181,0.2727272727272727,0.6666666666666667,0.055,0.2920746403572007,0.1586626010099973,0.10123491900685258,0.009475390328187146,0.0060188770853769925,0.023732893638553753,0.35400444804675835,0.06646572459638467,0.023732893638553753,32.85473165852546,1
81,81,1.0,0.8416666666666667,1.2681069958847737,0.9091416814959212,0.001020293065166325,0.9108743036400022,0.13580246913580246,0.1728395061728395,0.0,0.955,0.4583984380274743,0.21262527741585335,0.09198220055673956,0.1886565916810391,0.012503492562627772,0.26730835731359676,0.20523945550801975,0.0,0.26730835731359676,32.95761567084011,2
81,81,1.0,0.9666666666666667,1.0718792866941016,0.9241951971395737,0.0004915565112689228,0.9604703807979977,0.1111111111111111,0.14814814814814814,0.0,1.0,0.3918090015675442,0.26082539930952664,0.06330082058872907,0.03226824102127386,0.020954673240661997,0.4771736381422517,0.17328915939890643,0.0,0.4771736381422517,33.124001781848776,1
11,11,1.0,0.20833333333333334,0.3295454545454546,0.9315261873339474,-0.004284730927031804,0.9455459770114943,0.18181818181818182,0.2727272727272727,0.5,0.055,0.23661583995924007,0.14987366318168838,0.13832214653485858,0.03703539037989632,0.016094809850519677,0.26528478687118223,0.12935551869582393,0.0012058195946536435,0.26528478687118223,33.25043564946528,2
81,81,1.0,0.7888888888888889,1.278326474622771,0.8181548171525829,6.520743023680151e-06,0.8475085548044019,0.13580246913580246,0.19753086419753085,0.0,0.915,0.5514102712662823,0.18278373342176013,0.11026235702327238,0.02501127860089964,0.1449158849849061,0.2796818791965315,0.23860629087932084,0.020482082387615484,0.2796818791965315,33.28367221944523,1
81,81,1.0,0.8888888888888888,0.9432098765432098,0.7342247720067827,0.00011484369637892024,0.8992670157068063,0.1111111111111111,0.14814814814814814,0.0,0.92,0.36325481033574913,0.2669101269195049,0.1692967179189396,0.0859717286219329,0.17693873738205707,0.47001386821869057,0.3505544549571355,0.08027523134413811,0.47001386821869057,33.41571740471319,1
81,81,1.0,0.8555555555555555,1.2496570644718792,0.8264519759225595,-0.00016668548470925287,0.852969874374924,0.12358024691358013,0.16049382716049382,0.0,0.885,0.47105581126729223,0.22893175481993,0.1481841091829531,0.023275822527472758,0.0930538140096779,0.6528146359448586,0.2914059801435954,0.017068658610813237,0.6528146359448586,33.88612151607932,1
81,81,1.0,0.9888888888888889,1.023045267489712,0.8931278670902918,0.0007117617456282719,0.9817699115044247,0.1111111111111111,0.1728395061728395,0.0,1.0,0.703954572516829,0.15100337658378754,0.0,0.01941802475147,0.08059281521646375,0.7213120744458243,0.6,0.004217395049222801,0.7213120744458243,34.56033677711673,1
81,81,1.0,0.8166666666666667,1.3463991769547325,0.8690502900305656,-0.0001476845294345085,0.8521707928988054,0.13580246913580246,0.16049382716049382,0.0,0.875,0.46078556658220005,0.2111560339930023,0.12143465938353737,0.031496937882221916,0.06641708808463836,0.33451136044068214,0.17039039722618662,0.008899778430941419,0.33451136044068214,34.77223163102571,2
81,81,1.0,0.9777777777777777,0.977914951989026,0.8321946620675096,0.00026361627994780007,0.9374945839372828,0.1111111111111111,0.16049382716049382,0.0,1.0,0.4655779452403521,0.22568612021436896,0.030927489423484653,0.07409964428093942,0.10165047332529857,0.17238888000831726,0.2286746644672239,0.029350438039882007,0.17238888000831726,34.929958363672185,1
81,81,1.0,0.9666666666666667,1.0410150891632373,0.8333695798030664,0.0007029437548444038,0.9559712156483798,0.1111111111111111,0.14814814814814814,0.0,0.99,0.20701899009488914,0.3102691072967692,0.10896081270808657,0.005,0.03066059493356602,0.02,0.6,0.044115537514233166,0.02,35.08282764176382,1
81,81,1.0,0.7833333333333333,1.1053497942386832,0.6683868253066378,-0.00028396635194654675,0.7987143211715065,0.1111111111111111,0.16049382716049382,0.0,0.41,0.6228714106080173,0.10189196373799178,0.16810379538572048,0.08350017731578274,0.02746307863670702,0.4122253330181247,0.10655143066622935,0.04061689460432381,0.4122253330181247,35.29055362338366,0
81,81,1.0,0.9555555555555556,0.9761316872427983,0.7820785997183107,-0.0007577544555059289,0.8558403597526701,0.1111111111111111,0.13580246913580246,0.0,1.0,0.5048986976950718,0.21269298587278723,0.03849644676024293,0.005,0.06109304116213383,0.0665942811525245,0.35751587503422394,0.042086454306065724,0.0665942811525245,35.852005872003865,1
27,27,1.0,0.34444444444444444,0.4843621399176954,0.6672120836818363,-0.0009655207013775485,0.8663938449919758,0.1111111111111111,0.2222222222222222,0.6666666666666667,0.135,0.20715207290570115,0.1570158845902413,0.23395858663671493,0.016841576839373484,0.09004170588706878,0.33852238098573445,0.6,0.07368081855969517,0.33852238098573445,36.05014259534701,1
81,81,1.0,0.9666666666666667,1.103840877914952,0.8911343286199311,6.277983968570346e-05,0.9136173591262444,0.12345679012345678,0.14814814814814814,0.0,0.995,0.4318951541771141,0.25772592505710673,0.0842556525552639,0.05270674492916897,0.005007039709306994,0.770697715066419,0.43981293349899736,0.015280082392841843,0.770697715066419,36.06504904930935,1
81,81,1.0,0.8833333333333333,1.2734567901234568,0.9003418107302977,-0.0002763946620747947,0.8216941347552109,0.13580246913580246,0.16049382716049382,0.0,0.825,0.3832633926057183,0.23892777341427535,0.1448758887959899,0.015238529920962461,0.0709113068604777,0.46361174947812217,0.37111912513370765,0.011051198183071181,0.46361174947812217,36.20220468772608,2
81,81,1.0,0.8777777777777778,1.1691358024691358,0.767555486538721,-0.0007538762203550035,0.8375208260002347,0.12345679012345678,0.14814814814814814,0.0,0.89,0.4121636175459028,0.25359761308879786,0.1919113680733997,0.02402935837584649,0.026380803878767657,0.6718712928163817,0.5034738450843015,0.05399998318483132,0.6718712928163817,36.506016046092356,1
17,17,1.0,0.24444444444444444,0.307843137254902,0.6842345561686216,-0.002709875220629533,0.909787685774947,0.11764705882352941,0.23529411764705882,0.6666666666666667,0.085,0.31941751466159485,0.14620474986504378,0.15339795397975658,0.05953533647298267,0.3,0.552740604776838,0.42933736907039866,0.09164800158574045,0.552740604776838,36.656132057587755,1
16,16,1.0,0.2,0.26666666666666666,0.520778463760321,-0.0031388937810307013,0.9014583333333333,0.125,0.125,0.0,0.08,0.632912842643367,0.07599846821568583,0.0739839115438513,0.01913993260712358,0.19587499281642806,0.03473458898596575,0.30277757682845347,0.0957585382611799,0.03473458898596575,36.72392157102052,0
81,81,1.0,0.9222222222222223,1.093278463648834,0.7778046838930577,-4.8591892866887856e-05,0.9075561132022864,0.12345679012345678,0.16049382716049382,0.0,1.0,0.2856148205318789,0.3515961794437705,0.1479172704704331,0.041194679973646356,0.3,1.0,0.31874634615839076,0.08597411539719212,1.0,37.199949121428936,1
81,81,1.0,0.7333333333333333,1.3773662551440329,0.7460019855053862,-0.00013519718631232325,0.809272980778807,0.13580246913580246,0.14814814814814814,0.0,0.67,0.37341558554888704,0.22861538590638586,0.259298686812298,0.008687087846566003,0.18819844846264705,0.10365011495956843,0.27139449404865523,0.05217412887033186,0.10365011495956843,37.29524787134714,0
81,81,1.0,0.9,1.03758573388203,0.7151242122019152,-0.000960243909281065,0.8332604735883425,0.1111111111111111,0.13580246913580246,0.0,0.975,0.35475531816076844,0.2681766376295972,0.13445580220612544,0.01001836083866709,0.010421237307000349,0.04316568351758563,0.3532779816833781,0.08857026948688766,0.04316568351758563,37.41161436715689,1
81,81,1.0,0.8888888888888888,1.3079561042524006,0.8981434973136075,0.0001285567111907037,0.927002854978733,0.13580246913580246,0.16049382716049382,0.0,0.925,0.2106902522078069,0.3368502195095596,0.17311295780197286,0.03175379364202298,0.034509181377061986,0.8885099589368062,0.1645881466308491,0.009240750107633556,0.8885099589368062,37.446120314603036,1
81,81,1.0,0.975,1.0963991769547325,0.8591727500416363,-4.775024527879799e-06,0.8934934002689938,0.12345679012345678,0.14814814814814814,0.0,0.845,0.3984566720022812,0.21632652498184862,0.11744311242412371,0.005514396401253864,0.25160853484212203,0.11031259351149814,0.47296495731141175,0.010963428529888169,0.11031259351149814,37.53215231610634,2
81,81,1.0,0.9333333333333333,1.1823045267489711,0.8237392428751519,0.0009502572535355579,0.9518169161155586,0.12345679012345678,0.1728395061728395,0.0,0.96,0.49415920844986605,0.21770454475637852,0.11221814897531053,0.02541836269654352,0.3,0.32489621120452294,0.12374399866319123,0.0292085791340304,0.32489621120452294,37.585295284739225,1
81,81,1.0,0.9888888888888889,1.0646090534979427,0.8198979576061564,5.355416447878734e-05,0.9245342095090838,0.1111111111111111,0.14814814814814814,0.0,1.0,0.4709224881159396,0.22253267174626606,0.06073039009616343,0.019210951189316573,0.07955572804030682,0.22708633926650065,0.27236503906637205,0.02821126371858489,0.22708633926650065,37.96388406777915,1
81,81,1.0,0.9444444444444444,1.2559670781893006,0.8948539810423968,-0.00014872193322055166,0.8760332022717343,0.12345679012345678,0.16049382716049382,0.0,0.96,0.3370757832164665,0.2615829235930688,0.11016433661124132,0.058646282201000405,0.005,0.42858206360392836,0.25735795058794847,0.0,0.42858206360392836,37.98655838480194,1
13,13,1.0,0.2222222222222222,0.23931623931623933,0.7668887706875428,0.0027627272841644532,1.0388888888888888,0.15384615384615385,0.23076923076923078,0.6666666666666667,0.065,0.2,0.16202467155888284,0.1896381422999057,0.016824335158991805,0.03468107643032968,0.9059215853228149,0.4481072943749752,0.07741000815095274,0.9059215853228149,38.29430554957528,1
81,81,1.0,0.8555555555555555,1.2728395061728397,0.7920808306011113,0.0010179808281307666,0.8882972303049897,0.13580246913580246,0.1728395061728395,0.0,0.805,0.42670514383659924,0.22224278598476005,0.18477191950993316,0.010207127046663399,0.3,0.2753671299659975,0.2639313794263104,0.035759497746996154,0.2753671299659975,38.323745398406146,1
81,81,1.0,0.9555555555555556,1.0006858710562414,0.7431492692757419,0.0005366099707931315,0.9572271723402633,0.1111111111111111,0.14814814814814814,0.0,1.0,0.5236302704228732,0.19183283570107018,0.02418481508259412,0.19826781371073435,0.3,0.02,0.37665630695315605,0.04743000047740767,0.02,38.529668431643806,1
81,81,1.0,0.9166666666666666,1.2968106995884772,0.9131979139560006,0.001731779863685915,0.9526361893428535,0.13580246913580246,0.18518518518518517,0.0,0.945,0.26750669788160014,0.2748135677885243,0.11506015750768026,0.005,0.10954641158239628,0.03714134642628769,0.35708432655427397,0.00029186357313228925,0.03714134642628769,38.8125289476192,2
81,81,1.0,0.9333333333333333,1.026748971193416,0.7326502056582432,0.0007285880401099033,0.958684034736139,0.12345679012345678,0.14814814814814814,0.0,0.99,0.487247863341054,0.2678585544348317,0.12975365456073537,0.010138544537175836,0.16163174009955905,0.8896598860578112,0.4273698756953256,0.07432085107373737,0.8896598860578112,39.62150575621326,0
81,81,1.0,0.8,1.2555555555555555,0.6847945453303024,0.0008376605803606398,0.8811307767944936,0.12358024691358013,0.16049382716049382,0.0,0.78,0.2743935941297827,0.262768038153071,0.2647244197684177,0.14459994645575672,0.01529937506292697,0.047269338195414755,0.2593663632145759,0.09283894315706526,0.047269338195414755,39.830666804502094,0
81,81,1.0,0.9333333333333333,1.2753086419753084,0.8942251056993465,-0.0003458659943233106,0.8790997095837366,0.13580246913580246,0.1728395061728395,0.0,0.96,0.2,0.30781840560173995,0.14131422201984642,0.027865821412758996,0.08535513868574324,0.1961215424520275,0.1323671919631937,0.009749126545749288,0.1961215424520275,39.917304620546986,2
81,81,1.0,0.9583333333333334,1.2978395061728396,0.9058697509643611,-0.0008462054353441111,0.7972899326198969,0.12345679012345678,0.16049382716049382,0.0,0.96,0.51381442311441,0.20834618115542808,0.10944766676081419,0.04485927657473443,0.07728792658749907,0.29321327011326564,0.17157966322569287,0.004275202336692543,0.29321327011326564,40.1521447787559,2
27,27,1.0,0.35555555555555557,0.7213991769547325,0.6987714567499927,0.0034446852671186612,0.9792045382518859,0.14814814814814814,0.2222222222222222,0.6666666666666667,0.135,0.24030170698282605,0.16007486215928396,0.2088622126424768,0.015451391581536711,0.01381475500146421,0.5560539243983762,0.4805254791186295,0.05546773786396354,0.5560539243983762,40.17593441343617,1
81,81,1.0,0.8888888888888888,1.0809327846364882,0.6974796085813479,0.0008230419563806661,0.9261703327693174,0.12345679012345678,0.14814814814814814,0.0,0.94,0.40704799725281315,0.2586222737699831,0.15879243403241777,0.1376164515427159,0.15184682126988228,0.5384482568903022,0.5723882905078124,0.08807522252734248,0.5384482568903022,40.242931201029364,1
81,81,1.0,0.925,1.323971193415638,0.8594545456757352,0.0011883560659225658,0.9170641982023984,0.13580246913580246,0.18518518518518517,0.0,0.95,0.43527936511460036,0.2585709277172357,0.14085585868740036,0.01841385507571426,0.06155107719125684,0.4596685373101763,0.39714804541573245,0.017705372625623366,0.4596685373101763,41.65281352812137,2
81,81,1.0,0.9916666666666667,1.2897119341563787,0.8856194293602625,-9.70188661603728e-05,0.897143161029568,0.12358024691357732,0.1728395061728395,0.0,0.92,0.2,0.3082037586123691,0.15210011783065197,0.03130528212767002,0.1026128681846097,0.19145599253712675,0.1501737694078099,0.017660463649565302,0.19145599253712675,42.88700522829526,2
81,81,1.0,0.9444444444444444,1.0744855967078188,0.7109511002170326,0.0009920182227580961,0.9485241925188307,0.12345679012345678,0.13580246913580246,0.0,0.93,0.6872241683593274,0.14649200642005977,0.08016379883952045,0.02558052308753695,0.11982622405288758,0.5218301050594364,0.254038690444457,0.04602126799332781,0.5218301050594364,43.06364095512703,1
81,81,1.0,0.8,1.5277777777777777,0.8612196457942906,0.0001352384527384316,0.8224410774410774,0.14814814814814814,0.1728395061728395,0.0,0.685,0.2134618277441704,0.287943998962312,0.2831673789006024,0.04351720286560873,0.05088372203983336,0.13928146921283863,0.45590171353797504,0.012857236467949751,0.13928146921283863,43.07004190924177,0
81,81,1.0,0.9888888888888889,1.1674897119341565,0.7804219883215917,-0.0002041101897491252,0.8686770062272354,0.12345679012345678,0.14814814814814814,0.0,0.94,0.5067795462314231,0.23281247188254867,0.1390560838979426,0.0197946111096862,0.17717950525491433,0.6472050074566404,0.3283869862488148,0.049537426887147865,0.6472050074566404,43.919193015061516,1
81,81,1.0,1.0444444444444445,1.1102880658436212,0.8481879525238012,-0.00011535516767202932,0.9070867309117864,0.12345679012345678,0.14814814814814814,0.0,0.995,0.4956732349791495,0.25266393857596636,0.06982186477411968,0.017934874948868314,0.13775195225445677,0.8415469435205748,0.2498176743421679,0.027310956026823846,0.8415469435205748,44.02578340114586,1
81,81,1.0,0.8111111111111111,1.5167352537722907,0.8355155501283037,-0.00012075104377549791,0.8323787846813984,0.14814814814814814,0.1728395061728395,0.0,0.825,0.5699417713368335,0.20539730693702057,0.1779587269909754,0.035919082971578156,0.08671139012024157,0.4694219904799566,0.17454567086358064,0.01339459102482951,0.4694219904799566,44.277336427120794,1
81,81,1.0,1.0,0.9952674897119341,0.7095725254159827,0.0007171202538928257,0.973065605402798,0.1111111111111111,0.13580246913580246,0.0,1.0,0.3702647962722675,0.28992755451467506,0.044177304581950134,0.011627035240887642,0.23215923068655073,0.2593460677634059,0.49055146242234926,0.09257056476135833,0.2593460677634059,44.516565916308224,0
81,81,1.0,0.9888888888888889,1.1215363511659808,0.749989306355124,-0.0007615826986771308,0.8805751250271798,0.12345679012345678,0.14814814814814814,0.0,0.995,0.47920069820193884,0.2705573514825256,0.14752915518072404,0.05109275394053868,0.14488473820533532,0.716806221018612,0.45692553644168266,0.07601956141077987,0.716806221018612,44.79559980252183,1
81,81,1.0,1.0583333333333333,1.1907407407407407,0.8992921615856077,5.116161130770553e-05,0.8913746327976498,0.12345679012345678,0.16049382716049382,0.0,1.0,0.47509101052449876,0.2353282331380454,0.09254163842525223,0.032188964534839236,0.0724645255110035,0.31713449217331147,0.1317120730594843,0.010873567669555889,0.31713449217331147,45.59981003913492,2
81,81,1.0,1.0333333333333334,1.2705075445816187,0.892911971743052,6.153622517513248e-05,0.9345420955397203,0.12358024691358013,0.1728395061728395,0.0,0.965,0.3016498636014026,0.2947153035638356,0.12494318032154578,0.08011594288763403,0.010695236606370227,0.6196122260819544,0.08685206456205163,0.0099775915298821,0.6196122260819544,45.621074666368514,1
81,81,1.0,0.7555555555555555,1.6618655692729767,0.8685793528280148,0.0006250407374788779,0.8174691612784883,0.14814814814814814,0.19753086419753085,0.0,0.685,0.33982630142797554,0.2441269602501031,0.2454857195460397,0.021555702764469643,0.10740738980053122,0.9102729986900225,0.32981515852023113,0.018568883857619328,0.9102729986900225,45.83465731521874,1
81,81,1.0,0.9166666666666666,0.9259259259259259,0.6112368305090284,0.0008388021164946028,0.9702222222222222,0.1111111111111111,0.13580246913580246,0.0,1.0,0.7738973808849878,0.11036869304324513,0.008551924265087928,0.008458140641361475,0.1157181178129853,0.10414438348096335,0.5488343079266143,0.06344691439265372,0.10414438348096335,46.279219169498845,0
81,81,1.0,1.0,1.3708847736625516,0.9178871360156821,-0.00020621300226690787,0.8367714196372733,0.13580246913580246,0.16049382716049382,0.0,0.975,0.4582395525032329,0.2215619683244306,0.09538537242962485,0.14987991787681013,0.013951185189762712,0.25512433231081544,0.2563028345613943,0.0,0.25512433231081544,47.56001478626154,2
81,81,1.0,0.975,1.4472222222222222,0.9322467582345398,0.0006853053731207634,0.8755663965308877,0.13580246913580246,0.18518518518518517,0.0,0.97,0.5032241029914333,0.21539190531214475,0.09274062771877607,0.05877291764309806,0.06779008073361448,0.33160129199834004,0.1494389987099416,0.0,0.33160129199834004,47.83197737081269,2
81,81,1.0,1.05,1.0183127572016462,0.7454133635714703,0.0009339529982560811,1.0006058462989156,0.12345679012345678,0.16049382716049382,0.0,1.0,0.31520230001540617,0.29501573578564616,0.04541585140293884,0.07988706119185462,0.2621741061581993,0.1056394344486813,0.4120460493594386,0.07432089431913927,0.1056394344486813,48.04789483089694,0
81,81,1.0,1.0,1.4043209876543208,0.9205022567309818,0.00027234660137785054,0.8497619047619047,0.13580246913580246,0.1728395061728395,0.0,0.965,0.45542638072177405,0.22327974189879346,0.09834589519748103,0.1646267693434932,0.009194813521163624,0.3397631963736791,0.19858500323478417,0.0,0.3397631963736791,48.57734153778347,2
75,75,1.0,0.7333333333333333,1.085111111111111,0.5312595785107693,0.00034565212769925916,0.8829650488087923,0.12,0.16,0.0,0.375,0.5781983828225243,0.10405561589157566,0.26398533692761494,0.09439954719170417,0.021504487475991846,0.9160240491624683,0.5454250871233748,0.09884437030222668,0.9160240491624683,48.62026754557405,0
76,76,1.0,0.7916666666666667,1.205263157894737,0.5751763747221983,0.0005715865727347342,0.8025181950509461,0.11842105263157894,0.15789473684210525,0.0,0.38,0.5120596415518894,0.12309830575297408,0.2728654778215124,0.012469804077563222,0.014796469679825727,0.47584793868776964,0.5926056714057385,0.0894980568693458,0.47584793868776964,48.849683405383324,0
81,81,1.0,1.1,1.0997942386831274,0.8516002516267732,-0.0012955066126955853,0.8452681633925788,0.12345679012345678,0.14814814814814814,0.0,1.0,0.21588701852740666,0.3610160856504501,0.009119347927646482,0.09230422414940968,0.0056971288003100865,0.6355737549613901,0.15809741618445167,0.04177353826609134,0.6355737549613901,48.89201404692505,0
81,81,1.0,1.0583333333333333,1.2393004115226338,0.8822751046075425,4.964716902906097e-05,0.904718302064309,0.13580246913580246,0.1728395061728395,0.0,1.0,0.25636702105760434,0.30494006013386604,0.10508314184689703,0.043813762734710056,0.15226767909269898,0.13684375227212026,0.2139974990800727,0.021718898409308372,0.13684375227212026,49.45713279363922,2
81,81,1.0,1.0777777777777777,1.1445816186556927,0.7782370878316078,-0.0003235564944497252,0.8940374986683711,0.1111111111111111,0.16049382716049382,0.0,1.0,0.450597672576832,0.23892705826816485,0.041162021162375176,0.00827520700269565,0.13707297736508797,0.05351805567057484,0.3663867180296368,0.04460905268824262,0.05351805567057484,49.5974015699816,1
81,81,1.0,1.1,1.1094650205761318,0.8322990796807919,-0.0010301742504889534,0.8464193867457962,0.12345679012345678,0.14814814814814814,0.0,1.0,0.47255957369098867,0.2310113392619178,0.027648014576914706,0.035053387562258516,0.06759905501901338,0.1722379908399682,0.05,0.026108209817488022,0.1722379908399682,49.84095842246071,1
65,65,1.0,0.75,1.0602564102564103,0.5236672418186035,0.00038739616251760503,0.8145002015316405,0.12307692307692308,0.15384615384615385,0.0,0.325,0.6333890877622124,0.08015470016139968,0.19746795052610464,0.01071357370373404,0.11443836479574909,0.18458310870585057,0.45332951576308844,0.07741300326825526,0.18458310870585057,50.571932650171554,0
81,81,1.0,1.1,1.1289437585733881,0.8193048408655236,-0.0009455037612321819,0.8609018496017281,0.12345679012345678,0.14814814814814814,0.0,1.0,0.345878834893944,0.2865859678314858,0.0862333176160112,0.19036151187184772,0.013880006867286538,0.41977093354193734,0.2875697692189792,0.041600166741000255,0.41977093354193734,50.815096043712835,1
15,15,1.0,0.19166666666666668,0.25500000000000006,0.9941700173975978,-0.002125320261013726,0.9442973856209149,0.13333333333333333,0.2,1.0,0.075,0.2,0.16620754366335655,0.16335551414307634,0.05536212981355568,0.03286871239232957,0.4082346550198516,0.08529224959555518,0.0,0.4082346550198516,51.941114869637076,2
81,81,1.0,0.9166666666666666,1.3545267489711934,0.9129397592369379,0.0002796869093310371,0.8928328016608437,0.13580246913580246,0.2222222222222222,0.5,0.95,0.5105224095152973,0.20620766030535503,0.11145302104721506,0.036736845121637225,0.07082803660329826,0.35679982719771225,0.10776545646114004,0.0,0.35679982719771225,52.09277101148433,2
81,81,1.0,1.0888888888888888,1.2008230452674897,0.7932316378918284,0.0005721800272014069,0.9715284441398219,0.12345679012345678,0.16049382716049382,0.0,1.0,0.5978371689934945,0.2441220175991775,0.09142772420551772,0.04078277869447172,0.15909580917454946,1.0,0.2452115936638703,0.05061686652772667,1.0,52.58120745706572,1
81,81,1.0,1.1166666666666667,1.2310699588477365,0.8541071089298388,0.0007409282680385666,0.9293863167864507,0.12345679012345678,0.16049382716049382,0.0,0.995,0.4099957702000812,0.24118229644556777,0.08392029124786854,0.05954242620096361,0.030208593930789875,0.027755490691128655,0.26847729496963957,0.01329217208895931,0.027755490691128655,53.27887789260887,0
81,81,1.0,1.1333333333333333,1.1887517146776407,0.8589032982101018,0.0010933264260038719,0.9921588840167189,0.12345679012345678,0.16049382716049382,0.0,1.0,0.4202288667066835,0.27297242471727146,0.05720278772371026,0.03946107531785375,0.049454880301834266,0.517551923086919,0.11744717727983993,0.025369971151932236,0.517551923086919,53.6007778068619,1
60,60,1.0,0.9222222222222223,1.2501851851851853,0.6768474155527309,-0.00017561458169065334,0.7813655590118337,0.15,0.16666666666666666,0.0,0.3,0.5246687707517466,0.10423635909870607,0.1957185276450421,0.02111425500121046,0.011956336383624548,0.03625157446270623,0.2179824579075756,0.04025774263459737,0.03625157446270623,54.15304151139627,1
81,81,1.0,0.9333333333333333,1.398559670781893,0.6956820336948759,-0.0009295784782333237,0.7668557206610758,0.13580246913580246,0.16049382716049382,0.0,0.64,0.36276419254091974,0.23112735613965685,0.2948164777003192,0.02321816180030503,0.012540794080253109,0.31394231655980187,0.11462283961388874,0.07284966939519985,0.31394231655980187,54.52459227862404,0
81,81,1.0,1.0333333333333334,1.4713991769547325,0.8692306922092602,0.00018630866827010445,0.9058870554234839,0.13580246913580246,0.1728395061728395,0.0,0.94,0.2694048079448342,0.2925003204222584,0.13299837617291113,0.025490994071962755,0.08527227629706077,0.16531428140160248,0.15763081050581457,0.016931543936284068,0.16531428140160248,54.799714960384016,2
81,81,1.0,1.0888888888888888,1.2902606310013718,0.8435711640935135,-0.0009927744076432348,0.8270092376024758,0.13580246913580246,0.16049382716049382,0.0,0.99,0.41232859952923423,0.23983245614574927,0.09087795684394784,0.22053651541689503,0.022022039155303274,0.2653735165949627,0.44472757541967783,0.017641209644574565,0.2653735165949627,55.06623528537309,1
81,81,1.0,0.9833333333333333,1.0627572016460902,0.608022554514061,7.31335296123874e-05,0.867562116811875,0.12345679012345678,0.14814814814814814,0.0,0.715,0.6087111075732264,0.14658482008054635,0.16730480373158146,0.009007837288758364,0.09934291233006057,0.02798720283506902,0.5618455662314829,0.07788070150730986,0.02798720283506902,55.765759239948444,0
81,81,1.0,1.0333333333333334,1.289917695473251,0.706025461799195,-0.00032324744505932905,0.8158236294996541,0.12345679012345678,0.14814814814814814,0.0,0.65,0.5001175971973135,0.18014319666464207,0.27765665197565503,0.23464466062696343,0.03356858594514512,0.5844220543793354,0.27313349741613097,0.057043217199431166,0.5844220543793354,56.107391792839096,0
33,33,1.0,0.6888888888888889,0.8420875420875422,0.6323552573367736,0.0011354887398444746,0.9200315429383803,0.15151515151515152,0.24242424242424243,0.6666666666666667,0.165,0.29568296273498945,0.1531021559163811,0.2004575686719617,0.014279834975746973,0.017375208097387504,0.03957443268372531,0.1872657432684367,0.06571428232383252,0.03957443268372531,57.379826477789535,1
81,81,1.0,1.1111111111111112,1.3179698216735254,0.8450936336847183,-0.0005580580893121246,0.8456767508557682,0.13580246913580246,0.14814814814814814,0.0,0.985,0.24020209872446935,0.31480855567174243,0.1443961919978946,0.01859053988789947,0.11119831205895574,0.07169343274046225,0.14155621588204526,0.024287794487661277,0.07169343274046225,57.85637773388519,1
81,81,1.0,1.1333333333333333,1.1544581618655694,0.756727836356491,-0.0004513439319213658,0.8803527672158851,0.12345679012345678,0.16049382716049382,0.0,1.0,0.5307050487165033,0.24379470653629726,0.024471569034570248,0.033396848848205214,0.15696345676410134,0.5236940885347109,0.5687042757828913,0.06071591764637807,0.5236940885347109,58.04808373958554,1
81,81,1.0,1.1222222222222222,1.2847736625514403,0.8274009510473127,0.0002974170780265945,0.917057441810805,0.13580246913580246,0.16049382716049382,0.0,1.0,0.6461705516301259,0.18135660810281218,0.0584023140205185,0.04993553359196639,0.019055768423312885,0.5117472492317098,0.05,0.01995332282878726,0.5117472492317098,58.55862837508075,1
36,36,1.0,0.6666666666666666,1.4537037037037035,0.8769858156363137,0.000882755320923261,0.7373673036093419,0.16666666666666666,0.2222222222222222,0.6666666666666667,0.18,0.35530278083555933,0.13854724468368498,0.2110593525762352,0.0114655076977589,0.04514836206772678,0.04537913561021363,0.13998562339917453,0.007944715520986993,0.04537913561021363,58.76431283113716,1
12,12,1.0,0.29444444444444445,0.3361111111111111,0.5745909444195331,0.0038315390508912627,0.9933608815426999,0.16666666666666666,0.25,0.6666666666666667,0.06,0.645102364336427,0.07544689063736792,0.07408105161158385,0.03627179420392971,0.14120761573648025,1.0,0.1731130840871479,0.07068403339197173,1.0,58.800598546302275,1
58,58,1.0,1.0777777777777777,1.2268199233716475,0.7349184224057669,-0.001142037267235539,0.8019959747380111,0.13793103448275862,0.1896551724137931,0.0,0.29,0.3771403535099893,0.15908435640613378,0.21448475622636035,0.030180267572946763,0.010610325381398623,0.03457023162901568,0.2360253435923988,0.038453462848962915,0.03457023162901568,58.952571453228515,1
81,81,1.0,1.0777777777777777,1.2148148148148148,0.6951827572769974,-0.0004350190058309408,0.8142457091237579,0.12345679012345678,0.18518518518518517,0.0,0.985,0.6785819755300075,0.16027556096817686,0.10669913742118455,0.10908636398904524,0.014076696862287623,0.27308263290386325,0.2575797861599816,0.05488680757961441,0.27308263290386325,59.028762979679165,1
81,81,1.0,1.0,1.5067901234567902,0.7985071201489208,0.00039098566090699737,0.8556308889799263,0.14814814814814814,0.1728395061728395,0.0,0.465,0.41122273865942377,0.1677057617477402,0.22341926859024644,0.01600559541607014,0.0067487353269444095,0.05349086304456449,0.3757223022859175,0.015274001034846697,0.05349086304456449,59.08872884644997,0
62,62,1.0,0.5277777777777778,1.650179211469534,0.8959673858399966,0.00022793151475469014,0.66311130417994,0.16129032258064516,0.20967741935483872,0.6666666666666667,0.31,0.32535501604678985,0.16085689664943875,0.20438739195050035,0.01163418398524374,0.025940693439768677,0.07235811089840248,0.2068612204222,0.003578047767773105,0.07235811089840248,59.33907111519174,1
81,81,1.0,1.0416666666666667,1.5056584362139918,0.8683470202617083,8.206415851796385e-06,0.8286285730554607,0.14814814814814814,0.18518518518518517,0.0,0.97,0.4771009038934704,0.23662640602396473,0.11591410070338323,0.028086956852660397,0.08693456290666142,0.3570057607737331,0.19374880747676682,0.01206087465312408,0.3570057607737331,59.770586204847184,2
81,81,1.0,0.9666666666666667,1.2689300411522633,0.609184754274785,0.001175394859629125,0.8818742230149722,0.13580246913580246,0.19753086419753085,0.0,0.765,0.6892637842974572,0.12598914005501297,0.16266695388325358,0.03704187335089605,0.248247134991568,0.050012986257867056,0.5957979641550959,0.06865019747544017,0.050012986257867056,61.47924687426689,0
81,81,1.0,1.1,1.4436213991769549,0.8569406215296124,0.0009710214650177773,0.9444469783352338,0.14814814814814814,0.1728395061728395,0.0,0.9,0.45303145309687476,0.24803791394994668,0.1587792590639038,0.015219462457622233,0.09075662701485118,0.8068303717977761,0.22922034000807562,0.019666401159103,0.8068303717977761,63.011550148905144,1
81,81,1.0,1.1833333333333333,1.3222222222222224,0.9269274852894828,0.0010578804139825724,0.9467071272953625,0.13580246913580246,0.19753086419753085,0.0,1.0,0.473381578160867,0.2320718446064532,0.06617716127038512,0.1552416472318942,0.01135065617020993,0.26286632270592947,0.25848443084180667,0.0,0.26286632270592947,63.05085779129766,2
81,81,1.0,1.1666666666666667,1.1979423868312757,0.7450384760627571,-0.0003814865320411964,0.8780247337684646,0.12345679012345678,0.14814814814814814,0.0,1.0,0.5268919270621704,0.20935907788391978,0.013225672721552048,0.07060163919168615,0.3,0.030123385955651814,0.36679948283045327,0.05066276928626019,0.030123385955651814,63.22822821779272,1
81,81,1.0,1.1555555555555554,1.2737997256515774,0.7791065485577708,-0.00062423530374443,0.8340637040227823,0.13580246913580246,0.18518518518518517,0.0,1.0,0.5165004505047237,0.26276876596717785,0.10651318349635881,0.07206760059696043,0.3,0.5375541097813356,0.08171826181516033,0.05788692888133771,0.5375541097813356,64.26963488921355,1
81,81,1.0,0.9333333333333333,1.186008230452675,0.5287966142302963,-0.0003866500416871964,0.7868100855887115,0.12345679012345678,0.14814814814814814,0.0,0.665,0.8041772613291311,0.07939350506583137,0.14849285267168846,0.2278574599164845,0.04135440639847407,0.14155261666402028,0.086946427269985,0.07042187498065502,0.14155261666402028,64.50177481038786,0
81,81,1.0,1.211111111111111,1.2994513031550068,0.8546038838645477,-0.0002223232962369994,0.8905744982816658,0.13580246913580246,0.18518518518518517,0.0,1.0,0.4468409633403569,0.24280204506346414,0.07188937580842435,0.00522668639389305,0.23817978023542608,0.08434689694441787,0.2931252292319938,0.020836353329730644,0.08434689694441787,67.12723907771135,1
81,81,1.0,0.9833333333333333,1.6954732510288066,0.820514589396305,-0.001126568370433144,0.6768608414239484,0.16049382716049382,0.19753086419753085,0.0,0.75,0.5587170474755874,0.16961843117315326,0.15115006874312525,0.03045993370519993,0.01322802232280923,0.2051129874924031,0.43288220084598317,0.012043899325295239,0.2051129874924031,68.27488999235545,0
81,81,1.0,1.1555555555555554,1.2647462277091908,0.713489031448614,-0.0002206570777588561,0.8893950349481805,0.13580246913580246,0.1728395061728395,0.0,0.995,0.4275025715075204,0.303286054050058,0.14490205412980434,0.07893999236057347,0.11192571942669473,0.4101483484830432,0.3805061871679385,0.1,0.4101483484830432,68.36521129217897,1
81,81,1.0,1.15,1.3358024691358024,0.7337304393044511,-0.0009732849304809199,0.8075415896487984,0.13580246913580246,0.16049382716049382,0.0,0.92,0.450013612649691,0.31301419817797066,0.24695214034489718,0.01743571527609106,0.009358662012001914,0.8486093982160107,0.3480987964941472,0.09481088718036756,0.8486093982160107,68.4665418504496,0
81,81,1.0,1.2222222222222223,1.2700960219478736,0.8150906264257662,0.0009366376525460431,0.9686214013992391,0.13580246913580246,0.19753086419753085,0.0,1.0,0.38907290267561295,0.2628901125659966,0.09881284246992803,0.005,0.11707959444067066,0.08362428145678222,0.39795941302996946,0.035412575256904104,0.08362428145678222,69.10794342470957,1
81,81,1.0,1.1,1.4699588477366257,0.7535477571146842,8.036218137433784e-05,0.9413176558417319,0.14814814814814814,0.1728395061728395,0.0,0.96,0.3309933235625343,0.3740455756776809,0.28835268801692193,0.010322722296465501,0.014563952666262646,0.5934587629916213,0.5741838326280035,0.08999060160301815,0.5934587629916213,69.1974785340924,0
81,81,1.0,1.15,1.4467078189300413,0.7719815257084991,-0.0011971384603324845,0.8077653723984258,0.13580246913580246,0.18518518518518517,0.0,0.93,0.35703750809180274,0.338157867181028,0.24848673478601474,0.0455218290781526,0.007891111163296327,0.36066457132145097,0.27501844470691955,0.07475602706104802,0.36066457132145097,69.59031622500052,0
81,81,1.0,1.1,1.3286008230452675,0.6571439016721644,-0.00021607424516070092,0.8147620153838211,0.13580246913580246,0.14814814814814814,0.0,0.675,0.7466295248026058,0.0994553216505544,0.13837538722635787,0.07565103213482374,0.0050818245404387055,0.9555599695701222,0.4336647185947354,0.043083695745808705,0.9555599695701222,69.77882719336486,0
81,81,1.0,1.1666666666666667,1.4670781893004115,0.8843015097906481,-0.00040419050597820656,0.9014258999532493,0.14814814814814814,0.19753086419753085,0.0,0.985,0.41307641839785064,0.31123338544697926,0.16162341354149753,0.02041968362709357,0.08967202578742324,1.0,0.1851921598295861,0.026470423762713448,1.0,69.78516136370055,1
81,81,1.0,1.2222222222222223,1.2799725651577503,0.7879440484029506,-3.164210404322606e-05,0.9104346324676407,0.13580246913580246,0.16049382716049382,0.0,1.0,0.41565643767959143,0.3003637719325687,0.08265584375550201,0.04134439637646963,0.10855060302313886,0.5411416751652862,0.35557776597498025,0.05932838151205658,0.5411416751652862,70.71318448077092,1
81,81,1.0,1.1333333333333333,1.6226337448559667,0.9582133903186798,-6.949900842254006e-06,0.9051069405697862,0.14814814814814814,0.1728395061728395,0.0,0.96,0.39115803367109936,0.2897405072678182,0.12761441659550174,0.08644483727342266,0.015463087619783156,0.6262029156626201,0.1846785545756815,0.0,0.6262029156626201,71.08765714341871,1
81,81,1.0,1.1833333333333333,1.497530864197531,0.8174578078695046,0.00037319356461889793,0.9730502885408079,0.1359259259259258,0.1728395061728395,0.0,0.985,0.4209496975241629,0.2999816475503626,0.1791618299673923,0.11274992201689644,0.006594236438655274,0.49052378427820265,0.41190316341098754,0.045136109536193694,0.49052378427820265,72.02336548689159,0
81,81,1.0,1.1666666666666667,1.2487654320987656,0.6664202400909731,-0.00013341149210829446,0.8790682155215028,0.13580246913580246,0.14814814814814814,0.0,0.75,0.3693397940860084,0.2352936946801547,0.2477950283031056,0.033838974069476356,0.04531013608384023,0.04345428969618273,0.2331182473227374,0.09544015939487657,0.04345428969618273,73.09164295568316,0
81,81,1.0,1.2,1.3337448559670781,0.7201952665362552,0.00043210777705596904,0.8961421372004527,0.13580246913580246,0.1728395061728395,0.0,0.925,0.25245052193473594,0.32651826697815045,0.2722297434217635,0.04842347794337828,0.04707731436941118,0.08664181687047555,0.25810663661285405,0.09806062698694244,0.08664181687047555,74.39928374959322,0
81,81,1.0,1.15,1.4909465020576131,0.7192616784939391,0.00034728796715936106,0.8673024197258258,0.13580246913580246,0.16049382716049382,0.0,0.81,0.4222787296228867,0.23119487863315097,0.22969973852958145,0.008813472245251027,0.12041201385526747,0.02994152966402467,0.3400023733979771,0.06256191561345337,0.02994152966402467,74.52266258279013,0
81,81,1.0,1.2555555555555555,1.3415637860082306,0.8543152421643839,0.0006932040782161487,0.9531697341513293,0.14814814814814814,0.1728395061728395,0.0,1.0,0.3994443291539036,0.2910421273830088,0.0801928365491116,0.02235037270725968,0.19664399204940058,0.37674884496417727,0.2707682903283037,0.02525418302408769,0.37674884496417727,75.9282968819189,1
17,17,1.0,0.38333333333333336,0.7558823529411763,0.6830389897233816,-0.005247773703380319,0.7941180285343709,0.17647058823529413,0.23529411764705882,1.0,0.085,0.3398684303180989,0.08940669911840357,0.23617738139672714,0.0560947997866597,0.042285136308934386,0.03857701677481838,0.276881944601378,0.03593160199082607,0.03857701677481838,76.37825734089998,0
81,81,1.0,1.2666666666666666,1.302880658436214,0.774232482263801,-0.0006737953612920981,0.8917077279427248,0.13580246913580246,0.1728395061728395,0.0,1.0,0.26720381422141976,0.3921493389505637,0.0498400390019191,0.12735958661594693,0.04081959680533119,0.6675988999332618,0.4376921316921629,0.0980302087071833,0.6675988999332618,77.19739987329955,0
48,48,1.0,0.6000000000000001,1.4336805555555554,0.8021472968763517,-0.0016924161453458551,0.6942597077581335,0.14583333333333334,0.20833333333333334,1.0,0.24,0.4185734261593657,0.11543113140820571,0.21260753474147162,0.2499853397082341,0.29342429423061644,0.02897475443709664,0.155243042859893,0.011074629681687698,0.02897475443709664,77.2961068224273,0
81,81,1.0,1.2555555555555555,1.308641975308642,0.7504333811565792,-5.08524522214674e-05,0.9192872117400419,0.13580246913580246,0.1728395061728395,0.0,1.0,0.4373700009985511,0.3276115916007862,0.11482313814561809,0.23142571751725688,0.2174743020021687,1.0,0.33588725795933405,0.0940996538448508,1.0,77.55696456784625,1
81,81,1.0,1.2777777777777777,1.3814814814814813,0.8324279571971585,-0.0012672010905467187,0.8003683844702612,0.13580246913580246,0.1728395061728395,0.0,1.0,0.4896071982845558,0.23161767314556564,0.06831869258098829,0.2204725308966267,0.028711054549723333,0.22796657682996688,0.3751180095286706,0.02719853898422663,0.22796657682996688,78.06339166559708,1
81,81,1.0,1.2333333333333334,1.423593964334705,0.7866507479395617,-0.001106682898909138,0.8113440825678251,0.14814814814814814,0.1728395061728395,0.0,1.0,0.3619311406051808,0.28834676686336613,0.11899154810128373,0.005595681180988441,0.060772843755669166,0.02755712531383476,0.5475185665908104,0.05437096128965552,0.02755712531383476,79.45998488146456,1
81,81,1.0,1.2777777777777777,1.4458161865569272,0.8119021538704387,-0.0015235402810906502,0.775416403120388,0.1359259259259258,0.16049382716049382,0.0,0.995,0.48964204348818896,0.22381274143410168,0.08134145533059832,0.005,0.0576769589102264,0.02186530789418991,0.1988260558218744,0.030487351051935358,0.02186530789418991,81.19527537042143,1
81,81,1.0,1.3166666666666667,1.352057613168724,0.8214181791487172,-0.000862851942104106,0.8433417034444276,0.13580246913580246,0.1728395061728395,0.0,1.0,0.6429797167742218,0.18941382545120555,0.03105572081581921,0.11820679545424902,0.20358212187872166,0.4920533959738732,0.5676150714495679,0.021080110081550377,0.4920533959738732,82.1053198319783,0
81,81,1.0,1.1666666666666667,1.2805212620027433,0.8354347854006979,0.000938563174644882,0.9934981848479438,0.13580246913580246,0.20987654320987653,0.6666666666666667,1.0,0.4633998068367838,0.25908633311947865,0.042533999691439145,0.10707912169686475,0.0628059995543763,0.4261617508727378,0.18012245120576487,0.02898555731438909,0.4261617508727378,82.47385356085886,1
18,18,1.0,0.5333333333333333,0.699074074074074,0.5958227339397929,0.00020066055975805972,0.886037527593819,0.16666666666666666,0.2222222222222222,1.0,0.09,0.273671172551293,0.1099420536750718,0.26771985752882244,0.21314479738781142,0.03386107314427019,0.7575534028425633,0.0936623481537506,0.05794577714532373,0.7575534028425633,83.40893488663058,0
81,81,1.0,1.3,1.3500685871056242,0.734256272457375,0.00030862751525705405,0.9073625505204455,0.13580246913580246,0.1728395061728395,0.0,1.0,0.6742119119704129,0.14867636387289995,0.0,0.08975352767921317,0.2621940575999484,0.03634062564751766,0.3749670839842504,0.03656580613678509,0.03634062564751766,85.05776456496794,1
81,81,1.0,1.3111111111111111,1.4404663923182441,0.8511080904513613,0.0004772231869471912,0.917595043858257,0.14814814814814814,0.18518518518518517,0.0,0.99,0.4377268587872556,0.25005033301747676,0.11294662023046335,0.1015461913506011,0.014042765982378818,0.20747966656425576,0.27294934499544604,0.02514399642891555,0.20747966656425576,85.785844175248,1
81,81,1.0,1.35,1.3473251028806583,0.8179650738789327,-0.0007922329201926244,0.8585053960496845,0.13580246913580246,0.16049382716049382,0.0,1.0,0.36598210308149154,0.3050212598422468,0.037910586955873925,0.05010037746405264,0.19334407828956093,0.32198327676783356,0.5215720449161084,0.041328370748075265,0.32198327676783356,86.13446371363607,0
81,81,1.0,1.25,1.3862139917695475,0.6926384585206442,-6.129919898047077e-05,0.8682972143882046,0.14814814814814814,0.16049382716049382,0.0,0.955,0.41923871089097464,0.2610545127817908,0.2060343007548732,0.008177116525759191,0.08209573724982691,0.08431453528145871,0.14734642212928578,0.09413896798372887,0.08431453528145871,86.55784282133565,0
81,81,1.0,1.3,1.5096021947873801,0.8399515061219754,-0.0002570684964501502,0.8505502549346258,0.14814814814814814,0.1728395061728395,0.0,0.995,0.4337323456122746,0.266691809736175,0.12480805378041412,0.1933708468289414,0.023465784710105773,0.4214154291356869,0.46057332940051854,0.030491166179011632,0.4214154291356869,87.41332163867702,1
81,81,1.0,1.1166666666666667,1.7080246913580246,0.7067349881606108,-0.000810225931260863,0.7920328876039032,0.16049382716049382,0.18518518518518517,0.0,0.79,0.47028336222340406,0.24107957143225978,0.2982999604470269,0.007481837544796035,0.022207805747712573,0.3070945017568465,0.5659344437771392,0.07681127069410236,0.3070945017568465,87.46395357445627,0
81,81,1.0,1.3,1.5026063100137175,0.815611043038559,0.0009734878433886177,0.8548154910433531,0.14814814814814814,0.19753086419753085,0.0,0.985,0.834576748159285,0.12368340989914009,0.07165116368405282,0.013621511491357603,0.056946096310649764,1.0,0.6,0.016354930739240308,1.0,88.3119113309714,1
81,81,1.0,1.225,1.5542181069958847,0.9181112633142525,7.442685195676467e-05,0.8438776174400389,0.14814814814814814,0.20987654320987653,0.5,0.975,0.49033878055956537,0.22841770982248294,0.10491303515778054,0.03653880134767716,0.06281070801740622,0.36512673058447404,0.1543095030722214,6.760949511290942e-05,0.36512673058447404,89.73322514072376,2
81,81,1.0,1.3416666666666666,1.4969135802469133,0.9121596631586276,0.0009438567692611499,0.9563745704467354,0.14814814814814814,0.18518518518518517,0.0,1.0,0.43069672013762883,0.25350045235629715,0.07859743094906584,0.10343894321758638,0.009516053854711326,0.2452055880068359,0.24579551154078777,0.002398605749051645,0.2452055880068359,89.75795226038046,2
81,81,1.0,1.3666666666666667,1.3714677640603568,0.8052775701373183,-0.0008918388310082973,0.828698628614612,0.13580246913580246,0.19753086419753085,0.0,1.0,0.8271221841557901,0.13322290582904245,0.0,0.006839569495228684,0.021675136978782646,1.0,0.5489696758819027,0.023989686330377513,1.0,89.8065069901033,1
81,81,1.0,1.2666666666666666,1.4707818930041152,0.7011443102660415,3.9007500738816894e-05,0.8077075172542437,0.14814814814814814,0.1728395061728395,0.0,0.765,0.599189161845612,0.20609131924780366,0.22134683791149642,0.10914322445815668,0.0057825924948306144,0.738982090845863,0.1887203052019399,0.07382360921493729,0.738982090845863,90.70545532847342,0
81,81,1.0,1.3333333333333333,1.4938271604938271,0.8013566166594783,0.0009168062208228414,0.9198347107438017,0.14814814814814814,0.18518518518518517,0.0,1.0,0.8554186052390265,0.11359369033750535,0.05056098978794969,0.01203028209203151,0.0683778271753079,1.0,0.5554174503435491,0.016410380847141148,1.0,92.53182055014418,1
81,81,1.0,1.3333333333333333,1.4880658436213992,0.79203128072111,-0.0010375770759183443,0.8312536873156342,0.14814814814814814,0.1728395061728395,0.0,0.99,0.5051887177578589,0.2151123771478594,0.07362167981231688,0.15451640894015975,0.3,0.02759029109111242,0.2936925122913986,0.028218369196865923,0.02759029109111242,92.97548543230349,1
81,81,1.0,1.25,1.6415637860082304,0.7139445881496016,0.0005190099655248216,0.822661485752486,0.1482716049382715,0.18518518518518517,0.0,0.675,0.41697091913593837,0.21647195544358333,0.2725880306561927,0.009091930031472626,0.006231538274311319,0.33331180548638295,0.5485713953881985,0.059137853950040155,0.33331180548638295,94.42222123312895,0
81,81,1.0,1.2916666666666667,1.4746913580246912,0.8802166679020068,0.0006792026321636434,0.9624926747593134,0.14814814814814814,0.20987654320987653,0.5,1.0,0.4592860006849887,0.2533127433595331,0.1048392200637341,0.03773013100255514,0.06345066753882518,0.29761657076192743,0.12357282734191906,0.0076212568464004765,0.29761657076192743,95.00041120734207,2
74,74,1.0,1.0583333333333333,1.422972972972973,0.47029014207521647,0.00154560902034251,0.8223266856600191,0.14864864864864866,0.16216216216216217,0.0,0.37,0.6796195784426218,0.07460096141022095,0.2620137405441104,0.010453150687154784,0.05326065546871043,0.8261394477904545,0.5221035788327744,0.09177427468321386,0.8261394477904545,95.04422382185814,0
81,81,1.0,1.3583333333333334,1.5625514403292182,0.8749504433593935,-6.822981545421064e-05,0.8783609867439207,0.14814814814814814,0.18518518518518517,0.0,0.995,0.39937827983819096,0.26285048451912385,0.1043578401095465,0.005,0.3,0.06347576621574108,0.4407594940574681,0.013282712956780879,0.06347576621574108,95.29756078889969,2
7,7,1.0,0.13333333333333333,0.15238095238095237,0.7939176799087629,0.0020136101388738056,0.9974999999999998,0.14285714285714285,0.2857142857142857,1.3333333333333335,0.035,0.2813994799290299,0.16663438458744348,0.07106203139492875,0.03622251988543478,0.03358073553064634,0.3884595468183653,0.18939320777335572,0.009093013053525523,0.3884595468183653,96.79871873607226,1
81,81,1.0,1.4,1.486556927297668,0.826064377045556,-0.0007694417985101246,0.7944522366788679,0.14814814814814814,0.1728395061728395,0.0,0.965,0.44606873725251817,0.2592522054954056,0.1410778099384186,0.1539413827828281,0.010336068041528923,0.2853324269153555,0.364798304770857,0.033801961760252755,0.2853324269153555,99.6896591733103,1
81,81,1.0,1.4166666666666667,1.4045267489711932,0.8038517628837117,0.002413804046360398,1.0968170719796855,0.14814814814814814,0.1728395061728395,0.0,1.0,0.3361649395837992,0.33150365638110646,0.021681468908974367,0.12457278158183094,0.16661871949046178,0.45587110186529006,0.514474012487886,0.05193636535366863,0.45587110186529006,99.73650337555983,0
81,81,1.0,1.3111111111111111,1.7592592592592593,0.8706509710783141,-0.0007279713122237823,0.80317738791423,0.16049382716049382,0.19753086419753085,0.0,0.94,0.41274765974347966,0.241743475045628,0.13894619390542792,0.005,0.10707707627353857,0.04444018459126399,0.37689366867257595,0.008417805302649723,0.04444018459126399,101.70276371658495,1
81,81,1.0,1.3555555555555556,1.7666666666666666,0.8378046832876012,-3.4005817283436454e-05,0.8164073297616277,0.16049382716049382,0.19753086419753085,0.0,0.955,0.5706178057838703,0.24417268996666497,0.16728474135592702,0.10332845023064934,0.013065870772502335,0.7082590210466656,0.21032727277449992,0.026705820601741193,0.7082590210466656,108.5862100822589,1
14,14,1.0,0.1875,0.30773809523809526,0.8828633066434124,-0.00045985269521959,0.9521453900709221,0.14285714285714285,0.21428571428571427,1.5,0.07,0.2029929820226751,0.18534805797356646,0.12175576265763711,0.006882217506796417,0.060721007063559755,0.05731034970967286,0.087921327897136,0.006998979216212476,0.05731034970967286,110.1609499735258,2
7,7,1.0,0.2,0.19880952380952382,0.9760336042196706,-0.0057542148651918345,0.9446656686626748,0.14285714285714285,0.2857142857142857,1.5,0.035,0.38917427566645163,0.13831320206884656,0.08240974943507863,0.006238859571048495,0.2010247670910534,0.08242684924583196,0.26473120255564686,0.005232148967636914,0.08242684924583196,111.87232357177189,2
81,81,1.0,1.45,1.582716049382716,0.7599311022458807,-0.0006982113573020757,0.8427665106604263,0.14814814814814814,0.19753086419753085,0.0,1.0,0.44877473667725154,0.34827957581628105,0.1716867552849088,0.05530101162659838,0.10466015203521145,0.8676180013424035,0.5687473771637577,0.09270465241719711,0.8676180013424035,113.61294715627598,0
81,81,1.0,1.511111111111111,1.52880658436214,0.8496108587021055,-0.00020823511763520223,0.8888963660834456,0.14814814814814814,0.18518518518518517,0.0,1.0,0.5253690589871813,0.24079585656906038,0.018144300978321738,0.10721075959108387,0.11473012110919345,0.3094784049223023,0.07399553521184107,0.021612498347297157,0.3094784049223023,115.32204318900838,1
81,81,1.0,1.4833333333333334,1.5030864197530864,0.7308793991968866,-0.00017451814706115015,0.855116358658453,0.14814814814814814,0.18518518518518517,0.0,0.99,0.5164451368419429,0.2878194820038417,0.12321854261441251,0.013082034734936477,0.009740582879960474,0.48323753687378806,0.44543408925978284,0.08157310583955725,0.48323753687378806,117.04556568831649,0
81,81,1.0,1.2,1.4000000000000001,0.821337067752132,0.0003397191194736094,0.8895708406819517,0.14814814814814814,0.20987654320987653,1.0,0.99,0.6075967052172075,0.16778969748185363,0.06952873815926164,0.04537186120069537,0.26145110870003274,0.05299845133454487,0.21616892479104938,0.01577054943448939,0.05299845133454487,117.80509695673842,0
81,81,1.0,1.5,1.5285322359396432,0.7671302607324572,-4.894173803153357e-06,0.8924238435689571,0.1482716049382715,0.19753086419753085,0.0,1.0,0.5496785645800104,0.24764930004654417,0.0,0.019062657936305568,0.22013727412252837,0.2885617398107406,0.5276573986806411,0.047327343347118196,0.2885617398107406,117.93129610106071,1
81,81,1.0,1.4333333333333333,1.6738683127572014,0.7640951075694435,0.00137858647298445,0.9693863962302807,0.16049382716049382,0.18518518518518517,0.0,0.975,0.6613597730023617,0.21313187038486614,0.14518230886973435,0.12327438664853249,0.08587229008589686,0.784136650137851,0.47364248291181565,0.046413935911136676,0.784136650137851,117.97676456116878,0
81,81,1.0,1.3666666666666667,1.3973251028806586,0.5280628674701724,-0.00013635049484611597,0.8273005939233299,0.14814814814814814,0.1728395061728395,0.0,1.0,0.9076172252944905,0.0630601865045685,0.03054574316786238,0.03429235771489231,0.030026120778463294,0.030741819410630845,0.4882670593695689,0.04734033912116812,0.030741819410630845,119.03651009614045,0
11,11,1.0,0.25,0.5378787878787878,0.925971037983768,0.00017497803142788694,0.847769953051643,0.18181818181818182,0.2727272727272727,1.5,0.055,0.2,0.16751496506985056,0.1359790377131376,0.006890317630384034,0.05686807522375673,0.07883468377875237,0.05,0.003961898710678613,0.07883468377875237,120.70584065697335,2
81,81,1.0,1.3,1.6057613168724278,0.4943795224670776,-1.3427766484427107e-05,0.7970237485050402,0.14814814814814814,0.18518518518518517,0.0,0.56,0.7858886698604837,0.09125613046905909,0.270039747016455,0.21301487924471554,0.16857542208554993,0.3715492994709898,0.15596741131164948,0.09890317328695383,0.3715492994709898,123.3450585295998,0
81,81,1.0,1.3888888888888888,1.6480109739368998,0.8366103002370308,0.0005172730895873513,0.9024845088137914,0.16049382716049382,0.20987654320987653,0.6666666666666667,0.995,0.3692451092772501,0.35583791327179654,0.15482147950300734,0.012574800582735038,0.06576858388371407,0.647651411352771,0.17993497919310564,0.04881321070053173,0.647651411352771,127.30276981099883,1
81,81,1.0,1.5444444444444445,1.633333333333333,0.8500042224588379,0.0006317093024735248,0.9380524061476441,0.16049382716049382,0.19753086419753085,0.0,1.0,0.499345065796268,0.28304703202586373,0.038944598491923214,0.02382193192996462,0.2875013223446314,0.4118966081955318,0.6,0.02854496587056465,0.4118966081955318,127.69441879741977,1
81,81,1.0,1.5666666666666667,1.570781893004115,0.7430418332984619,-0.001337782555867211,0.8126897214217099,0.14814814814814814,0.1728395061728395,0.0,0.99,0.5011248699023052,0.31001297893713736,0.15486896982967724,0.04689138552300097,0.005548960991637007,0.5972683658769302,0.3908957704531178,0.08544794496351783,0.5972683658769302,130.880307274849,0
81,81,1.0,1.4111111111111112,1.7352537722908092,0.7483108481668898,0.0001197052089337197,0.848792270531401,0.16049382716049382,0.2222222222222222,0.6666666666666667,0.97,0.6668005889670039,0.2394925958732485,0.1534037555195842,0.058443483105457474,0.07886244006576643,0.7681822383733846,0.05,0.05587322709439359,0.7681822383733846,139.06468855678935,1
81,81,1.0,1.5,1.6218106995884776,0.5713719715760279,-0.0006760714216315267,0.7197149623614987,0.14814814814814814,0.1728395061728395,0.0,0.965,0.8557013752954217,0.08799961590292019,0.09080614160333979,0.08132373074708242,0.043790372202544996,0.07450581658924929,0.5687440578054422,0.05549408503937954,0.07450581658924929,139.83342083775736,0
81,81,1.0,1.5,1.8092592592592593,0.6684369355754649,0.0002797232046764,0.762377459342659,0.16049382716049382,0.19753086419753085,0.0,0.85,0.7130625353115001,0.14748306466818867,0.1829267151557398,0.017791572021945774,0.05605233936628119,0.13574297238745683,0.29381325765073696,0.05229457637404864,0.13574297238745683,141.22406386850915,0
81,81,1.0,1.6333333333333333,1.5924554183813446,0.7977931129047792,0.0003436861300828368,0.9166852346359625,0.16049382716049382,0.18518518518518517,0.0,1.0,0.29934149646539615,0.3273451269346719,0.10801309864616963,0.005,0.06214642957559286,0.029628815487612856,0.5938012365911485,0.05800106371640702,0.029628815487612856,141.8588455032833,1
81,81,1.0,1.6333333333333333,1.6870370370370371,0.9093122199831816,-7.890510881392471e-05,0.8857988779119406,0.16049382716049382,0.19753086419753085,0.0,1.0,0.49299707716161,0.23464215549586964,0.0691832093488674,0.20099644995851065,0.01151724298380192,0.22238613187938203,0.18066266317409768,0.0,0.22238613187938203,141.949714674222,2
81,81,1.0,1.6,1.8057613168724278,0.8545008244018721,0.0007798436226666341,0.9394226678821026,0.16049382716049382,0.18518518518518517,0.0,1.0,0.23678974453641255,0.3700676284897804,0.1563393622038979,0.04904723330399501,0.005589763749700097,0.1745176524504983,0.5028133352967895,0.03125978173018911,0.1745176524504983,143.52746413952963,0
81,81,1.0,1.2,1.6923868312757202,0.6609525416322055,0.0005843537591220948,0.7939159067882472,0.16049382716049382,0.20987654320987653,1.0,0.88,0.7397515163478221,0.1518971150891055,0.1930585070578846,0.013252848320464068,0.05236560880108778,0.26946826720784883,0.5313682325253001,0.057554753924405094,0.26946826720784883,143.81442319536376,0
81,81,1.0,1.65,1.673045267489712,0.9003459683237499,0.0011522816050869218,0.9846757266428895,0.16049382716049382,0.19753086419753085,0.0,1.0,0.6610864543973205,0.18886916072253884,0.0012182337525778464,0.055039138612688526,0.033118995262230555,0.5011842972374805,0.2662286991730116,0.0016144361964651633,0.5011842972374805,144.02548971793894,0
81,81,1.0,1.6333333333333333,1.6530864197530866,0.7564588681306981,0.0006472560994451985,0.9545357231764998,0.16049382716049382,0.18518518518518517,0.0,1.0,0.36259323526991727,0.3322806552877874,0.04110401816718512,0.01238067184061041,0.05491280894190918,0.09131607040761404,0.4868163520706093,0.07650859415568516,0.09131607040761404,146.7540343551426,0
81,81,1.0,1.6333333333333333,1.6386831275720166,0.7211063543747638,-0.00011359830137526734,0.8597656119203081,0.16049382716049382,0.19753086419753085,0.0,1.0,0.423014381339811,0.3046951212048782,0.0745505040035618,0.08193126036264493,0.030434763566520005,0.07651272353157525,0.3323642181774414,0.08651806171917678,0.07651272353157525,148.88523226553136,0
81,81,1.0,1.0,2.2707818930041155,0.8178175529646264,0.0011604212960656182,0.7447601788087469,0.18518518518518517,0.20987654320987653,1.0,0.755,0.6447848304806932,0.20930347333865112,0.24710855233740892,0.006865974700049122,0.030226983646353532,0.6219287589822851,0.07417851669484112,0.014734174275583612,0.6219287589822851,154.36840515518992,0
81,81,1.0,1.5666666666666667,1.8776748971193415,0.8841655991156273,0.0003117222528225847,0.8708837415301445,0.1728395061728395,0.20987654320987653,0.5,0.99,0.4852753310814869,0.250888510852589,0.11093848403102168,0.0335084929314534,0.06909373434616838,0.31727301827592885,0.08380282011921525,0.006273311252012319,0.31727301827592885,156.56137763655312,2
81,81,1.0,1.6222222222222222,2.050068587105624,0.926990655584284,0.00028475958428520734,0.8893256756254416,0.18518518518518517,0.19753086419753085,0.0,0.975,0.42454248724575344,0.3242284779422365,0.14716077339378403,0.023479297714993408,0.014003728581462236,0.7699632750544908,0.26343342046426677,0.0,0.7699632750544908,166.952337471341,1
81,81,1.0,1.711111111111111,1.8234567901234566,0.8038225698618369,8.555325494681188e-05,0.8441578274279695,0.1728395061728395,0.19753086419753085,0.0,0.98,0.4485453139051403,0.27749741888771867,0.1527443718345518,0.117981130620228,0.022971088900563232,0.18876958292056817,0.34196250335060446,0.036223413289338494,0.18876958292056817,168.65090989939006,1
81,81,1.0,1.7,1.9310699588477365,0.8401076007952121,-0.0005627717860363427,0.8767137275794707,0.1728395061728395,0.19753086419753085,0.0,0.995,0.35343897337885316,0.3919187458491149,0.2066690474249355,0.009745283620039505,0.11000305958953144,0.8088843468580482,0.2732711762426961,0.04827486753456478,0.8088843468580482,170.61223492799743,0
81,81,1.0,1.4666666666666666,1.729012345679012,0.7352075001566958,-0.0003769135242600484,0.8250606926097821,0.16049382716049382,0.2222222222222222,1.0,0.985,0.6396749501384476,0.30926216792593514,0.2570075421842157,0.018513239640047183,0.15835506586505163,0.7680134152037174,0.3290985926406079,0.08777561350711154,0.7680134152037174,171.926479682279,0
81,81,1.0,1.4666666666666666,1.8228395061728395,0.8722791660216748,0.0011025973683129117,0.9298865560447004,0.1728395061728395,0.2222222222222222,1.0,0.995,0.49748365589608484,0.23355284181354174,0.09657206402723052,0.24700156791314842,0.010572397593066605,0.2134747719934204,0.08717399177581786,0.009975932277723188,0.2134747719934204,173.16818427442308,0
81,81,1.0,1.55,1.7450617283950616,0.9450441233975422,0.00023300205923081887,0.9026134889753568,0.16049382716049382,0.2345679012345679,1.0,1.0,0.4837122701453791,0.27673732729141903,0.07816030848336429,0.011378813454005902,0.011251018140470087,0.6618963604449896,0.18970904020248613,0.00045568253102285335,0.6618963604449896,176.19090580525153,2
81,81,1.0,1.1555555555555554,1.9263374485596705,0.8470378220423878,-0.0009524964024340485,0.6849953713593963,0.1728395061728395,0.2222222222222222,1.3333333333333335,0.825,0.6436600125576846,0.17103361429054634,0.15943447231682853,0.03974205013503195,0.00998887034038585,0.4843574055809166,0.10458896614765045,0.007967935224064346,0.4843574055809166,177.24697356386199,1
81,81,1.0,1.711111111111111,1.7524005486968453,0.8535873346081273,0.0006571903183624291,0.9729136768862797,0.16049382716049382,0.2345679012345679,0.6666666666666667,1.0,0.2,0.3822124090858638,0.11747977449619681,0.005,0.027285864402815455,0.02,0.574530503306332,0.04282845505109403,0.02,179.08746989545983,1
81,81,1.0,1.6666666666666667,1.771742112482853,0.7743355845104694,0.0003777427771546845,0.8994308523450673,0.1728395061728395,0.20987654320987653,0.6666666666666667,1.0,0.5214380792151359,0.24213143089435568,0.07513203684526278,0.15174966009735402,0.005,0.13102200715907772,0.4015003997587491,0.04311650229206401,0.13102200715907772,180.29684431280396,1
81,81,1.0,1.6888888888888889,1.7486968449931413,0.7729267141874047,0.0006248189845969684,0.9089788376390197,0.1728395061728395,0.20987654320987653,0.6666666666666667,1.0,0.5643104030804451,0.21047508820435495,0.05869019954399259,0.04459244460067691,0.3,0.02259208730424619,0.39462866131710544,0.037043330698741224,0.02259208730424619,182.90962892975517,1
81,81,1.0,1.5666666666666667,1.605144032921811,0.7028693658993649,0.0007120455588869257,0.909242191172072,0.16049382716049382,0.20987654320987653,1.0,1.0,0.6743528144834272,0.2151907141082976,0.035980790583949804,0.2221312389683314,0.18538573750106604,0.41958439773984063,0.2993231423239568,0.07296668340702965,0.41958439773984063,183.16911469922178,0
81,81,1.0,1.7222222222222223,1.766803840877915,0.8126043312230093,0.0008409588999992026,0.9646652864044167,0.16061728395061717,0.2345679012345679,0.6666666666666667,1.0,0.36952525139280834,0.35878529562282196,0.09869160812606911,0.04263526278756987,0.2936283554473583,0.45077020547157176,0.1437016730567817,0.05113727699100578,0.45077020547157176,183.3817553887321,1
81,81,1.0,1.6,1.6549382716049381,0.7518474462551772,0.0006805956416470251,0.9193814497078204,0.16049382716049382,0.20987654320987653,1.0,1.0,0.4504382870559502,0.3116311797471811,0.11295775037239911,0.0063425084959160315,0.008061346476111748,0.2581794615374017,0.10003280358551792,0.07625380508868862,0.2581794615374017,186.6300068340526,0
81,81,1.0,1.8111111111111111,1.8574759945130315,0.8009072589855956,-0.00016390221809213748,0.8552641771082063,0.1728395061728395,0.19753086419753085,0.0,1.0,0.54642186788625,0.26778388269804465,0.04879565519083392,0.030647768331727086,0.027029082437121012,0.29357267731261155,0.05,0.03795336767458444,0.29357267731261155,187.74418526206082,1
17,17,1.0,0.3111111111111111,0.46274509803921565,0.7497143510156395,0.0019954922545029063,0.9845197740112995,0.11764705882352941,0.23529411764705882,2.0,0.085,0.4087663013002884,0.11638090015850007,0.13249530758294473,0.052521730448811685,0.14480571123769112,0.6106083567423375,0.19579471014241173,0.04464416495775434,0.6106083567423375,188.13102898981535,1
81,81,1.0,1.8166666666666667,1.820781893004115,0.768252896264353,-0.0002912025266558038,0.9028136889290691,0.1728395061728395,0.19753086419753085,0.0,1.0,0.28473698936585956,0.40735308166978174,0.09050497648873239,0.06652378037730439,0.0079423836182908,0.2303523198879866,0.4286915473524438,0.09432387177283841,0.2303523198879866,188.72248393009923,0
19,19,1.0,0.2833333333333333,0.6153508771929825,0.9163550021987228,0.004749821862789332,0.9028219291993348,0.15789473684210525,0.21052631578947367,2.0,0.095,0.2,0.1749321402772141,0.20399425502405955,0.04377007123845369,0.02406422380233381,0.35212331749109893,0.1148734130946721,0.0027058679302184242,0.35212331749109893,189.31733995164507,2
81,81,1.0,1.5333333333333334,1.7911522633744854,0.6979964407849945,0.0005667412533581713,0.8698401301933755,0.1728395061728395,0.20987654320987653,1.0,0.99,0.8333249644722724,0.2136356223585409,0.16976624321848094,0.027355843538646948,0.19547454791625954,0.7465546218751112,0.5193461974937944,0.08793302462090204,0.7465546218751112,190.9354636762792,0
81,81,1.0,1.8444444444444446,1.8208504801097396,0.8029361506553223,0.0003519560161270513,0.8804617213265699,0.1728395061728395,0.19753086419753085,0.0,1.0,0.5756046681443177,0.22585963711047635,0.047422621973669435,0.044819581520421946,0.04855334081502618,0.18285327335428175,0.08950507232331827,0.026857340863817733,0.18285327335428175,191.78808650647497,1
81,81,1.0,1.4333333333333333,1.7614540466392319,0.8325914135021106,-0.00011477974173037037,0.8790955186944597,0.16049382716049382,0.2345679012345679,1.3333333333333335,0.95,0.299314247076072,0.3096554425268877,0.20998188744501048,0.3,0.021498957162035176,0.1772942653384335,0.2601207559647599,0.036892347431724176,0.1772942653384335,197.96151741666247,1
81,81,1.0,1.85,1.8312757201646088,0.6279051666529412,0.0002645167497665077,0.8516104868913857,0.16049382716049382,0.19753086419753085,0.0,1.0,0.8329071585382442,0.11435131401575797,0.015477446065427435,0.023126176625056206,0.0500033484289479,0.023829572508216736,0.37850901828804245,0.05170059703423491,0.023829572508216736,202.99091087065173,0
81,81,1.0,1.9,1.972633744855967,0.8718369688746332,-0.0008090870150600516,0.8687512603873301,0.1728395061728395,0.19753086419753085,0.0,1.0,0.2652420938908102,0.3484463908547487,0.05579914225857236,0.010757617643467417,0.02803765617211966,0.03946826208902709,0.16041930091497192,0.030602424991410304,0.03946826208902709,207.20875212714864,0
19,19,1.0,0.3888888888888889,0.5157894736842105,0.5444873056163689,0.003999988221325274,1.0131972789115646,0.15789473684210525,0.21052631578947367,2.0,0.095,0.5443830211010943,0.07112549986139867,0.16133507640307904,0.04119959229630288,0.3,0.8912971041045092,0.3016091287230148,0.05162355633156415,0.8912971041045092,216.90239552689803,1
81,81,1.0,1.6,1.9165980795610424,0.9216858690145231,4.22915090861593e-05,0.8712039952921716,0.1728395061728395,0.2222222222222222,1.3333333333333335,0.995,0.7314704578510594,0.2179788137352185,0.0739114139010921,0.013426049158201765,0.04383404565136703,0.9322432097252801,0.47977897737000585,0.0,0.9322432097252801,230.8998307283155,1
81,81,1.0,1.5222222222222221,2.0219478737997254,0.8118405764499134,0.0012761017277098064,0.8729684908789388,0.18518518518518517,0.2222222222222222,1.3333333333333335,1.0,0.8639540994366015,0.156725146245403,0.08766917761427295,0.009186161476827116,0.044927930627537485,1.0,0.5599878808823805,0.023999669488149862,1.0,233.15823372148142,1
81,81,1.0,1.7166666666666666,2.0991769547325103,0.7472375496225762,0.0007541788553862269,0.8419911128536887,0.18518518518518517,0.20987654320987653,1.0,0.795,0.5881527795453081,0.22954865582771256,0.2748432217309741,0.022528114997771267,0.04206149305089288,0.7974080969876494,0.5778375155984898,0.05540801259455461,0.7974080969876494,237.07673989276913,0
81,81,1.0,1.7333333333333334,1.7281207133058987,0.8109867214750888,-0.0002501166382371457,0.8699790090137763,0.16049382716049382,0.2345679012345679,1.3333333333333335,1.0,0.5159126108095309,0.22788401172280615,0.02151233686781669,0.007866043471583532,0.06277005355970036,0.04503317929794128,0.29044644701307054,0.022544883716666325,0.04503317929794128,242.92663170534516,1
81,81,1.0,1.85,1.8259259259259257,0.6114632136383027,3.063177774506495e-05,0.8417331530313276,0.1728395061728395,0.2345679012345679,1.0,1.0,0.7759275068069544,0.178040768869429,0.06878649424057778,0.005941802561749148,0.005150362222537667,0.05603677124293216,0.38968227275661965,0.09412139376410446,0.05603677124293216,253.43199191093964,0
67,67,1.0,1.05,1.6756218905472635,0.7509018093594907,0.000293373752979948,0.7801623119556611,0.16417910447761194,0.208955223880597,2.0,0.335,0.2995682660123839,0.18404690235287285,0.2967883292678447,0.007029144497483536,0.056284596768699256,0.11039397667806677,0.05424645964541743,0.0297152394603782,0.11039397667806677,255.6882584854583,0
81,81,1.0,1.7777777777777777,1.7829903978052128,0.755932562971098,-0.0003849224179740647,0.8099704228000891,0.16049382716049382,0.20987654320987653,1.3333333333333335,1.0,0.5116469621213287,0.21818066661954238,0.09493950702695733,0.1664408216723239,0.16912101314721384,0.02,0.449450780623228,0.0425785328513017,0.02,256.05110440437386,1
81,81,1.0,1.9166666666666667,1.9495884773662553,0.768421796749135,-0.001399322943161059,0.7944019349164467,0.1728395061728395,0.24691358024691357,1.0,1.0,0.43024833591743816,0.38256778951486586,0.07366155787688537,0.13436302503519926,0.013596464888137883,0.49295118400357085,0.19881024172158585,0.09558366903670519,0.49295118400357085,259.1436232929553,0
81,81,1.0,1.7666666666666666,1.8764060356652945,0.7952195611885831,0.0003989079748839747,0.9216608588996924,0.1728395061728395,0.20987654320987653,1.3333333333333335,1.0,0.5539451551617739,0.33910533261065334,0.08172893920294023,0.03632428127283392,0.24017892197426033,0.8262011794530877,0.4473564404241298,0.06336464775338575,0.8262011794530877,260.1948365200619,1
81,81,1.0,1.0222222222222221,1.946639231824417,0.8778209825433476,0.0013142987426301613,0.8312638683359563,0.1728395061728395,0.2222222222222222,2.0,0.79,0.37722198830897996,0.23020724811695098,0.1832905882463278,0.019547886853335906,0.05243657924383581,0.10412648849544417,0.05,0.0,0.10412648849544417,263.23514529184484,1
81,81,1.0,1.7777777777777777,2.0497942386831274,0.8602830848902685,-0.00033338628882111256,0.8390142541658302,0.18518518518518517,0.20987654320987653,1.3333333333333335,0.955,0.5421949939812187,0.27393390427690334,0.17073380556530285,0.028051497213049514,0.21918369535294735,0.6090569416952379,0.281745473599668,0.021294938141774314,0.6090569416952379,273.4756694899569,1
10,10,1.0,0.14583333333333331,0.20083333333333334,0.9616566637611255,-0.00273762688601978,0.9319467496542185,0.1,0.2,2.5,0.05,0.3803408231513965,0.12405221283997563,0.0981630146276717,0.07833698658343757,0.008181173551741212,0.47306740687432963,0.17229668112745994,0.003055779405352466,0.47306740687432963,282.476384850033,2
10,10,1.0,0.16249999999999998,0.15833333333333335,0.86457713739936,0.001793953857565198,1.0100877192982458,0.1,0.2,2.5,0.05,0.20097325972198923,0.18521437551198883,0.11048999079125006,0.00831286095703492,0.051477448801550876,0.07974476225618225,0.05,0.0,0.07974476225618225,284.2235547927223,2
7,7,1.0,0.16666666666666666,0.18214285714285716,0.8842072135087213,0.00108294723488369,0.9901470588235295,0.14285714285714285,0.2857142857142857,2.5,0.035,0.3664485416858006,0.15146966333667577,0.0676129960187683,0.11279396832868693,0.005707990599605802,0.5958433109377586,0.09732328977989983,0.0,0.5958433109377586,290.90107072162795,2
61,61,1.0,1.2166666666666666,1.9377049180327868,0.5787617019387277,-0.0009560669945671029,0.6644895657078397,0.18032786885245902,0.22950819672131148,2.0,0.305,0.5369510513831642,0.09552130089634192,0.29411541335568026,0.0950419637928437,0.006680700974752885,0.03721557350781778,0.08318714007844383,0.06168338315513925,0.03721557350781778,307.0650690744667,0
81,81,1.0,1.4166666666666667,1.9397119341563787,0.7529909716564626,-0.0003935493700829949,0.7789454050422546,0.1728395061728395,0.2222222222222222,2.0,0.735,0.3767753310118936,0.24707779146304581,0.29905125747947453,0.01343726512184726,0.141721309863182,0.03297711108648882,0.47888114950826427,0.04902285142560991,0.03297711108648882,311.78748577853503,0
81,81,1.0,1.5333333333333334,1.863991769547325,0.7916514508185142,0.0014648367167659467,0.915244324244766,0.1728395061728395,0.20987654320987653,2.0,0.975,0.35329300721610823,0.3347945790339901,0.19677874466898876,0.020917422396979437,0.015676547522276266,0.18473205318761218,0.3919630104417908,0.05377616424280138,0.18473205318761218,321.2810738213932,0
81,81,1.0,2.183333333333333,2.1913580246913584,0.8920841690107097,0.0007977356521805784,1.0240845070422535,0.18518518518518517,0.20987654320987653,1.0,1.0,0.21613675044788128,0.5261149040285801,0.014516037306462991,0.008573742554568638,0.022218951856052202,0.7544353584348382,0.19353825927071255,0.05700373507724078,0.7544353584348382,326.8324070328314,0
9,9,1.0,0.15555555555555556,0.18641975308641973,0.7547537398866809,0.004453245958079376,1.004407652685798,0.1111111111111111,0.2222222222222222,2.666666666666667,0.045,0.2,0.1829934336963982,0.09262137086547426,0.059824941809397646,0.20782228368300296,0.3204636124293404,0.26219197956535406,0.041650215440432695,0.3204636124293404,328.7832453307369,1
15,15,1.0,0.3111111111111111,0.36666666666666664,0.6958935190242055,0.000983536678252734,0.9671717171717172,0.13333333333333333,0.2,2.666666666666667,0.075,0.20173555910932242,0.1384049111712467,0.20598829307602048,0.009661408827835047,0.06924831716985884,0.812215893647876,0.46365016424792604,0.06947387168586071,0.812215893647876,333.1074493380627,1
81,81,1.0,1.6888888888888889,1.8695473251028807,0.7130891717375153,0.00016735211683835933,0.8216677672609877,0.1728395061728395,0.2345679012345679,2.0,0.99,0.5860762166533788,0.2082414821662517,0.12687905598966462,0.06096620369124529,0.3,0.04638497981519972,0.4275868705775456,0.05874369900222547,0.04638497981519972,351.40168039622245,1
81,81,1.0,1.65,2.051440329218107,0.8227871706346171,2.7027317260911824e-05,0.8860414577064527,0.18518518518518517,0.2345679012345679,2.0,0.98,0.4501199399904513,0.395686008254137,0.27984327322710145,0.22312144474850054,0.10930247104721746,0.9691964703948155,0.10370085394646807,0.07439096253516175,0.9691964703948155,352.70038632620503,0
81,81,1.0,1.8222222222222222,1.90480109739369,0.7989229085445886,-0.0004995971372998943,0.850673260038088,0.17296296296296285,0.20987654320987653,2.0,1.0,0.6864414134093917,0.2564550448302248,0.09591371711049863,0.027416705040668274,0.2217460429980423,0.8289615902059023,0.17885906024528048,0.04636006010028975,0.8289615902059023,370.21024235530234,1
81,81,1.0,1.85,1.897736625514403,0.7795067560305704,0.0012622133294147608,0.9873271531316635,0.17296296296296285,0.25925925925925924,2.0,1.0,0.30730718009742664,0.3935208242790924,0.09892146540082171,0.19226198022078816,0.0074834264649014945,0.33124573930405093,0.39441263672483345,0.08703766258825953,0.33124573930405093,376.506088156058,0
81,81,1.0,1.9666666666666666,2.0310699588477363,0.8192203421557235,0.000639624763976887,0.9689594097187043,0.18518518518518517,0.20987654320987653,2.0,1.0,0.2926924899766163,0.42159063858833923,0.21905591069186386,0.25425215144749524,0.08313397573237738,0.5200190853680252,0.48078194901247595,0.07794971887695216,0.5200190853680252,407.7127491146663,0
22,22,1.0,0.3375,0.8462121212121214,0.8890219527360734,0.001262224641530407,0.8339465831095196,0.13681818181817107,0.2727272727272727,3.0,0.11,0.350049521326808,0.14996298372294503,0.14880812799060883,0.1260418022711155,0.029720312044309014,0.64518854323126,0.05,0.0023301589839652657,0.64518854323126,409.62366290692466,2
81,81,1.0,2.0,2.000411522633745,0.8578466211278777,0.001438601643845004,1.0838503737228278,0.18518518518518517,0.2222222222222222,2.0,1.0,0.23958702770937323,0.5369718591404671,0.1427047457391633,0.006968284822773978,0.01950202650919014,0.9411908081149558,0.5161410814210571,0.08976003451071302,0.9411908081149558,411.13619479618984,0
20,20,1.0,0.3833333333333333,0.7908333333333333,0.7242314522391415,0.002575170073580726,0.8345609413417633,0.15,0.2,3.0,0.1,0.20465967608638477,0.13945825073388926,0.2712146034470469,0.15750264221740437,0.10384145920314708,0.38348823957714445,0.051619005462818,0.03193685561421233,0.38348823957714445,419.56739279935886,0
7,7,1.0,0.15555555555555556,0.20634920634920637,0.8610823360379084,-0.003903732863382467,0.9632478632478633,0.14285714285714285,0.2857142857142857,3.333333333333333,0.035,0.6708087525545128,0.06951919083468405,0.04690557002412586,0.005535331279747791,0.019408657048984555,0.32938267597329707,0.6,0.0,0.32938267597329707,507.8399329465066,1
81,81,1.0,1.8555555555555556,1.8773662551440329,0.9112108807487004,0.0002485196713398585,0.9000116907788982,0.1728395061728395,0.2222222222222222,2.666666666666667,1.0,0.6350799622035894,0.2021313678291079,0.000345269910477218,0.00548441555373331,0.07233766496597105,0.3036489322732867,0.4916655419587956,0.0,0.3036489322732867,509.14648717228357,1
12,12,1.0,0.25,0.4361111111111111,0.9143565155066221,-0.0016864840029751822,0.948004246284501,0.16666666666666666,0.3333333333333333,3.333333333333333,0.06,0.4359579902801457,0.125004145503391,0.09461091716215078,0.044636104866963955,0.010899963763938458,0.22976403697726622,0.3802768163798249,0.003551497446858289,0.22976403697726622,511.2470061329687,1
81,81,1.0,1.3666666666666667,2.011522633744856,0.6138600189016038,-0.0007693327832204808,0.689481723949809,0.18518518518518517,0.2222222222222222,3.0,0.805,0.7120084466541414,0.14955187825396907,0.23602734459138072,0.2707309954118337,0.04861092568455451,0.024111331898412237,0.11848749515695864,0.08038890366662109,0.024111331898412237,548.5900805018146,0
15,15,1.0,0.26666666666666666,0.43499999999999994,0.867331045354014,0.00044664331902565614,0.9273212005108559,0.13333333333333333,0.2,3.5,0.075,0.32925564057491563,0.14033901903939947,0.12144921002212564,0.1328775392242994,0.0058897929113491815,0.5681246157824466,0.1433779414127281,0.0,0.5681246157824466,551.3035071854216,2
13,13,1.0,0.225,0.5737179487179487,0.8725806255881268,-0.002785224318085574,0.8374068901303536,0.15384615384615385,0.23076923076923078,3.5,0.065,0.2,0.16710665794874052,0.1654288095278122,0.04616440919279999,0.02323338345088377,0.4082378311046606,0.07085009156784632,0.0,0.4082378311046606,556.6499999115749,2
81,81,1.0,1.5333333333333334,2.009670781893004,0.6817018287637766,-7.202127239208286e-05,0.7550443670864476,0.1728395061728395,0.20987654320987653,3.0,0.935,0.6107742586168198,0.24151540969757535,0.2699512794529396,0.07853002232822089,0.034008579240852196,0.29937754575166403,0.4108336458050308,0.08535599729288765,0.29937754575166403,559.4382668409743,0
12,12,1.0,0.3125,0.4680555555555556,0.9173504465764812,0.005258719565518159,0.9783926805143424,0.16666666666666666,0.3333333333333333,3.5,0.06,0.2,0.18599872943413642,0.13853226436434302,0.01083302096148501,0.05466245410192336,0.057120215863622835,0.08353287690552333,0.0,0.057120215863622835,561.4330367983123,2
81,81,1.0,1.8333333333333333,2.058230452674897,0.7078319510547904,0.00044942819485248954,0.8601737811989736,0.18518518518518517,0.2345679012345679,3.0,0.98,0.4926748233444137,0.27814385197016267,0.19109020079694666,0.13246889736139525,0.02709633579546883,0.07108837595652355,0.3473033690552947,0.08424408533718666,0.07108837595652355,613.7865923793706,0
81,81,1.0,1.95,1.9629629629629626,0.8380552564732302,0.0012273671962527307,1.0132075471698112,0.17296296296296285,0.20987654320987653,3.0,1.0,0.3052748397997522,0.40117966537459304,0.11119710718406968,0.006340579843318722,0.009410625297148777,0.37011883879962304,0.24026136815054278,0.04458328913533708,0.37011883879962304,617.4101572618596,0
81,81,1.0,1.9333333333333333,1.9580246913580246,0.7845571805378614,0.0019437407221301018,1.0267171080285833,0.18518518518518517,0.2222222222222222,3.0,1.0,0.527359309095329,0.31670023500914435,0.02322516158238581,0.040329074591108904,0.0216300697457062,0.4713544741156189,0.5134811432210953,0.05947421721631754,0.4713544741156189,621.2554277474469,0
81,81,1.0,2.066666666666667,2.0843621399176953,0.8124025139360765,-0.00014126663065808007,0.9129154327081278,0.18518518518518517,0.2222222222222222,3.0,1.0,0.33326654122065524,0.4666170528390376,0.07669019466731228,0.047436031102885357,0.050968347904999906,0.6795021266235688,0.445862578400527,0.09394881155284912,0.6795021266235688,653.852739548281,0
81,81,1.0,1.5888888888888888,2.051303155006859,0.8713982618204239,0.0007519788639046623,0.8804990117842866,0.18518518518518517,0.2222222222222222,3.333333333333333,0.995,0.8745344688411181,0.12942897926518715,0.06443385672026768,0.014327514983755864,0.031021837230405382,0.8177372678540573,0.6,0.0,0.8177372678540573,657.1711605532627,1
81,81,1.0,1.788888888888889,2.1997256515775034,0.9355669036829118,0.0004795043185728782,0.8920002217233448,0.18518518518518517,0.20987654320987653,3.333333333333333,1.0,0.4717120773168295,0.3319316739449404,0.11108843466029478,0.05827339122509183,0.005,0.7134918426440936,0.21551174206523305,0.0,0.7134918426440936,697.4883710175068,1
7,7,1.0,0.2222222222222222,0.31428571428571433,0.7714573169344753,-0.0043465373449582045,0.9416161616161617,0.14285714285714285,0.2857142857142857,4.0,0.035,0.2076273064334084,0.139100741026189,0.1628951353254993,0.034139263320864054,0.01368818886284081,0.7678081371005783,0.2631335530892147,0.0008205386162199971,0.7678081371005783,727.334484232655,1
6,6,1.0,0.23333333333333334,0.3430555555555556,0.8895585852296887,-0.0038553881995614897,0.9075269905533061,0.16666666666666666,0.3333333333333333,4.0,0.03,0.2,0.13344584431949028,0.17023035109687773,0.038537695453399884,0.01738333238633245,0.33018355400603944,0.06676475984534475,0.011236129644572485,0.33018355400603944,729.974526291387,2
29,29,1.0,0.4111111111111111,1.1524904214559388,0.797865623461614,0.004324504192583099,0.860570330969267,0.1724137931034483,0.2413793103448276,4.0,0.145,0.3577713463567034,0.1326643017012734,0.17063063255952804,0.021487585140336926,0.05491161286732012,0.033498655996175034,0.05,0.01359696221181875,0.033498655996175034,739.4516490504743,1
6,6,1.0,0.22916666666666666,0.3833333333333333,0.8177720082380439,0.0011474113085526779,0.9294202898550724,0.16666666666666666,0.5,4.0,0.03,0.38649657299116824,0.1135953651901561,0.1113420751099733,0.005,0.20628767965251907,0.053936889431411804,0.2992558602547464,0.0064984056991971816,0.053936889431411804,740.438994973886,2
81,81,1.0,1.2,2.2084362139917695,0.7565267641555368,-0.0005840167080816268,0.6707834094226529,0.18518518518518517,0.20987654320987653,4.0,0.76,0.5047852314344701,0.203330514991857,0.25605887790979953,0.07420926954090519,0.008080415869434638,0.28261902641333014,0.05020722874908066,0.029067761650458546,0.28261902641333014,839.5611143311826,0
81,81,1.0,1.4,2.1353909465020577,0.7042224262107586,0.0009910018803857426,0.8008473051968908,0.18518518518518517,0.2222222222222222,4.0,0.785,0.535002413851232,0.1953521138236083,0.2832415146305804,0.006778469164258959,0.2802691305757098,0.02354746214604273,0.48109129636973763,0.05892704824400701,0.02354746214604273,862.2570117617778,0
81,81,1.0,1.7222222222222223,2.0517146776406037,0.7476525188318776,0.0005581310166284081,0.861153900440522,0.18518518518518517,0.2222222222222222,4.0,1.0,0.44901277613716156,0.297134317103975,0.16755906929315076,0.010322467238000168,0.04275262835988491,0.021943306200842096,0.5785189535648235,0.07033750744117447,0.021943306200842096,901.9692720227191,1
9,9,1.0,0.275,0.2759259259259259,0.9257218905602038,-0.00800520392532099,0.8993176733780761,0.1111111111111111,0.2222222222222222,4.5,0.045,0.4969476954176885,0.10004549999300189,0.0806364485888623,0.019430848638667255,0.007038933938317972,0.662146122835952,0.21036086438570456,0.0,0.662146122835952,904.5543736854152,2
81,81,1.0,1.8,1.998559670781893,0.7990640555323131,-0.000154959504113043,0.8662327121726895,0.17296296296296285,0.24691358024691357,4.0,1.0,0.35305914084576023,0.33874705688554535,0.14445569881995982,0.01981340905639697,0.013261252814739763,0.14998430878729407,0.07891988992452752,0.054253534161114385,0.14998430878729407,905.0768545668332,0
81,81,1.0,1.8833333333333333,2.133127572016461,0.7457965540881919,0.00043166646449278466,0.8681892865181184,0.18518518518518517,0.2345679012345679,4.0,0.99,0.41742810504230365,0.33532851662309743,0.22034215411372418,0.006999245328980607,0.19016813403981261,0.10297508323926816,0.3443990710261064,0.0901054160049732,0.10297508323926816,935.6940116117983,0
67,67,1.0,1.7666666666666666,1.8388059701492538,0.39605670454215447,0.0009849433740628875,0.7668506493506494,0.1791044776119403,0.22388059701492538,4.0,0.335,0.7190806032095594,0.05303915234292765,0.2575972862906798,0.026614120061559676,0.010386580674960214,0.05836397184856597,0.5215297615755558,0.0841518314734828,0.05836397184856597,938.8408024926005,0
81,81,1.0,2.1,2.0755829903978054,0.8630146674338778,-0.0005401075478591475,0.8688960118667344,0.18518518518518517,0.2222222222222222,4.0,1.0,0.621504235018716,0.3211935507828704,0.05902319929514566,0.022159183532714222,0.15753134012607434,1.0,0.4786955965309999,0.03200255599814541,1.0,969.4803030046635,1
9,9,1.0,0.2,0.27530864197530863,0.9020175818084849,0.002845913698436231,0.985406078724464,0.1111111111111111,0.2222222222222222,4.666666666666667,0.045,0.3027263073939602,0.1362403699196063,0.1387934904000953,0.048306236440802015,0.011034095076510979,0.6485689766822067,0.17945785343615073,0.005187440143587885,0.6485689766822067,972.4367594610827,1
81,81,1.0,2.183333333333333,2.1915637860082304,0.8017023259404761,-0.0012407324585519688,0.8119423841266863,0.18518518518518517,0.20987654320987653,4.0,1.0,0.4466551604284645,0.3954787479149359,0.003653033038205122,0.13704395281512413,0.16374992075401032,0.49372273915770004,0.22900999715578285,0.07825713013777796,0.49372273915770004,997.2548143489078,0
81,81,1.0,2.0555555555555554,2.1182441700960215,0.8403401405087855,0.00024303324217280078,0.8664418828879391,0.19753086419753085,0.2345679012345679,4.666666666666667,1.0,0.7654596010025614,0.1631226355264364,0.012080294301496229,0.06796896077422403,0.03734496409575015,0.41524958117329314,0.07477791417000784,0.005759827564493811,0.41524958117329314,1225.6916920728104,1
14,14,1.0,0.37222222222222223,0.5301587301587302,0.7253469167323993,0.005695717908169223,0.9643646041250831,0.14285714285714285,0.2857142857142857,5.333333333333334,0.07,0.2,0.15517856779124853,0.18851000699453188,0.016004564629731318,0.03187422830118839,1.0,0.5084123328025127,0.06078263793409101,1.0,1282.0745568526468,1
81,81,1.0,1.9833333333333334,2.1146090534979427,0.8516467597342139,0.0005948800538510344,0.9671225390029516,0.18518518518518517,0.2222222222222222,5.0,1.0,0.5363247241772322,0.38055981718093446,0.10936946193458848,0.11021344041122515,0.051946619774332,0.916688471897388,0.4241382664553667,0.04785476144524055,0.916688471897388,1348.0017353630728,0
15,15,1.0,0.24166666666666667,0.6038888888888889,0.8740162379998505,-0.0013178213144475696,0.7767793621588471,0.13333333333333333,0.2,5.5,0.075,0.3006857352356254,0.14696043674471335,0.12831881483408322,0.10282040353173826,0.03477745906927122,0.41937738203743474,0.05937950602510329,0.009705306866823783,0.41937738203743474,1351.3415143399523,2
8,8,1.0,0.21666666666666667,0.22812500000000002,0.8702807387002625,-0.0008503950008487614,0.9910159817351597,0.125,0.25,5.5,0.04,0.30235480816362137,0.15349652340372646,0.09410817579684892,0.006328001182835489,0.2681443302816956,0.05183342598518382,0.44750789056883616,0.010105044488091179,0.05183342598518382,1352.490577193227,2
81,81,1.0,2.2,2.2246913580246916,0.8328888169047148,-0.0016219431840414006,0.8005697373288938,0.18530864197530852,0.2345679012345679,5.0,1.0,0.22956775840055743,0.472505435423073,0.15390807653355262,0.05128789779259088,0.06316335534502811,0.3245371073835159,0.07573727689577456,0.06963669060780434,0.3245371073835159,1402.0274335071358,0
81,81,1.0,2.066666666666667,2.187928669410151,0.8782734480195167,-0.00026294269560049713,0.8809125740160222,0.19753086419753085,0.2345679012345679,5.333333333333334,1.0,0.4757210380030453,0.3260309995058784,0.05470605287552783,0.06195137083419832,0.028251577625147687,0.5245248399958174,0.10298520183941293,0.019843862692164923,0.5245248399958174,1527.2826401509633,1
13,13,1.0,0.2222222222222222,0.6803418803418804,0.7891909966467541,-0.0025478756867910713,0.7462088218872137,0.15384615384615385,0.23076923076923078,6.0,0.065,0.26991313137527884,0.13245016230038936,0.1701372349230794,0.023268111521863078,0.017883210682494363,0.04316202316287931,0.09264422762364034,0.012908323246397008,0.04316202316287931,1616.2466404592635,1
6,6,1.0,0.15,0.3407407407407408,0.7567993496829959,0.006153661961824231,0.9803381642512079,0.16666666666666666,0.3333333333333333,6.0,0.03,0.566671594731812,0.07158359531608172,0.09215311833883236,0.033652081138151935,0.2781485653121212,1.0,0.09883424506897626,0.043451559601598154,1.0,1625.640423852006,1
6,6,1.0,0.2,0.4981481481481482,0.7516497363301726,-0.014241584428801968,0.864679884345312,0.16666666666666666,0.3333333333333333,6.0,0.03,0.2,0.10615989618944051,0.19389965200882806,0.009069437481394795,0.027008459364025045,0.07288268329299091,0.055650472578967214,0.017777888319563222,0.07288268329299091,1626.806726730903,1
81,81,1.0,1.5833333333333333,2.310905349794239,0.7526014507925033,0.00011499196120489725,0.7904370343988364,0.19753086419753085,0.2345679012345679,6.0,0.865,0.7013493801427397,0.22753685018786302,0.2738734415465561,0.009943965255704047,0.03227094864072726,0.7239682266747589,0.3349088194628993,0.048197889903609736,0.7239682266747589,1790.099270134593,0
81,81,1.0,2.0,2.1041152263374485,0.8719986290377174,0.0005694977090387464,0.9558843470891192,0.19753086419753085,0.2345679012345679,6.0,1.0,0.2781725260675121,0.40333074713529404,0.11492982654300044,0.01100622770160768,0.02115295172653762,0.4790198617692819,0.07651256021515954,0.04131886612712611,0.4790198617692819,1844.3512689793258,0
81,81,1.0,1.9333333333333333,2.333950617283951,0.8857344902512855,-0.0003500721563980408,0.879272238384907,0.19753086419753085,0.25925925925925924,6.0,0.985,0.30145179868586774,0.4402965403189132,0.2160856243129399,0.0061006852004196815,0.19164695553101024,0.4873197588045503,0.23088727710001083,0.03183931156556607,0.4873197588045503,1846.1121719599068,0
10,10,1.0,0.2,0.2725,0.9526399446043877,-0.0050855612823117605,0.9109862385321101,0.1,0.2,6.5,0.05,0.4267697463705129,0.11524551690338034,0.0987985438788393,0.005044375858425008,0.1863812750792846,0.07391445521619806,0.26368960346484227,0.0,0.07391445521619806,1881.0547443867881,2
15,15,1.0,0.48333333333333334,0.5466666666666667,0.8713096801148761,-0.000707868248479689,0.9198373983739839,0.13333333333333333,0.26666666666666666,7.0,0.075,0.28478638514788207,0.14738454367201687,0.15777566778949562,0.022459496995755775,0.05666405766018488,0.4622852183596253,0.33954652668702795,0.010121319244726016,0.4622852183596253,2187.155884503809,2
27,27,1.0,0.6333333333333333,1.3574074074074072,0.5443526470513659,-0.0016482724584166305,0.6792473851750795,0.18518518518518517,0.2962962962962963,7.0,0.135,0.4901574856462787,0.06942882238455894,0.2368275609045602,0.05887932097495582,0.005757676949794878,0.02041929094711114,0.15022073051541934,0.05191068701186072,0.02041929094711114,2247.1560251286674,0
81,81,1.0,1.8583333333333334,2.273971193415638,0.904085587547209,-1.4355275626009859e-06,0.8054182313109833,0.19753086419753085,0.2716049382716049,7.0,0.985,0.4827428364809853,0.22555306915321183,0.10255322300510411,0.0053283497899384935,0.209539237227446,0.08599520543087621,0.2950099094012723,0.0,0.08599520543087621,2405.634869292006,2
81,81,1.0,1.9333333333333333,2.1080246913580245,0.7626610952357319,0.0003009381607339704,0.9102611029770619,0.19753086419753085,0.2222222222222222,7.0,1.0,0.5049100259232349,0.349258543598573,0.16659529152838573,0.08851665166464633,0.21385449202845105,0.3188285916647659,0.5997336401229044,0.08484925448291497,0.3188285916647659,2414.22970333578,0
81,81,1.0,1.8,2.4598765432098766,0.7441423051002998,0.00014623512172197932,0.7511187787536595,0.19753086419753085,0.25925925925925924,7.0,0.905,0.513993420810066,0.24910883187819582,0.2980887938815103,0.011672711522095631,0.09888923637506357,0.14980916739454755,0.5178788888664803,0.0506328174724403,0.14980916739454755,2415.0761579339637,0
30,30,1.0,0.41666666666666663,1.3088888888888888,0.9220213300570377,0.0013565907364622744,0.7807470288624787,0.16666666666666666,0.23333333333333334,7.333333333333333,0.15,0.43679351693773694,0.11487012772691192,0.17782856381595707,0.03258997775938927,0.005793067513214179,0.8846330883902447,0.28236216494878613,0.0016539421491376925,0.8846330883902447,2416.4086326107836,1
81,81,1.0,2.033333333333333,2.0358024691358025,0.6925233225462644,0.0008039864367460064,0.8975075803517283,0.18530864197530852,0.2222222222222222,8.0,1.0,0.8057650611348972,0.1644401712788884,0.05732429989437757,0.00859014614726875,0.04760744837538149,0.27164230633378933,0.5978590409889655,0.05108366387648577,0.27164230633378933,3096.553354563988,0
81,81,1.0,2.3666666666666667,2.3930041152263377,0.7659840074264105,-0.00039415142109111594,0.8220550300945829,0.19753086419753085,0.25925925925925924,8.0,1.0,0.45106315327407664,0.32039683968172483,0.19924155726817863,0.0379386659555092,0.020914496440222998,0.06947986680606705,0.15020268334919099,0.060293477064181145,0.06947986680606705,3194.788866282676,1
81,81,1.0,1.5,2.327777777777778,0.7711088109643027,0.000883674095253592,0.7711822681870415,0.19753086419753085,0.2222222222222222,9.0,0.84,0.5812932694631316,0.17739742893070898,0.194313226333007,0.015522474201280874,0.00609657516746713,0.050855069610738594,0.4333152055677265,0.017053723806558098,0.050855069610738594,3777.6156014791586,0
10,10,1.0,0.17222222222222222,0.28444444444444444,0.6746992590817351,-0.004209857411902856,0.9421180555555554,0.1,0.3,9.333333333333334,0.05,0.2,0.18031687315917405,0.14085697367114738,0.029511668377712963,0.034304540117794824,0.9789708899404008,0.4356067326359598,0.07435646430439391,0.9789708899404008,3890.1382867177513,1
11,11,1.0,0.675,0.8,0.9243464982995434,-0.0004783917982292446,0.8662121212121213,0.18181818181818182,0.36363636363636365,9.5,0.055,0.2263527463880441,0.14613238102078782,0.16699407563823626,0.045708744851694655,0.0278322883577505,0.5046518007618509,0.0789814409734905,0.0,0.5046518007618509,4043.8847413790086,2
81,81,1.0,7.35,7.561522633744856,0.8215392213373799,-0.0006091872005381041,0.7098423993396644,0.4691358024691358,0.5308641975308642,1.0,1.0,0.6094572997602055,0.44436175202566847,0.22557871416428013,0.03063269460409993,0.02703166125864985,0.02873800018639848,0.15033637318404175,0.037598103184740744,0.02873800018639848,4240.4709887012905,0
81,81,1.0,7.366666666666666,7.743209876543211,0.9009193183616814,-0.0006143113112134514,0.7958375850340136,0.4692592592592591,0.5555555555555556,2.0,1.0,0.32982986752185595,0.5474365919713716,0.1426218548307201,0.023392785559708154,0.017463347358301344,0.06266036129171056,0.06205939957085545,0.011482622139274501,0.06266036129171056,4436.425225840057,0
81,81,1.0,7.666666666666667,7.658641975308641,0.7232946420670051,0.0011749377707708083,0.6937015394535343,0.48148148148148145,0.5432098765432098,1.0,1.0,0.9338381638327222,0.32606128209035645,0.21112927657255268,0.050665520046599084,0.006037166221447929,0.03347821469955398,0.2920354525426202,0.04385159072666922,0.03347821469955398,4563.020577899377,0
81,81,1.0,7.333333333333333,7.748971193415637,0.7991062011024688,-0.000489317618963011,0.6382191538325367,0.4567901234567901,0.49382716049382713,3.0,1.0,0.645231586740489,0.36068771332393373,0.26059601505395746,0.1977079250942872,0.1157980113463968,0.08016670115449806,0.42165540467536067,0.016823237922487688,0.08016670115449806,4613.164619318035,0
81,81,1.0,7.166666666666667,7.2141975308641975,0.7529291867563956,-0.0001521812440108208,0.6951731268360857,0.4691358024691358,0.5061728395061729,4.0,1.0,0.9933489568115719,0.37729866111925675,0.04409956099867272,0.04706596359846199,0.018410008628855272,0.05477777379988377,0.5322589931309453,0.06889362944750851,0.05477777379988377,4667.231205102879,0
81,81,1.0,7.733333333333333,8.105349794238682,0.7769728703555547,0.0005656400557025524,0.7055212564310858,0.49382716049382713,0.5308641975308642,2.0,1.0,0.7811788882498965,0.3692312880106788,0.198867073428702,0.011905583436817224,0.1209255099896001,0.06344044125029503,0.4098967339116491,0.029298127280873,0.06344044125029503,4895.82458830641,0
81,81,1.0,7.783333333333333,7.730246913580246,0.8889320577457827,-0.000405872237455823,0.8315383694003036,0.4567901234567901,0.5308641975308642,3.0,1.0,0.43100342220973237,0.5655860698289806,0.03205063902844436,0.20891326022740844,0.006355634762705247,0.0364080448416149,0.2353465951324657,0.03523804298155347,0.0364080448416149,4992.948699689134,0
81,81,1.0,7.783333333333333,7.724279835390946,0.7432144546014491,-0.0006571283893663481,0.6162315752086662,0.4691358024691358,0.5308641975308642,3.0,1.0,0.9589195577097951,0.3462269493885674,0.25471909096740697,0.017182220711399406,0.0071052654200778245,0.07400343742773483,0.1493005700542956,0.04472320725397381,0.07400343742773483,5017.535987180801,0
81,81,1.0,7.25,7.309465020576132,0.7954623297774441,0.0008916903073798658,0.7940089329279737,0.4567901234567901,0.5061728395061729,5.0,1.0,0.9510014627839076,0.4414045058952758,0.16708930864027619,0.0410698402904633,0.014141741468970834,0.06086573409259934,0.3450136166906329,0.071624829296369,0.06086573409259934,5138.230530009289,0
81,81,1.0,2.2,2.3592592592592587,0.8187043726553886,3.2751900470949106e-05,0.817960927960928,0.19753086419753085,0.2716049382716049,10.666666666666668,1.0,0.615855550477015,0.22840971946075234,0.07812466958531045,0.005,0.14218539638422484,0.15082661841614195,0.406412175561691,0.020402829126582495,0.15082661841614195,5363.003425085841,1
81,81,1.0,7.833333333333333,7.757201646090534,0.8433638053033615,-0.0006307459275318804,0.7492661361626879,0.4691358024691358,0.49382716049382713,4.0,1.0,0.9240020566545037,0.5239235798841023,0.2218704961205787,0.03833697876658787,0.018856678250802904,0.13109304374230193,0.08262819215686087,0.060096110863452734,0.13109304374230193,5373.738738498917,0
81,81,1.0,7.9,7.772427983539095,0.8917081715191669,-0.0001777406630967967,0.853996752616438,0.4567901234567901,0.49382716049382713,4.0,1.0,0.9693257549310295,0.5813117081594434,0.12500892798137533,0.07901662913550156,0.010117814072023595,0.34551823631304085,0.06917110242829061,0.04860086620167514,0.34551823631304085,5417.077027256418,0
81,81,1.0,8.133333333333333,8.23559670781893,0.9086668497714491,0.0010332589338154165,0.9414605454924005,0.4691358024691358,0.5185185185185185,3.0,1.0,0.984589759840991,0.5695875055792329,0.10637029820413856,0.09687156103201953,0.006556666623924691,0.3996575551880111,0.3446561570970061,0.03298529147487226,0.3996575551880111,5471.3620706640395,0
81,81,1.0,8.1,8.183539094650207,0.7576966863390573,0.0003476530984740535,0.6765738040162259,0.5185185185185185,0.5432098765432098,3.0,1.0,0.7315208329212262,0.307687651608197,0.026810507506806025,0.1500329918167664,0.22451117084340677,0.04621384039543581,0.5982163657102311,0.017814868169606413,0.04621384039543581,5515.2294592136295,0
81,81,1.0,8.4,8.38641975308642,0.6781350997320217,-0.00047163129872014457,0.5512306786397763,0.5308641975308642,0.5925925925925926,1.0,1.0,0.9603709570607484,0.22606722110927835,0.048446104056502244,0.057711471750939464,0.012142717391381912,0.07142130791566906,0.5423660500970453,0.019817910043603604,0.07142130791566906,5534.417327340522,0
81,81,1.0,8.383333333333333,8.364197530864198,0.8307170316519591,0.0001468116228051022,0.7900246002460024,0.49382716049382713,0.5432098765432098,2.0,1.0,0.8450791477650856,0.5187675481020719,0.06858398248553585,0.06514128843356783,0.034224729190054086,0.08057714463401673,0.37592170092439897,0.0589163095201402,0.08057714463401673,5566.609474469784,0
81,81,1.0,7.983333333333333,7.897530864197531,0.8142847385779186,0.00135014464441682,0.8276134646448856,0.48148148148148145,0.5432098765432098,4.0,1.0,0.6931070328759282,0.4210139139390703,0.12810298065539372,0.1088546635866211,0.07533170452750786,0.11083498858179316,0.21264548188755988,0.02050982457879388,0.11083498858179316,5571.841195242493,0
81,81,1.0,2.033333333333333,2.2109053497942384,0.6207194835894906,0.0003077035729896703,0.8228904917015665,0.19753086419753085,0.2345679012345679,11.0,1.0,0.866475815046827,0.18200677209779942,0.10542876576868586,0.02467106066579316,0.06371532654898611,0.24298791499237055,0.5233823878012857,0.0928911149355404,0.24298791499237055,5652.795681151661,0
81,81,1.0,2.1333333333333333,2.2339506172839503,0.6748199111877102,0.0006022225949990955,0.8206304688219581,0.19753086419753085,0.2345679012345679,11.0,1.0,0.8028104869398454,0.12591989444190024,0.062335415146371205,0.05386543742366338,0.04887514718402944,0.046419066838159974,0.3002618539858668,0.03818902417841148,0.046419066838159974,5670.004614134764,0
81,81,1.0,8.516666666666667,8.689094650205762,0.8183594956617076,0.0013532818951182408,0.8331620055727895,0.5061728395061729,0.5679012345679012,1.0,1.0,0.8148135991170036,0.5018133317518189,0.20883835229214742,0.010209910020404953,0.021187812576598016,0.020392914823075398,0.10444423909894107,0.05480909294992628,0.020392914823075398,5684.241519647937,0
81,81,1.0,2.2666666666666666,2.3993827160493826,0.8263359564606694,-0.0012268899205648519,0.8214960123488553,0.19753086419753085,0.2345679012345679,11.0,1.0,0.24947754829885824,0.4852390285923659,0.21885603770229808,0.03437608637150085,0.009626354999124042,0.2784982303663827,0.5649026424575706,0.0775285190082979,0.2784982303663827,5701.042355818874,0
81,81,1.0,7.7,7.9339506172839505,0.8809290837934578,0.00018095383925667994,0.8585509219637438,0.4691358024691358,0.5185185185185185,5.0,1.0,0.5247910177191186,0.591272426053385,0.13513231033106393,0.03415328259979862,0.058442471722571165,0.06822756485238304,0.23557611707322135,0.041985630380218214,0.06822756485238304,5705.64224758254,0
81,81,1.0,8.233333333333333,8.972222222222221,0.9360850369002515,0.0015377194132892946,0.9734118793716319,0.49382716049382713,0.5555555555555556,3.0,1.0,0.7517041243576648,0.5879611532352275,0.28475882574163913,0.029720563520374357,0.2706085548990581,0.29350031460609477,0.30633042497313845,0.0038804003221339146,0.29350031460609477,5833.961416628932,0
81,81,1.0,8.483333333333333,8.372633744855968,0.8771895199342854,0.0002297774184429682,0.8489641034462986,0.4691358024691358,0.5061728395061729,3.0,1.0,0.7530363217091771,0.5783562680098527,0.25022241923942296,0.1606683935895515,0.011874005448388944,0.18825615880696622,0.28143303300244343,0.04522681555553598,0.18825615880696622,5843.6958052224645,0
81,81,1.0,1.4222222222222223,2.5363511659807956,0.9141545879126108,0.0012898177262749102,0.8456042305149931,0.19753086419753085,0.24691358024691357,11.333333333333332,0.95,0.5076421271484259,0.30035523389868973,0.1829645048937605,0.06062757896545324,0.02880286449633772,0.6585045843900109,0.16725300574918422,0.0,0.6585045843900109,5885.200940847882,1
6,6,1.0,0.35,0.5597222222222222,0.8787484401907448,-0.000720175955803537,0.9569706368899918,0.16666666666666666,0.5,11.5,0.03,0.22060736385091256,0.1267274358787891,0.19571362722310284,0.041008235016341404,0.02869690437756237,0.41752933990182184,0.05667533842191182,0.0018821450901403353,0.41752933990182184,5904.000750165251,2
81,81,1.0,7.95,7.909053497942388,0.8410843065774124,0.0010130978047059394,0.8830738678738056,0.4691358024691358,0.5185185185185185,5.0,1.0,0.8511182600796092,0.5571135294258003,0.2911607236187175,0.006724427639238483,0.023850403970985274,0.0289879173127181,0.32564550610372317,0.08254942886658027,0.0289879173127181,5922.388551721015,0
81,81,1.0,7.583333333333333,7.5261316872428,0.8076638130702156,0.0009314426026844044,0.8087081590434789,0.4567901234567901,0.5185185185185185,6.0,1.0,0.9231171148699968,0.47277539360219856,0.1821800665820284,0.1586932307083309,0.026040501189980515,0.09091078951534062,0.2274387755996949,0.07390020615307508,0.09091078951534062,5964.973095985667,0
81,81,1.0,8.8,8.7179012345679,0.7707757363896393,-0.0007994349176444326,0.6458510939602068,0.5185185185185185,0.5432098765432098,1.0,1.0,0.9713805352740441,0.39068278321951394,0.13395616295961102,0.007856760691611812,0.07384842881393641,0.043094777012779535,0.29788220150928424,0.04787053971096991,0.043094777012779535,5995.769365610848,0
81,81,1.0,8.65,8.913991769547325,0.8985070987649085,0.00044012458603889977,0.8620837757567362,0.49382716049382713,0.5679012345679012,2.0,1.0,0.9527473501295214,0.5378128248147074,0.22330772878385868,0.27185857496377425,0.10258455260879892,0.3291187120604297,0.11363943657603737,0.02625821000898687,0.3291187120604297,5995.993971060396,0
81,81,1.0,2.111111111111111,2.3407407407407406,0.7603801896093948,0.00015427643317466087,0.8144960150023441,0.19753086419753085,0.2345679012345679,11.333333333333332,1.0,0.5569296289557744,0.22025578797533363,0.1036991007441352,0.1719907352616808,0.2092202063197837,0.03258006204845862,0.3648283319339854,0.03535217186517025,0.03258006204845862,5996.593848690773,1
81,81,1.0,2.2777777777777777,2.259533607681756,0.7843145921923768,0.0003126784167670568,0.837287248394582,0.19753086419753085,0.2345679012345679,11.333333333333332,1.0,0.9788119755337759,0.12567990833199394,0.0009401237726952269,0.007358658223149081,0.03580482264173649,0.7014629097474313,0.6,0.023600536439957596,0.7014629097474313,6026.963049678115,1
81,81,1.0,8.85,8.813991769547325,0.8676015735694997,-0.0007443084041688466,0.7512646683474958,0.5062962962962962,0.5679012345679012,1.0,1.0,0.4576677499311488,0.48256690646576783,0.021621984363458167,0.01985511578128207,0.032250760474570705,0.03191302109107066,0.5025141798167745,0.007809900265562653,0.03191302109107066,6052.595326366255,0
81,81,1.0,8.033333333333333,8.035802469135803,0.7905374778250035,-4.956103061522053e-05,0.7353700005121114,0.4816049382716048,0.5185185185185185,5.0,1.0,0.8987842186731005,0.443470618476981,0.021696029223105682,0.06608381181127855,0.2388507359216676,0.06063140645098623,0.12585502747016164,0.05777545556052495,0.06063140645098623,6056.607939448471,0
81,81,1.0,7.716666666666667,7.59320987654321,0.9123619724309923,-6.316467411014156e-05,0.8355956155326125,0.4567901234567901,0.5061728395061729,6.0,1.0,0.6904026408424324,0.48363104391382394,0.07136128003394157,0.00797843664517115,0.006632498332043251,0.27824069054686273,0.41158543928399544,0.0013239383924497528,0.27824069054686273,6094.498953800583,0
81,81,1.0,7.183333333333334,7.079423868312758,0.7088972933566372,0.00031580191518720385,0.6543414908252436,0.4567901234567901,0.5061728395061729,7.0,1.0,0.941444161886869,0.26825098105793405,0.11312234221155423,0.07107236178078791,0.06206449389855835,0.04644989231757911,0.3946430778122634,0.04062477741541459,0.04644989231757911,6097.83162957732,0
81,81,1.0,7.216666666666667,7.178806584362142,0.8084807282289976,-0.0008311966047727422,0.724233951484231,0.4444444444444444,0.49382716049382713,7.0,1.0,0.9633210694933141,0.5004805113812859,0.2603264006673012,0.049293615422473624,0.1361278303299185,0.1064433439444063,0.13211339615612314,0.08663353398113628,0.1064433439444063,6124.522945673502,0
81,81,1.0,8.883333333333333,8.910082304526748,0.8744473832332421,-0.001087132778122801,0.7248301118475241,0.5185185185185185,0.5679012345679012,1.0,1.0,0.40857977745897317,0.4959232419355521,0.010079088827067784,0.1256039993553031,0.1542414423561638,0.02113655133828231,0.08841689389790137,0.007686618609694895,0.02113655133828231,6137.925290535887,0
81,81,1.0,7.783333333333333,7.696296296296296,0.8675574275320452,-0.00044231801305939745,0.7886493423163298,0.4567901234567901,0.49382716049382713,6.0,1.0,0.5542311120563961,0.5249809604401401,0.19317094580489425,0.13781498311078413,0.029677183059216083,0.14131660971569296,0.3569494185524436,0.028834330595843585,0.14131660971569296,6181.68992722372,0
81,81,1.0,9.0,8.799999999999999,0.8692149291229584,0.0013116845096660412,0.878857089412645,0.5061728395061729,0.5555555555555556,1.0,1.0,0.7927555625905272,0.4908495321843516,0.00787329622044669,0.028644139053670938,0.013012916954641858,0.2253678071991685,0.578972085782633,0.013409556733388296,0.2253678071991685,6199.638531046157,0
81,81,1.0,8.916666666666666,9.35082304526749,0.9339906003754141,-0.0003164273810779185,0.857761213188103,0.49382716049382713,0.5308641975308642,1.0,1.0,0.4097174369519916,0.5964271472070092,0.22546862061883793,0.02167041821705516,0.22236725234962085,0.14439714695683656,0.44756226253433307,0.003384758122059373,0.14439714695683656,6270.680484812089,0
81,81,1.0,9.1,9.08827160493827,0.8569837297520095,0.0010676275447662855,0.86535952817587,0.5062962962962962,0.5555555555555556,1.0,1.0,0.9719741951837886,0.5630787013665355,0.17197923768446638,0.0464012084928903,0.019124068512054636,0.12378875028766496,0.3678422714756109,0.05784091718602688,0.12378875028766496,6396.614748005032,0
81,81,1.0,2.25,2.334979423868312,0.7295236310266705,0.0007309988190567599,0.9056656092116085,0.1976543209876542,0.24691358024691357,12.0,1.0,0.8958939149603173,0.25071654279872313,0.157197611107504,0.05542119851866604,0.06589043061050345,0.9207695176230164,0.46345886736436165,0.08394313855581875,0.9207695176230164,6720.639648776395,0
81,81,1.0,9.366666666666667,9.077777777777778,0.7162311776863475,5.274637624957849e-05,0.597793644317512,0.5308641975308642,0.5925925925925926,1.0,1.0,0.9797542503058314,0.3157431241420421,0.18500182100688392,0.06591288865986812,0.07948189382621978,0.036114120957545626,0.42534912298758465,0.039689976824470355,0.036114120957545626,6729.486344957387,0
81,81,1.0,9.316666666666666,9.518106995884773,0.8670322208947184,0.00019932361247865403,0.8094684883335496,0.5308641975308642,0.6419753086419753,1.0,1.0,0.7165770924477068,0.5634390277698198,0.19381631075100722,0.016710100216791614,0.026456065921603322,0.024104668206729053,0.22064711452895686,0.043032231655629485,0.024104668206729053,6819.434859628875,0
81,81,1.0,7.483333333333333,7.4113168724279825,0.7486829260229024,0.0007360769643228768,0.726294409432059,0.4691358024691358,0.5185185185185185,8.0,1.0,0.9061117556718128,0.3498738644161422,0.1557548283471465,0.20030318391074775,0.08698738064866078,0.053650562193364344,0.5634067688241683,0.057522185740865456,0.053650562193364344,7115.794445652524,0
81,81,1.0,9.616666666666667,9.753292181069959,0.8386212611068178,-0.0005039555938206981,0.7391615859018447,0.5308641975308642,0.5679012345679012,1.0,1.0,0.8609786774169321,0.5621481625455373,0.22478792863380076,0.2885959431916371,0.005802142904076928,0.028545606472234152,0.23596413434224162,0.06892716676081824,0.028545606472234152,7221.403443109907,0
81,81,1.0,7.733333333333333,7.619135802469137,0.9027946601806172,-0.0006216845000034434,0.8331379459342678,0.44456790123456774,0.5061728395061729,8.0,1.0,0.7115775492157068,0.575836057949507,0.21601652232737753,0.072419864494854,0.016602494487826854,0.27488229303996703,0.5436381876716686,0.04032293846380065,0.27488229303996703,7342.783565542502,0
81,81,1.0,9.783333333333333,9.639506172839505,0.8202719774359181,-0.0001764810028134867,0.7401844262295083,0.5432098765432098,0.5925925925925926,1.0,1.0,0.9705453733917879,0.5219059476016635,0.2048994060926908,0.036177115373303974,0.02672599371252743,0.02438179443719462,0.05809035400663869,0.06490635800408277,0.02438179443719462,7392.081665512678,0
81,81,1.0,9.816666666666666,9.79588477366255,0.8836322598780167,0.00026693705214572244,0.8310345600179242,0.5308641975308642,0.5679012345679012,1.0,1.0,0.6346507290298835,0.5865401197287766,0.21659832362301992,0.00882295423834317,0.05090052509187056,0.022602481867502248,0.1661299970358211,0.035745477421716486,0.022602481867502248,7457.510844753795,0
81,81,1.0,2.033333333333333,2.4028806584362137,0.7518994536845364,1.4170615223599268e-05,0.81034366615288,0.20987654320987653,0.2716049382716049,13.0,0.98,0.4941596557520053,0.3234787829836844,0.2806520156445705,0.09242967527840482,0.13386056642679273,0.11996091802095629,0.4125711235947087,0.07645327467875228,0.11996091802095629,7794.212335555,0
81,81,1.0,2.3666666666666667,2.5257201646090532,0.7237844975669877,-0.0005523183104453446,0.6897725729803124,0.20987654320987653,0.2345679012345679,13.0,0.95,0.758314856546465,0.15976698433547126,0.1396912549446865,0.01842703418760803,0.0074628684753572415,0.14032335748786293,0.46994816665094336,0.03398999655537182,0.14032335748786293,7879.697122911148,0
81,81,1.0,2.4166666666666665,2.4026748971193417,0.7561226451112378,-0.0004987795458403548,0.8042406725471725,0.20987654320987653,0.24691358024691357,13.0,1.0,0.844828566021699,0.22335365724439915,0.04140689598206152,0.025623676195980077,0.007043999629287868,0.6179453697962781,0.5934223894760172,0.05037976427016844,0.6179453697962781,7880.678428112966,0
81,81,1.0,2.45,2.443415637860082,0.8455087250679952,-0.00017670249756304062,0.9439122807017541,0.20987654320987653,0.24691358024691357,13.0,1.0,0.20219771808213133,0.5570944450151136,0.021292703144689704,0.020016056097508925,0.0863468829744577,0.4442734148691131,0.5801166181892415,0.09985612409743007,0.4442734148691131,7887.1474419978695,0
81,81,1.0,6.95,7.297119341563786,0.8549643998385611,-0.0010989908860514473,0.7490179712760358,0.43209876543209874,0.48148148148148145,10.0,1.0,0.567468706308323,0.5495406478163047,0.24125661225587833,0.005149328599597983,0.19329650611055363,0.04691493806697516,0.5932321057106396,0.051890271039836025,0.04691493806697516,8187.152484870812,0
81,81,1.0,10.333333333333334,10.938683127572016,0.8794098880746355,-0.0010502333549750693,0.7014708501059653,0.5802469135802469,0.6296296296296297,1.0,1.0,0.5775277754870323,0.5289710494631592,0.2209224127447791,0.052763632685413606,0.03286536965358291,0.0449695961954396,0.09721170797682249,0.013056646841772124,0.0449695961954396,8584.74204786073,0
8,8,1.0,0.12916666666666665,0.4864583333333333,0.8663186522224449,-0.004785196019964458,0.9020538900785153,0.25,0.375,14.0,0.04,0.2,0.1767097303699281,0.12729757380365053,0.042867539793377256,0.014326820108789029,0.2942395476754422,0.13857891993276658,0.0037169388176895,0.2942395476754422,8774.104135124984,2
81,81,1.0,2.1333333333333333,2.4888888888888885,0.8579785178391811,0.0003960739248238195,0.8395039682539682,0.20987654320987653,0.2345679012345679,14.0,0.985,0.3084168029925445,0.32004435536511067,0.19769944487430718,0.055386463843318565,0.04942244803372401,0.03576142243375017,0.1482038128571475,0.016267087433652384,0.03576142243375017,9015.357487286356,0
81,81,1.0,2.3333333333333335,2.354320987654321,0.8085855053639792,-0.000241242749042415,0.8939923090368818,0.20987654320987653,0.2716049382716049,14.0,1.0,0.7282843044164187,0.3234668990987184,0.03229850872871558,0.01432566091992796,0.048123270167143864,0.9092477939784905,0.27294722094901924,0.06200275861014232,0.9092477939784905,9054.126524757936,0
81,81,1.0,6.983333333333333,7.002880658436214,0.7086267005393458,0.0009348040018856171,0.6785588920883039,0.4567901234567901,0.5061728395061729,11.0,1.0,0.9709366982759768,0.2525572690083186,0.11206746701853247,0.17498319756007405,0.012394742977185581,0.14344302307742027,0.26311677083521523,0.029124881154154816,0.14344302307742027,9118.144079978205,0
81,81,1.0,2.55,2.5555555555555554,0.8666001821426124,-5.578625091806896e-05,0.8579710144927537,0.20987654320987653,0.24691358024691357,14.0,0.985,0.442555863433316,0.37891565739932914,0.22575140986203066,0.005308382116614793,0.018187438773772335,0.46682721735411103,0.2508408995427298,0.026109205734584064,0.46682721735411103,9120.866921017867,0
81,81,1.0,10.85,11.138271604938272,0.7380824550538759,-0.00040189689236057465,0.5763496637848223,0.6172839506172839,0.654320987654321,1.0,1.0,0.9246673225664466,0.35631411954527176,0.16851267620529303,0.016832696604209333,0.16404217446731956,0.023846694225117097,0.4346952804765976,0.023156057134340182,0.023846694225117097,9380.36865901509,0
81,81,1.0,11.15,11.234156378600824,0.881424641571284,3.4609484519157014e-05,0.8165133032956031,0.5925925925925926,0.6172839506172839,1.0,1.0,0.8792356174874176,0.5758176687608141,0.06070745057753454,0.03261680625227243,0.11734852902860265,0.2047634542797794,0.1617250432351522,0.01285958813186927,0.2047634542797794,9736.289520539573,0
81,81,1.0,6.616666666666666,7.453292181069959,0.8598513989270853,0.00014641676754471267,0.7355028112893282,0.44456790123456774,0.48148148148148145,12.0,1.0,0.96583549380283,0.3772922377265397,0.21073134451031822,0.018952390703139307,0.26951281145651196,0.38474234765270987,0.30410727925658476,0.0024204429578941647,0.38474234765270987,9945.478791148402,0
81,81,1.0,11.3,11.256995884773662,0.7902797767180205,-0.0001595570910754295,0.6549781266945718,0.6049382716049383,0.654320987654321,1.0,1.0,0.9157726897569389,0.3975017061197505,0.11153312214842766,0.009291502685704478,0.032265345787411706,0.17696562519819034,0.14484967566113344,0.0024347317997572508,0.17696562519819034,9972.68386748034,0
81,81,1.0,11.133333333333333,11.7179012345679,0.6893192063398799,0.001655964481330026,0.592541835677536,0.6419753086419753,0.6790123456790124,1.0,1.0,0.9702916627545823,0.2648978567436958,0.04532710593084015,0.23425935164809594,0.2866827692491244,0.14183114503713368,0.4608654572014254,0.001213856746255848,0.14183114503713368,10040.959463711357,0
81,81,1.0,7.05,7.260082304526749,0.9135720963531265,0.0010891427341494927,0.9337255791104562,0.4444444444444444,0.4691358024691358,12.0,1.0,0.6814587582068521,0.5291607955770616,0.14950364715861997,0.05305012177781378,0.08461976271570318,0.31325284850528734,0.11077569259127773,0.011687151863468382,0.31325284850528734,10227.165229387341,0
81,81,1.0,11.5,11.633744855967079,0.820986990047015,0.00037302835954452894,0.6863695318948236,0.5927160493827159,0.6296296296296297,1.0,1.0,0.6295776636574342,0.46371821213541375,0.27789436814868235,0.008761998588256966,0.008540521338107726,0.03189254631463663,0.4345513831414539,0.006122503601422191,0.03189254631463663,10363.469310820232,0
81,81,1.0,2.5,2.566049382716049,0.7856453595997333,5.9511725459795135e-05,0.8747706679496431,0.20987654320987653,0.25925925925925924,15.0,1.0,0.227113800413205,0.4626814903671012,0.19173326370904192,0.023489507677589488,0.047615117205643785,0.031517513513921014,0.18404998137795153,0.09509689675529265,0.031517513513921014,10401.163402697048,0
81,81,1.0,7.4,7.480864197530863,0.8887363087807115,0.0007999635710498979,0.8550921418158813,0.4567901234567901,0.5061728395061729,12.0,1.0,0.3609625605797316,0.5096218508001775,0.15984795771746932,0.018509014497579218,0.08894640307441445,0.03708186240308125,0.42378254703853396,0.010750010743445605,0.03708186240308125,10592.82553135521,0
81,81,1.0,7.5,7.28312757201646,0.8969207032574068,0.0011556937061739212,0.952084227973029,0.4444444444444444,0.49382716049382713,12.0,1.0,0.9759403305729062,0.5460694420303841,0.13542638175754781,0.16192009288606585,0.010549701150876013,0.4538179493997133,0.23571068361634623,0.04503599800352696,0.4538179493997133,10606.233473077114,0
81,81,1.0,7.383333333333334,7.513168724279835,0.9269018996539693,0.0009007278352964396,0.9276900184404157,0.4691358024691358,0.5185185185185185,12.0,1.0,0.2748694824340798,0.5593793399518506,0.04886859020632201,0.1018710279472427,0.02310751774046761,0.04948535011853302,0.31727652459887706,0.008675758884768537,0.04948535011853302,10606.26723938363,0
81,81,1.0,11.633333333333333,11.843827160493827,0.8236051737122156,-0.00022598217631707564,0.7110103194871528,0.6172839506172839,0.6666666666666666,1.0,1.0,0.9322466148922468,0.510761203248757,0.06437889667962664,0.09891800923979928,0.030363099388814676,0.06553522730983945,0.26761105942564617,0.03418876984675734,0.06553522730983945,10686.210639331814,0
9,9,1.0,0.2833333333333333,0.36944444444444446,0.9489920868546065,0.007756527559971212,1.018377192982456,0.2222222222222222,0.2222222222222222,15.500000000000002,0.045,0.2,0.15431582011609585,0.15248241066424703,0.03643303589003598,0.01652693815923142,0.36350373689518073,0.1790455111632272,0.0029605661136903987,0.36350373689518073,10716.486839545632,2
81,81,1.0,7.65,7.647736625514404,0.9384946742421826,0.00020270625909002334,0.9310238197732815,0.4444444444444444,0.5061728395061729,12.0,1.0,0.850199714733421,0.5993838222879396,0.018187964631981468,0.025074846444401864,0.017230842961421546,0.40285890110946176,0.3914676316274938,0.028932987875201988,0.40285890110946176,10832.246096992727,0
81,81,1.0,12.233333333333333,12.03559670781893,0.8537727167157233,0.001135908475060793,0.8119248172145954,0.6049382716049383,0.654320987654321,1.0,1.0,0.4300924817567966,0.5276107488705033,0.17498686940757185,0.14457149992331034,0.22844727132237075,0.022827546806407938,0.20114936674212225,0.0023641808723661954,0.022827546806407938,11566.787543448214,0
81,81,1.0,12.166666666666666,12.463786008230452,0.8906268244259697,-0.0009772433805538916,0.7065881951552372,0.6049382716049383,0.6296296296296297,1.0,1.0,0.5519491835488046,0.5744983367588946,0.22907577672322066,0.006855682795946363,0.05156047199237178,0.06471296927890052,0.4896316598445978,0.0032779962763856752,0.06471296927890052,11662.018524930656,0
81,81,1.0,2.1666666666666665,2.455555555555556,0.8495014671503203,0.0008577175282152797,0.9226361655773422,0.20987654320987653,0.2345679012345679,16.0,1.0,0.39457237144506174,0.28794900839145254,0.1224125026919299,0.0429710549505775,0.2557366447288521,0.05549876872797406,0.30804118727051744,0.014900111888596669,0.05549876872797406,11686.947292339759,0
81,81,1.0,2.3555555555555556,2.408504801097394,0.8496153409785758,0.0008203309202566348,0.8975355330270467,0.20987654320987653,0.2716049382716049,16.0,1.0,0.4359378653989768,0.3073352386277938,0.14561018085491628,0.11407634158953375,0.012671724996440687,0.32133905201423735,0.4066590417857909,0.02315851761999871,0.32133905201423735,11728.066126394217,1
81,81,1.0,2.4833333333333334,2.5176954732510284,0.7752375085502767,-0.0007745657585789409,0.8135970360684318,0.20987654320987653,0.25925925925925924,16.0,1.0,0.5043394159092258,0.3593632048467475,0.10089823261151125,0.12125031578457647,0.04277886562625537,0.22336532168294698,0.1344205865021233,0.0770642093358219,0.22336532168294698,11771.632302333228,0
81,81,1.0,2.6,2.5792181069958846,0.7550474297699353,0.00026090367184551416,0.8740293843903735,0.20987654320987653,0.25925925925925924,16.0,1.0,0.8262083743409347,0.3034517385749254,0.1602776705171096,0.14487520542966037,0.16146102816696953,0.7964677012222761,0.37524940231313275,0.08008624272421117,0.7964677012222761,11808.389081780615,0
81,81,1.0,12.3,12.296913580246912,0.8691970891920923,0.00027553254598041847,0.794528136137744,0.6296296296296297,0.6419753086419753,1.0,1.0,0.829435808751599,0.584547055291824,0.10716317574978343,0.007738627674842061,0.012963720138784508,0.030897252144985312,0.2686513011346517,0.03353176670488189,0.030897252144985312,11828.917366871301,0
81,81,1.0,6.75,6.7185185185185174,0.7655934553360109,-0.0005119773384844201,0.6735930417738575,0.4198765432098764,0.4691358024691358,14.0,1.0,0.78113971138224,0.36711864290787544,0.24063287806370265,0.005600445628268241,0.19728719028938702,0.03715545964993194,0.1302527914253802,0.05315913557048402,0.03715545964993194,12142.391484323929,0
81,81,1.0,12.516666666666667,12.45,0.7425478209659769,0.00044056250273505625,0.6099886789958185,0.6419753086419753,0.6790123456790124,1.0,1.0,0.9793075435891905,0.38898793687230904,0.25615574928998047,0.07938246324758719,0.007186896862268203,0.0300776623612301,0.5415271107379073,0.027442108501742914,0.0300776623612301,12246.600499397457,0
81,81,1.0,6.816666666666666,6.995473251028805,0.8296282910546288,-0.0004730216250180643,0.795281879326235,0.4198765432098764,0.4691358024691358,14.0,1.0,0.8938564045137594,0.5642817442242649,0.26527097051522425,0.04070252550283002,0.007656341476130042,0.12398484978828946,0.4970527406931061,0.09316915339620815,0.12398484978828946,12256.844537566789,0
7,7,1.0,0.25555555555555554,0.5666666666666667,0.9421350024231332,0.006668894306315396,0.9394677871148458,0.2857142857142857,0.42857142857142855,16.666666666666668,0.035,0.2,0.12765504991509813,0.1920292355240121,0.013657925552840003,0.0662011799559391,0.05162906798726874,0.05,0.003527779500773319,0.05162906798726874,12433.788355302819,1
81,81,1.0,7.083333333333333,7.069958847736626,0.793851554646547,0.0014263528661135148,0.8427046953822275,0.4444444444444444,0.5308641975308642,14.0,1.0,0.8775986965069837,0.4767169983074487,0.2693597364383085,0.03266676685967985,0.27501572528059004,0.020850654976759097,0.11132167261031244,0.08907468797284301,0.020850654976759097,12525.18797003432,0
81,81,1.0,12.966666666666667,12.828600823045269,0.821386414528227,-0.000303840813793112,0.6884424003293397,0.6419753086419753,0.6666666666666666,1.0,1.0,0.8595857151615496,0.5241218945287176,0.2718275946966052,0.24647095442269737,0.014798563493575341,0.08913848508094799,0.14908236035521427,0.020843076794505123,0.08913848508094799,13078.472903175672,0
81,81,1.0,13.016666666666667,12.965843621399177,0.8515261245073822,-0.0005647225185612224,0.690381079336867,0.6296296296296297,0.691358024691358,1.0,1.0,0.5881631699328242,0.5599562703321622,0.24733156692762578,0.03224829629876871,0.014065820881131591,0.029292609764585788,0.4517933904694228,0.011172389832146036,0.029292609764585788,13192.45415174635,0
81,81,1.0,2.316666666666667,2.567283950617284,0.8681282013627151,-9.586550602385031e-05,0.811716358098902,0.20987654320987653,0.24691358024691357,17.0,0.99,0.6305146505754227,0.28332650683568283,0.14636362891793464,0.08291306395743213,0.011929463406205449,0.6379532793650033,0.494503174694953,0.009311147005809794,0.6379532793650033,13196.16792989297,0
81,81,1.0,2.4166666666666665,2.5069958847736626,0.7899407058499406,0.00015399351692414615,0.8775093018165899,0.20987654320987653,0.25925925925925924,17.0,1.0,0.6692146614604251,0.34146733723067635,0.16247383744212962,0.27631541966326184,0.007317870172972573,0.6643822205121014,0.09915663153092366,0.06373724969914955,0.6643822205121014,13219.510193466584,0
81,81,1.0,13.05,13.083539094650206,0.8649277624804347,0.0011665402827379311,0.8456212583482736,0.6419753086419753,0.7037037037037037,1.0,1.0,0.7798319526188269,0.5958138197246132,0.11079808892872649,0.00965549379034257,0.018002780667759146,0.041971982057925156,0.2439708430281194,0.02233575742389944,0.041971982057925156,13326.830858868601,0
8,8,1.0,0.48333333333333334,0.5333333333333333,0.7043614422070843,-0.006047036323261138,0.8754166666666665,0.25,0.375,17.333333333333332,0.04,0.5091763410384029,0.08189948823934594,0.11303198745307862,0.03327382802388576,0.23629669173146917,0.42224557515293887,0.18510479562212812,0.03266362389263324,0.42224557515293887,13425.449548436949,1
81,81,1.0,7.15,7.215226337448559,0.8711641844757786,0.001105517289405327,0.9438223160136123,0.4444444444444444,0.48148148148148145,15.0,1.0,0.7054017537622068,0.5702619221545691,0.133813866794344,0.2888746765761891,0.10311406854023386,0.2717714537214891,0.5334278877655352,0.05768013793246288,0.2717714537214891,13897.753071277572,0
81,81,1.0,7.3,7.261728395061729,0.8444551712978217,0.002133031759510815,0.9613102119460502,0.4444444444444444,0.49382716049382713,15.0,1.0,0.7402770155984091,0.5674739627267321,0.17465662678879912,0.26973833482179405,0.01086000100450365,0.03640244086500135,0.45597129524668384,0.09090844381539971,0.03640244086500135,14034.238990545295,0
81,81,1.0,13.533333333333333,13.518724279835391,0.8385351869853062,0.0014328886535002353,0.8195308797938134,0.6544444444444444,0.691358024691358,1.0,1.0,0.957525333194726,0.5734546887990002,0.15678387345740916,0.03516343241864609,0.08157010285031241,0.021562646434081345,0.586176473644481,0.03928690888518123,0.021562646434081345,14310.495499326002,0
81,81,1.0,6.266666666666667,6.454526748971193,0.7128549690673119,-0.0006492353470189179,0.618935838991786,0.4444444444444444,0.5061728395061729,16.0,1.0,0.8664280622328207,0.2664181426549628,0.07431492538438332,0.10912306245524533,0.07287027605124144,0.03136113566401381,0.16418572091313566,0.03812644332466231,0.03136113566401381,14433.57687324043,0
44,44,1.0,1.25,1.8924242424242423,0.6091742512097438,-0.0008688316670467526,0.677736856151588,0.20454545454545456,0.29545454545454547,18.0,0.22,0.5155732235395967,0.08356206978243316,0.2893911876651373,0.0542867907548028,0.06961222986357393,0.8317230577978539,0.3475629920606654,0.04344524935734065,0.8317230577978539,14538.417855460793,0
56,56,1.0,1.5833333333333335,2.219940476190476,0.6158986003812619,6.111645886058447e-05,0.6879204093488851,0.21428571428571427,0.23214285714285715,18.0,0.28,0.6329814844379473,0.073389208638549,0.24811284546041576,0.055259848223625174,0.09070656540363423,0.18543818913714433,0.4139445553720226,0.033225501882580534,0.18543818913714433,14604.034045513445,0
81,81,1.0,1.8,2.561111111111111,0.747480862873865,5.6094890232938204e-05,0.6914103800112478,0.20999999999999988,0.2716049382716049,18.0,0.785,0.6048519380234985,0.1790546331934847,0.20429001221464055,0.01690490537454136,0.29061221368698953,0.2662021207376869,0.1373260172969688,0.02639157669577461,0.2662021207376869,14650.66835601197,0
81,81,1.0,2.2,2.6131687242798356,0.7288384610272842,-0.0006988934510409218,0.6525459317585302,0.20987654320987653,0.25925925925925924,18.0,0.98,0.7481628719198741,0.13591039974142322,0.08928534432206399,0.14055307101471232,0.10958449183600662,0.10539004188992605,0.3318375810307437,0.017915535796844916,0.10539004188992605,14736.251360850298,0
81,81,1.0,13.766666666666667,13.741152263374484,0.784479606401117,-0.0014654837378114166,0.5784312139997804,0.691358024691358,0.7407407407407407,1.0,1.0,0.7985743672612897,0.4378206636902345,0.025055378810078043,0.013173816140750107,0.005895690554898853,0.0717703894231936,0.25190590778047545,0.0004939137166016794,0.0717703894231936,14886.816242840034,0
81,81,1.0,6.983333333333333,6.991975308641976,0.8023234820210143,0.0007445077732819006,0.8098956769959683,0.4444444444444444,0.48148148148148145,16.0,1.0,0.6962564445239497,0.4328232254009753,0.14040518538873073,0.23634919939909846,0.02950851090926304,0.0533372786417325,0.406937919944809,0.05573687571007563,0.0533372786417325,15088.989883234583,0
81,81,1.0,14.183333333333334,14.122222222222224,0.8456061179757665,-0.0002552466618327116,0.7276676282891861,0.6791358024691357,0.7407407407407407,1.0,1.0,0.7143600910940795,0.5749668757782443,0.005523129354808376,0.040132695347353024,0.0431958723731459,0.02326253727476046,0.25460417438561883,0.01631818548705969,0.02326253727476046,15723.495421117073,0
81,81,1.0,14.4,14.19506172839506,0.7045273060727053,-0.0011696067977518749,0.48016698556270654,0.691358024691358,0.7530864197530864,1.0,1.0,0.8440438665160077,0.34829723818066566,0.16326585375955863,0.008492864050092426,0.0751807670094503,0.04265717326681909,0.25366778869110407,0.0016439888519948931,0.04265717326681909,16160.416882379746,0
81,81,1.0,6.5,7.160699588477366,0.8355170457769634,0.0007393670336012574,0.8335104834152275,0.43209876543209874,0.5061728395061729,17.0,1.0,0.829677553243841,0.5087161089500299,0.2396826689712468,0.08140599229449393,0.00853837915262998,0.1735114702711229,0.07957902078627328,0.05628663925544286,0.1735114702711229,16212.106079562367,0
81,81,1.0,6.683333333333334,6.741563786008231,0.7645348297753076,0.001064081386674463,0.7827851707158262,0.43209876543209874,0.4691358024691358,17.0,1.0,0.957604934988552,0.41027214048248195,0.2596076295273522,0.013915461232654152,0.009352613743858705,0.02107231537447505,0.059206786395646194,0.07748983341978675,0.02107231537447505,16246.98731487718,0
81,81,1.0,14.483333333333333,14.486008230452676,0.8398437680547661,-0.0002966555411571099,0.6985596053142429,0.6790123456790124,0.7407407407407407,1.0,1.0,0.9726624966100035,0.5637574244554989,0.22175456383462258,0.011814978333246464,0.021642804921606484,0.033488653567479244,0.20439653802720292,0.029734259071571435,0.033488653567479244,16413.478874163982,0
81,81,1.0,2.4,2.569341563786008,0.8580635592085353,-0.0014443179647239026,0.7111170283761779,0.20987654320987653,0.2345679012345679,19.0,1.0,0.594857247954717,0.20686097590460956,0.05378951199799996,0.005825068818454831,0.0218931934427705,0.04835524001148742,0.2013812596952363,0.005086209631297478,0.04835524001148742,16416.92957837582,0
10,10,1.0,0.2833333333333333,0.35,0.7279905899959813,0.010598711907659701,1.0373015873015874,0.2,0.3,19.333333333333336,0.05,0.3612063060358778,0.1177931758612016,0.14172709068041536,0.10788210264448067,0.010650436073536844,0.2191024557475104,0.418906867665084,0.03723772116542782,0.2191024557475104,16650.626964042112,1
81,81,1.0,14.633333333333333,14.550411522633745,0.8469385648317651,0.0001611934519707568,0.7471817624737797,0.691358024691358,0.7407407407407407,1.0,1.0,0.861460263645377,0.5926728616744099,0.06803361150888775,0.1876706236699081,0.23706167317754712,0.023491242834100656,0.5521416294808804,0.032867675797828476,0.023491242834100656,16730.421863635267,0
81,81,1.0,1.9222222222222223,2.555144032921811,0.8641531919074635,0.0005139092790229735,0.8511402802383636,0.20987654320987653,0.24691358024691357,19.333333333333336,0.98,0.30072315198819977,0.31015109507043437,0.20160370964868973,0.02588348924293709,0.04182155283561183,0.053996672017839586,0.05,0.013326255166332866,0.053996672017839586,16878.227015317596,1
81,81,1.0,6.866666666666666,6.993827160493828,0.9202257290093429,0.0006132908546970567,0.9313474551338629,0.43222222222222206,0.5308641975308642,18.0,1.0,0.5705920290299039,0.547626375169142,0.04862766357384619,0.039878395078290496,0.005214282863226405,0.2688988544090208,0.31591935700821505,0.012879982608063346,0.2688988544090208,18002.027278237536,0
81,81,1.0,2.2,2.2777777777777777,0.7266575013194313,0.001520723406541624,0.9250677506775068,0.2222222222222222,0.24691358024691357,20.0,1.0,0.8372368883747443,0.1564906927588367,0.03215910691156448,0.022972961081136237,0.018783870748940557,0.25690704814391496,0.30612482764908344,0.034849328869534235,0.25690704814391496,18095.330229231444,0
81,81,1.0,2.3,2.5823045267489713,0.7480691629577529,0.000217221670372483,0.8342496679946881,0.2222222222222222,0.24691358024691357,20.0,0.995,0.6266609401638018,0.3044004834131917,0.19410214866196715,0.007639444898133102,0.02107732514104023,0.1869215423745463,0.44281667570811334,0.07405724890116196,0.1869215423745463,18138.979526316285,0
81,81,1.0,15.75,15.136831275720166,0.7686575743379116,0.0013848447359372908,0.6887916581707787,0.7160493827160493,0.7777777777777778,1.0,1.0,0.8191154380398491,0.4651352810593948,0.2047943570366514,0.12361080599967718,0.12901914896841388,0.03963400910352854,0.25140658858402887,0.010537585411984907,0.03963400910352854,19089.013077767428,0
81,81,1.0,6.933333333333334,6.932510288065845,0.8929435628203084,-0.00023384589313332055,0.8450639123036131,0.43209876543209874,0.4691358024691358,19.0,1.0,0.8459382248330356,0.5105900407124594,0.030722138465296322,0.01940566766669402,0.007259442056123829,0.33665686822220664,0.5745638320393802,0.026869645428613965,0.33665686822220664,19679.737894963266,0
81,81,1.0,2.283333333333333,2.6012345679012348,0.793346917848565,0.0013470071134283762,0.8577013130833729,0.20987654320987653,0.2716049382716049,21.0,0.97,0.6910228471595343,0.2532293800695795,0.21950126496053962,0.005922310886381931,0.035784110157787645,0.5312897905800251,0.25842010041080143,0.02995704625754152,0.5312897905800251,19949.86696924045,0
81,81,1.0,6.766666666666667,6.761728395061729,0.7833290013946237,-1.0348979617986671e-05,0.755957032438683,0.43209876543209874,0.49382716049382713,20.0,1.0,0.8334400637164716,0.4210642201960036,0.015986068204173552,0.09077186210300539,0.14395920995317402,0.032533423871223696,0.4763954368212511,0.07240797155870501,0.032533423871223696,21248.82631611682,0
81,81,1.0,2.55,2.6028806584362143,0.6828996655986318,-0.0012390803929861226,0.7313702239789199,0.2222222222222222,0.2716049382716049,22.0,1.0,0.9105837130374661,0.18867737324128958,0.03556828667096063,0.0633506929603805,0.035649384545954566,0.39189925223408495,0.4072403367613735,0.06681019572037156,0.39189925223408495,21942.482839405486,0
81,81,1.0,5.7,6.6380658436213995,0.7826701095014962,0.0005644010820986057,0.611909064608454,0.41975308641975306,0.4691358024691358,21.0,1.0,0.9084162133679574,0.2647277128385481,0.18105798972125736,0.0071341115567263485,0.21768932478126807,0.17205777948421133,0.0843167496372056,0.00832384027838331,0.17205777948421133,22275.186625326452,0
81,81,1.0,16.916666666666668,16.897736625514405,0.8299947373315452,-0.00027544586710573767,0.6949955351525557,0.7530864197530864,0.8024691358024691,1.0,1.0,0.8760184732546772,0.5845527447777078,0.02639827752135001,0.02923359310973093,0.03530388853351842,0.027351308081233455,0.07806011837396877,0.014938076426496628,0.027351308081233455,22443.54160436503,0
81,81,1.0,16.8,17.25679012345679,0.755115032160924,0.00024025957598191499,0.6073467830400152,0.7655555555555554,0.8148148148148148,1.0,1.0,0.8847298355066746,0.4636292493114561,0.15514964367035264,0.1843803813597846,0.006347135847019236,0.032185107111293104,0.2584866392126834,0.007674430405754751,0.032185107111293104,22482.480492980496,0
81,81,1.0,17.05,16.85020576131687,0.7487789291538299,-0.0014699983570827329,0.5040772399420375,0.7407407407407407,0.8024691358024691,1.0,1.0,0.8684553732002194,0.4490292277434311,0.2238927166841869,0.006197570303503128,0.013880556245336101,0.04333334609873317,0.39705519435236203,0.006246379164732896,0.04333334609873317,22649.190248081974,0
81,81,1.0,2.566666666666667,2.526337448559671,0.7489736045257205,-0.0008826148186257811,0.7687891621871096,0.20999999999999988,0.2345679012345679,23.0,1.0,0.7002091875320855,0.246973219430688,0.05811367553025758,0.008583838661385113,0.29011873094446444,0.22952869029855782,0.20569148567635342,0.05490804140888205,0.22952869029855782,23928.5642449567,0
81,81,1.0,2.5833333333333335,2.558641975308642,0.8155663787487205,0.00014794142275208108,0.9337856855649376,0.2222222222222222,0.24691358024691357,23.0,1.0,0.3020965491968557,0.4863391015775828,0.05986669118814239,0.08284527939824148,0.2055639208688564,0.3559373036188573,0.4189758155696517,0.09298496661777997,0.3559373036188573,23938.000522522176,0
81,81,1.0,2.4555555555555557,2.5053497942386835,0.9173111246063917,0.0003974449716862251,0.9106745510293472,0.20987654320987653,0.24691358024691357,23.333333333333332,1.0,0.3801162263765814,0.3410817790888099,0.04960511175514813,0.01992587848113331,0.024436993721082528,0.30410167422312895,0.15810079551847467,0.0026275385095719302,0.30410167422312895,24577.09029126624,1
81,81,1.0,6.483333333333333,6.588065843621399,0.8166792076415468,0.00017059201389841273,0.7936408686780352,0.43209876543209874,0.4567901234567901,22.0,1.0,0.6320089640771753,0.4414956806341676,0.16603677317574403,0.019255155355711144,0.08891795458610968,0.0714977966377672,0.5722926308175543,0.04070895425927447,0.0714977966377672,24725.139029364742,0
81,81,1.0,17.716666666666665,18.075925925925926,0.7559964981324133,0.00032871287948599227,0.6091778506300584,0.7901234567901234,0.8395061728395061,1.0,1.0,0.7530696282221931,0.4736149038534747,0.12963537134915495,0.1889915255943262,0.023592996103560467,0.03673263770199061,0.1059584503114328,0.00028872992005247734,0.03673263770199061,24931.050469019843,0
8,8,1.0,0.44166666666666665,0.5864583333333333,0.8778566888108386,-0.002162922945314267,0.9429114860864416,0.25,0.375,24.0,0.04,0.2,0.14553493762731423,0.17944517685127606,0.049887738196915866,0.03516086295657393,0.46880016241384154,0.07249221808901984,0.0021510098949883896,0.46880016241384154,25661.168951530566,2
81,81,1.0,3.25,6.152674897119342,0.7300229985254967,0.0012416925447696183,0.49528437339754305,0.38271604938271603,0.4074074074074074,24.0,0.695,0.8890133478295954,0.14242048343374425,0.27739159957936965,0.0606291364782218,0.01774675499399995,0.45395178801290514,0.19520321848198458,0.0028912595117061794,0.45395178801290514,26909.830332657006,0
81,81,1.0,6.683333333333334,6.7969135802469145,0.8546807562880255,0.0009476225023550333,0.8822445736082098,0.41975308641975306,0.4691358024691358,25.0,1.0,0.7387679097223512,0.5420963574240588,0.21328766358700524,0.03543037198684644,0.14460643308047996,0.16995980816597095,0.329429789534754,0.061918046712244414,0.16995980816597095,31171.51455189856,0
7,7,1.0,0.25,0.7726190476190476,0.8296397685690429,-0.004743747130006947,0.869027991782229,0.2857142857142857,0.42857142857142855,26.5,0.035,0.2239514228941906,0.14308091390594985,0.17924536372660846,0.05114506987457105,0.03054108984907766,0.44152016776485503,0.11108295951927202,0.004547596951579397,0.44152016776485503,31302.930444405054,2
37,37,1.0,0.9,2.154954954954955,0.6371289961276728,0.0008545255902406575,0.6152954292084726,0.21621621621621623,0.2972972972972973,27.0,0.185,0.6402546013605934,0.05402253199556967,0.19834725248839996,0.07796841909657863,0.008694866443664646,0.6656936786671982,0.5779049819355485,0.023637586336180585,0.6656936786671982,32523.75779195962,0
81,81,1.0,2.0,2.5806584362139913,0.6501542667560232,1.4804080557318241e-05,0.6782326051134854,0.2222222222222222,0.25925925925925924,27.0,0.79,0.6978506909722082,0.16588806045676635,0.26250792265163175,0.009227620905098302,0.0221833210157389,0.10669770491052376,0.32495653800546437,0.06206195937384177,0.10669770491052376,32703.75266481327,0
81,81,1.0,6.55,6.405555555555556,0.7583226187942299,0.00035727884188787364,0.7002365809000675,0.43209876543209874,0.5061728395061729,26.0,1.0,0.7690952349751881,0.3144210151106283,0.16013381770075294,0.0111588934065879,0.01874469947502596,0.021281712090951026,0.24740041144620684,0.03588239467283936,0.021281712090951026,33272.209699030805,0
81,81,1.0,6.65,6.619753086419753,0.7716112100142251,0.0009487244344735173,0.7911028223299764,0.41975308641975306,0.49382716049382713,28.0,1.0,0.9836049964703089,0.4236416108268435,0.26350964850492437,0.020230635450292307,0.23689233242897348,0.11207405114063348,0.5996229728611856,0.08054271184567909,0.11207405114063348,38176.73866432985,0
9,9,1.0,0.5777777777777777,0.5604938271604938,0.42795379982185855,0.0024832302182084356,0.9537053352912385,0.2222222222222222,0.3333333333333333,29.333333333333332,0.045,0.5978250443234274,0.05,0.12529615902091387,0.1330739152997222,0.23966233200330703,0.8109778899762821,0.1927140470314304,0.06758700777441022,0.8109778899762821,38331.13652817001,1
81,81,1.0,1.0888888888888888,2.8779149519890264,0.8256488809254374,0.00012671045055985785,0.5998517106238747,0.20987654320987653,0.24691358024691357,29.333333333333332,0.43,0.22997857372074068,0.19941867165281263,0.2891017013289485,0.007658155932571051,0.032201777271521584,0.04311003284557468,0.05905093934181721,0.006015196507084382,0.04311003284557468,38417.451789448976,1
81,81,1.0,4.5,6.009670781893004,0.7156678955219029,-0.0007703177048971924,0.4161645610070645,0.38271604938271603,0.41975308641975306,29.0,0.63,0.6911159964824296,0.13149827824074845,0.28819343900180994,0.010066901720521548,0.024188495249751238,0.10410038113934654,0.16358335039199617,0.007830876389279184,0.10410038113934654,39187.45441257804,0
81,81,1.0,2.566666666666667,2.6038408779149522,0.8550126899055206,-0.0003686778198546164,0.8306041981292218,0.2222222222222222,0.2716049382716049,30.666666666666664,1.0,0.49201284833549885,0.2689453015582662,0.04025536795996266,0.008106161784419452,0.07034968533808447,0.06120479289094467,0.42571818866498057,0.01662595428860509,0.06120479289094467,42221.92979223904,1
81,81,1.0,2.566666666666667,2.6471193415637857,0.7649797942196548,0.0010950116441869903,0.9361802046897266,0.20987654320987653,0.25925925925925924,31.000000000000004,1.0,0.32849890728428044,0.395097985574696,0.11772339322356395,0.23873408909837032,0.006185650178215536,0.030684255486879725,0.5420837267717568,0.08756895613363475,0.030684255486879725,43136.40191283788,0
81,81,1.0,2.477777777777778,2.511934156378601,0.8267030775948669,-0.00017857033504094558,0.8373656618610748,0.2222222222222222,0.2716049382716049,31.333333333333336,1.0,0.6047521803369602,0.2502940253687496,0.027321602764880874,0.027095154409244294,0.08585834959055723,0.2074871421158051,0.16677239971997104,0.020431893067240563,0.2074871421158051,44029.58524207087,1
9,9,1.0,0.20833333333333334,0.8129629629629629,0.7553583697569919,-0.009374042015504229,0.7353037205770689,0.2222222222222222,0.3333333333333333,31.5,0.045,0.33885124689292345,0.12444320409001634,0.11619051594853372,0.13099436166979717,0.007647150457100302,0.3730797075082677,0.1387408681890892,0.0,0.3730797075082677,44149.91267908694,2
81,81,1.0,2.6222222222222222,2.60960219478738,0.8088076585512493,-0.0002455562482417362,0.8176469488832819,0.2222222222222222,0.25925925925925924,32.0,1.0,0.5365849329406682,0.28876370762883824,0.07036262471543059,0.02882131286613412,0.07372210341863422,0.18339965984833653,0.30707289549851297,0.03174788553013704,0.18339965984833653,45952.63821321879,1
81,81,1.0,2.6,2.676337448559671,0.7669902007047329,-0.0006167160341673531,0.8234733861254194,0.2222222222222222,0.2839506172839506,34.0,1.0,0.4098506723534796,0.38379555751796285,0.11578164093537195,0.015360939076028195,0.15411930161075768,0.06572541426227334,0.2454276348396608,0.08513856976782916,0.06572541426227334,51821.318383531274,0
81,81,1.0,2.6,2.8166666666666664,0.9135396640930605,-0.0006204867255891718,0.8610172401198043,0.2222222222222222,0.25925925925925924,36.0,1.0,0.2905393280371379,0.4455169406381149,0.1395520099382074,0.03903363058077935,0.03322797341093767,0.4649505857872764,0.28642887272076595,0.019362711830981573,0.4649505857872764,58048.70051458823,0
81,81,1.0,6.4,6.485802469135803,0.8654897228445886,-0.0005770323674070052,0.7989361060880049,0.4074074074074074,0.43209876543209874,36.0,1.0,0.4082913778784869,0.501453494977334,0.12775964900656672,0.1694649360121836,0.06339787562203682,0.03361085273449193,0.07714492923390848,0.02804969241390942,0.03361085273449193,60692.325401395385,0
81,81,1.0,1.5,2.7956790123456794,0.7683374013094829,-8.296283988544296e-06,0.6623526164716272,0.2222222222222222,0.25925925925925924,37.0,0.73,0.8105028260352427,0.13712989369137785,0.23778844681598868,0.011741632813368858,0.009072632543618668,0.7615113712729419,0.13557346821223182,0.016907736632099914,0.7615113712729419,61069.89065428961,0
81,81,1.0,6.533333333333333,6.632921810699587,0.8380976613101325,0.0005943158052984967,0.8632948670223767,0.41975308641975306,0.4691358024691358,37.0,1.0,0.99057512097617,0.5633467819656198,0.29242734185676394,0.008101587753439901,0.11765911122740523,0.19860377944991964,0.2711704263568182,0.09801581869007052,0.19860377944991964,64087.136961089265,0
81,81,1.0,6.566666666666666,6.980041152263376,0.9047031103082288,-0.00032927346965320304,0.8165291493480332,0.41975308641975306,0.4567901234567901,37.0,1.0,0.8280682340775674,0.517261573936446,0.2771958418467072,0.14661614756422414,0.09376079364160304,0.43414412875191943,0.42980841480111437,0.02450934880507677,0.43414412875191943,64192.44736631262,0
81,81,1.0,2.3,2.732304526748971,0.6842359032080024,0.00023681051552798413,0.7052186409619197,0.2222222222222222,0.25925925925925924,39.0,0.915,0.9407713339386699,0.17506134992044653,0.2904170302254458,0.08317624321182412,0.10161764960941874,0.413685252493514,0.14743759671397266,0.057487927634581396,0.413685252493514,67977.29073786363,0
7,7,1.0,0.2111111111111111,0.9523809523809523,0.7609591896124961,-0.00897314511504905,0.8266666666666667,0.2857142857142857,0.2857142857142857,40.66666666666667,0.035,0.23732279992026672,0.11855585639704425,0.18595383829209625,0.012974300222491384,0.06758118915087377,0.06584945463507377,0.05,0.024578182925451768,0.06584945463507377,73593.04860087887,1
81,81,1.0,2.6166666666666667,2.716666666666667,0.810688073679938,0.00032436210228597485,0.9313780958872984,0.2345679012345679,0.2839506172839506,42.0,1.0,0.2498796633199005,0.46518343977169746,0.19616942321224834,0.2792209136721033,0.013508031774283905,0.09758861081582641,0.3763629441023178,0.08452300910015517,0.09758861081582641,78855.06851449578,0
81,81,1.0,2.85,2.835390946502058,0.8747865594251274,-0.001021273300532282,0.904160619254959,0.2222222222222222,0.25925925925925924,42.0,1.0,0.33199514235879013,0.5793602106336744,0.17893390298944833,0.04285849377459421,0.015485966367902131,0.7308711276228432,0.2177478347378745,0.08437694751711267,0.7308711276228432,78922.24786933896,0
75,75,1.0,1.65,2.417777777777778,0.6428416118492299,0.0004358449662859007,0.6892769607843139,0.21333333333333335,0.25333333333333335,43.0,0.375,0.623378246104288,0.09294103551682273,0.23589183394862573,0.010338297105253315,0.007018808175671979,0.020918405968000542,0.4757486902185677,0.03521693916782697,0.020918405968000542,82400.57942231615,0
81,81,1.0,2.8333333333333335,2.8170781893004118,0.791002468984916,-0.0005373420130191016,0.8527644681420885,0.2345679012345679,0.25925925925925924,43.0,1.0,0.490434654555851,0.43763034008462703,0.0026848060926630835,0.04161900426955872,0.023987653581767524,0.3217227922089736,0.42656275148327866,0.09901759181550465,0.3217227922089736,82703.99479209253,0
81,81,1.0,6.65,6.686213991769548,0.841489568300433,0.0010828544352112527,0.9087539108580809,0.41975308641975306,0.4691358024691358,43.0,1.0,0.7372701071845627,0.5523782064381118,0.14095654766241653,0.08011435128693231,0.23723198498177478,0.022431454503698652,0.05740686052780061,0.08881877051877,0.022431454503698652,85518.916164018,0
81,81,1.0,6.933333333333334,6.673456790123458,0.8781969751559888,-0.00014016806257120834,0.8668080350260536,0.4075308641975307,0.4567901234567901,43.0,1.0,0.4513071164818418,0.5992073898584372,0.15585313258331462,0.006818045776487964,0.07938898943080065,0.06742419820760592,0.5606422833674185,0.05717709554015099,0.06742419820760592,85715.39870784184,0
5,5,1.0,0.15,0.15666666666666668,0.7397983584994742,-0.015859109458703814,0.9216666666666665,0.2,0.2,45.0,0.025,0.3964418137945421,0.14917805241464827,0.04874900224758567,0.01742042471963395,0.08491082390824245,0.03530021728119268,0.30862884597397333,0.06401335363741893,0.03530021728119268,90039.2499301945,0
81,81,1.0,5.983333333333333,6.332510288065844,0.8499708310392802,0.0017471873862352574,0.8564587124166015,0.4074074074074074,0.4691358024691358,46.0,1.0,0.44717455926047295,0.4020590996452626,0.19582993323455483,0.015012683844179864,0.04877653570390018,0.02822702159090882,0.11135594638488999,0.010555875538349802,0.02822702159090882,96813.35456829981,0
5,5,1.0,0.13333333333333333,0.16499999999999998,0.9777428560205282,0.0015519036246038453,0.9781060606060603,0.2,0.4,47.5,0.025,0.4252872564895001,0.11285028794253006,0.0960738833278124,0.006321755826676623,0.2832437165245402,0.10688176796240306,0.23506413476088878,0.004769342408000131,0.10688176796240306,100311.50226510786,2
81,81,1.0,2.65,2.7205761316872428,0.7202186072970687,0.0002247420775877313,0.8327933242575505,0.2345679012345679,0.2839506172839506,50.0,1.0,0.6984750325775462,0.2183083244881152,0.11134574792972708,0.02193933892446135,0.035907609846997736,0.06186669176084772,0.05291367979361553,0.04624899048622172,0.06186669176084772,111580.5242370652,0
13,13,1.0,0.8555555555555555,1.3196581196581196,0.6466644494991864,0.0021258041888552468,0.7973978123200922,0.23076923076923078,0.38461538461538464,50.666666666666664,0.065,0.2802077431564675,0.1212779127938768,0.22785678877986268,0.07122619319627246,0.17587124693436895,1.0,0.47560762684476043,0.05521630782128472,1.0,114183.81523534766,1
13,13,1.0,0.9666666666666667,1.3743589743589741,0.5472637702495414,-0.002819197156707235,0.6760199004975125,0.23076923076923078,0.3076923076923077,51.0,0.065,0.45339053324557144,0.0692848931380537,0.24263310204879518,0.00935974260510526,0.0073795181158026225,0.03303314860705999,0.15944779188240665,0.05026659264789222,0.03303314860705999,115708.648193626,0
81,81,1.0,2.8333333333333335,2.923662551440329,0.952096431004969,9.997973407696036e-05,0.9325215239167663,0.2345679012345679,0.2839506172839506,52.0,1.0,0.33296413247437695,0.45791997204256113,0.05162000319540202,0.0497098244296474,0.1015789201775308,0.6214867258911031,0.4784777804731168,0.0022682450192795358,0.6214867258911031,120707.85007843275,0
14,14,1.0,0.6333333333333333,1.2809523809523806,0.717030792840802,-0.005197117257168433,0.7655266418835192,0.21428571428571427,0.2857142857142857,54.0,0.07,0.29460876044433687,0.11829646399084687,0.19785662936035212,0.007860726739466311,0.02813732420036371,0.033477355960438555,0.1760684513674946,0.032913873404707986,0.033477355960438555,129658.54013178396,1
81,81,1.0,5.733333333333333,5.97716049382716,0.8109576847231017,-0.0009146823946312465,0.6341583187028814,0.38283950617283935,0.4444444444444444,54.0,1.0,0.6459271040727281,0.28952194723605323,0.17559453601617717,0.024261487301521938,0.039603223252268165,0.04540946625010329,0.08970661825428417,0.009346570129400522,0.04540946625010329,132097.23258393005,0
81,81,1.0,2.7,2.8319615912208502,0.7562985485656345,-0.0002179708362375349,0.813351362988079,0.2345679012345679,0.2716049382716049,54.666666666666664,1.0,0.5559692715291087,0.2618342778552843,0.08726570973524189,0.10030918970049861,0.243354452079061,0.02,0.38110936192805306,0.04752115398740832,0.02,133309.25071400782,1
81,81,1.0,1.5166666666666666,2.9329218106995887,0.7271644218543487,9.836728293712986e-05,0.5635241569617885,0.2345679012345679,0.24691358024691357,55.0,0.775,0.8024241661617424,0.08902267090942417,0.12710407834779588,0.023897557184042535,0.048415119289423894,0.05422755707702859,0.21237759358756203,0.00963064736583217,0.05422755707702859,134692.20923595168,0
81,81,1.0,5.8,6.0096707818930035,0.8155882659518532,0.00010129540958604067,0.7312944956117826,0.3950617283950617,0.43209876543209874,55.0,1.0,0.5651136667923353,0.36694703514886207,0.18377693273478604,0.0319557839990847,0.037529653919848534,0.021829568508622783,0.3085516589492895,0.02752854311959272,0.021829568508622783,137005.1522113385,0
81,81,1.0,6.366666666666666,6.369341563786008,0.8402321767593953,0.0012760349875298462,0.9172333494858127,0.4074074074074074,0.4567901234567901,56.0,1.0,0.8441808854647566,0.5251907323686446,0.17046591399976121,0.026183580417458944,0.24065965864491495,0.21838255933172296,0.2253260695395637,0.07649841990679365,0.21838255933172296,142419.41801005675,0
81,81,1.0,6.066666666666666,6.208024691358025,0.8188537797742054,0.0007607478254209424,0.8299448145570251,0.4074074074074074,0.4567901234567901,57.0,1.0,0.9559167281352698,0.40289105090553545,0.12725951087107423,0.06341544762539064,0.006063609125863611,0.3226750525565245,0.36539596339774466,0.04311905702831073,0.3226750525565245,147197.10059085104,0
81,81,1.0,2.7666666666666666,2.7962962962962963,0.7789423459171662,0.0010791290723413307,0.958682855040471,0.2345679012345679,0.25925925925925924,58.0,1.0,0.315327690175707,0.43148860700062186,0.10837079255383751,0.2057631501272209,0.24065311678966594,0.03359223400103619,0.54040295414002,0.0984206169145878,0.03359223400103619,150014.26690267492,0
81,81,1.0,2.783333333333333,2.882304526748971,0.8201133923280065,0.00022882248908037483,0.922608033504664,0.2345679012345679,0.2962962962962963,58.0,1.0,0.24469757202549697,0.49330016347523503,0.11683545460427791,0.07798962888180377,0.025245232276711174,0.05722690780116078,0.4569973812705096,0.0960696137510391,0.05722690780116078,150025.48371391834,0
81,81,1.0,6.383333333333334,6.37037037037037,0.9150126140644397,0.0007756285775085848,0.9285529715762275,0.4074074074074074,0.4567901234567901,58.0,1.0,0.3102582206789064,0.5367750876290049,0.055673937144864856,0.09839887475591072,0.010486118271430226,0.09571376421832369,0.45782198830846915,0.019587250488354135,0.09571376421832369,152562.51164893262,0
81,81,1.0,2.7333333333333334,2.8962962962962964,0.8629205808517607,0.0011614954888466865,0.9642682580278489,0.23469135802469124,0.32098765432098764,59.0,1.0,0.7728431957571147,0.33996035605655517,0.03980828641776294,0.03958310280324028,0.010065298333487823,0.7826854940125495,0.20231128469010035,0.03733582963325904,0.7826854940125495,155211.09729681208,0
81,81,1.0,3.0,2.9493827160493824,0.8621276884107297,0.0007131084153653803,0.9718668899120972,0.24691358024691357,0.2716049382716049,59.0,1.0,0.30615703803742983,0.4938649381358799,0.01987650092559695,0.0196969787670304,0.04589146712671931,0.33786823361981666,0.46956472288517775,0.06151868591444451,0.33786823361981666,155303.17846945956,0
81,81,1.0,5.75,6.213786008230453,0.8396760359590909,0.0012380501190941715,0.8727771890901465,0.3950617283950617,0.43209876543209874,59.0,1.0,0.48596859703131723,0.4647369469302717,0.23124962891185222,0.05312248963416968,0.06880894882594417,0.024375723282986955,0.22647948551838937,0.0407176822363004,0.024375723282986955,157281.0173241596,0
5,5,1.0,0.18333333333333332,0.22166666666666668,0.8386046429177902,-0.005129672727737455,0.979392230576441,0.2,0.4,61.0,0.025,0.25035973233997394,0.14364810735458605,0.1358204575041975,0.115024308933179,0.01994587964146153,0.3755493684968208,0.05,0.006524246876275468,0.3755493684968208,165411.04755473006,2
81,81,1.0,6.133333333333334,6.11358024691358,0.7977312970400219,0.0001996675509109038,0.786340872374798,0.3950617283950617,0.4444444444444444,61.0,1.0,0.865019867731569,0.42913944501665885,0.19073927687902056,0.006226646600965584,0.21678727696165856,0.10743524488382193,0.27975699041197305,0.06804865521266139,0.10743524488382193,168184.36499871832,0
81,81,1.0,6.166666666666667,6.349382716049384,0.9301939754775843,0.0006533795698707561,0.9562855661416811,0.4074074074074074,0.4444444444444444,61.0,1.0,0.22723646582222035,0.5583635288452317,0.10127498854752347,0.06720755769328811,0.005336627009218767,0.12013005145809297,0.25044910215587324,0.0008841566666290324,0.12013005145809297,168269.9449330742,0
81,81,1.0,2.85,2.9738683127572014,0.8162578443838662,0.00015480069356066904,0.8539623838188148,0.2222222222222222,0.25925925925925924,62.00000000000001,0.99,0.7542897858681787,0.3101988994984802,0.2206439227072702,0.08597935237859092,0.012054290428638462,0.7841788131340865,0.24000903710876514,0.03727873636982008,0.7841788131340865,171378.64054796429,0
16,16,1.0,0.5166666666666666,2.2222222222222223,0.8355341672710717,-0.006730383385208187,0.5263194444444446,0.25,0.375,62.66666666666667,0.08,0.3780307201170698,0.10696641478643548,0.1783932510562937,0.06170334035350642,0.005398144953010966,0.6858747954240704,0.2999025171876604,0.0,0.6858747954240704,174653.09162308878,1
81,81,1.0,2.716666666666667,2.8520576131687245,0.8175760380516535,-0.0007653439035588277,0.7845608782435128,0.22234567901234556,0.2716049382716049,63.0,1.0,0.2803778318005491,0.40155413263623224,0.16467037995371794,0.0696113939100069,0.196297784128196,0.052616698933372084,0.3646027292535517,0.0620590850313471,0.052616698933372084,176884.27692237048,0
81,81,1.0,6.083333333333333,6.251440329218107,0.8759007284808273,0.00024445826490830305,0.8619180216356177,0.4074074074074074,0.49382716049382713,63.0,1.0,0.48894827730601115,0.5564868892777165,0.16745091969666634,0.026549408094881672,0.19943441708514403,0.10414453532857121,0.24937649953511204,0.045153610913852796,0.10414453532857121,179217.09022645725,0
81,81,1.0,6.383333333333334,6.4045267489711915,0.8736034427880639,0.0005707634879089139,0.9050592216582063,0.39518518518518503,0.4444444444444444,64.0,1.0,0.5093844585374893,0.5777531074347991,0.11684152746199507,0.11703931975119693,0.0077931365938865675,0.04215553660062321,0.5444920393546511,0.06985926672318012,0.04215553660062321,185087.23632453417,0
5,5,1.0,0.15833333333333333,0.23500000000000001,0.9508422936214779,0.012091426056576936,0.9959751773049649,0.2,0.4,65.0,0.025,0.36386653422682036,0.12227024968047985,0.10847154180052226,0.14410957182808884,0.00695351541849788,0.43455250764297915,0.14299890672889554,0.0,0.43455250764297915,187808.24010541616,2
81,81,1.0,5.3,5.747736625514404,0.7452259539743848,0.0003989309432211811,0.613734994391542,0.3950617283950617,0.4444444444444444,65.0,1.0,0.8026923345026868,0.21915900666060412,0.1786602420902686,0.1477011378049905,0.011588726180408203,0.12497613220579004,0.4044173493271755,0.017595016855277035,0.12497613220579004,189977.95579885892,0
81,81,1.0,2.8,2.7646090534979426,0.5736240883653,0.001132702200965807,0.8239932519599087,0.2345679012345679,0.2962962962962963,66.0,1.0,0.9301466317752882,0.11896447606550509,0.0034250947459819824,0.1496981410470248,0.017499045745840533,0.03219926057631295,0.40197093448143967,0.07575658146244825,0.03219926057631295,194128.42919135894,0
81,81,1.0,5.283333333333333,5.718312757201646,0.7102777290882185,-0.0003223987072219144,0.5984023005049596,0.38283950617283935,0.4444444444444444,66.0,1.0,0.9133483231735331,0.2498322652949007,0.21454916810934457,0.024340743190025608,0.2766526894393215,0.09544567533764976,0.3861354088986801,0.046332280123033844,0.09544567533764976,195772.0357384725,0
81,81,1.0,6.1,6.2823045267489706,0.9265987107374619,-0.0007144013020245576,0.8434525525132102,0.3950617283950617,0.43209876543209874,66.0,1.0,0.7713335662947112,0.562678670169966,0.2031112523679923,0.005204733526714752,0.020316157501366505,0.494733433594009,0.18766677547276656,0.03235214770355218,0.494733433594009,196414.32524339628,0
81,81,1.0,2.75,2.8399176954732512,0.6195316427466959,-0.0004941207385724442,0.6735250929816934,0.24691358024691357,0.2839506172839506,67.0,0.97,0.869977137438724,0.12349474314952272,0.1659314601031173,0.07395581527297904,0.006781335436441359,0.031630216132958064,0.46973467570061306,0.05344485508328887,0.031630216132958064,200033.79203754663,0
81,81,1.0,2.6333333333333333,2.7446502057613165,0.7467696405621963,0.003444209430670708,1.0529123872354251,0.24691358024691357,0.2839506172839506,68.0,1.0,0.7666038353983773,0.21792170651325088,0.0786547795580166,0.2661570117703721,0.02382658918110026,0.4870258219524636,0.48508641576440126,0.045901482961635647,0.4870258219524636,205980.59598544321,0
81,81,1.0,2.8333333333333335,2.869753086419753,0.7982501473206286,-0.00044714854668310137,0.7860461031046102,0.2345679012345679,0.30864197530864196,68.0,1.0,0.8400031744088146,0.2068077409010447,0.04769376488769365,0.02757004036106852,0.009094358136444713,0.5135395708696732,0.5978450307424125,0.023994923327479257,0.5135395708696732,206039.16241788366,0
81,81,1.0,2.811111111111111,2.8953360768175584,0.8223056283363915,0.00013788450030502913,0.8567274153387764,0.2345679012345679,0.2839506172839506,68.66666666666666,1.0,0.44688495767432973,0.3033931678570081,0.05245850273825648,0.1495805891678463,0.230375109096957,0.06337604658375075,0.25851968780167534,0.023802440135542335,0.06337604658375075,210082.0728680558,1
81,81,1.0,2.8777777777777778,2.8998628257887518,0.764927995986805,0.0003074102966027843,0.8375065699569011,0.2345679012345679,0.2839506172839506,68.66666666666666,1.0,0.6249730282234827,0.2713308549526352,0.10906905062288481,0.005,0.11058340055145084,0.09219675711666678,0.32814038645562765,0.047084460188150074,0.09219675711666678,210105.67028916976,1
81,81,1.0,2.9166666666666665,2.613168724279835,1.1565956301365197,0.5346261994614511,92.90892388451442,0.8024691358024691,0.8148148148148148,64.0,1.0,0.841891328907624,0.12072120813970813,0.012271659253209477,0.2766427328772597,0.006056975728327972,0.3643580663873437,0.5208522953257861,0.06195796401529267,0.3643580663873437,214822.86686757364,0
81,81,1.0,2.5833333333333335,2.880658436213992,0.6652611580927579,5.3734896724391245e-05,0.7169523809523809,0.2345679012345679,0.2839506172839506,70.0,0.97,0.8650008869082251,0.13302664703363068,0.14081291172555344,0.017787768432817645,0.006090557359131792,0.15906222249487786,0.3171944843761407,0.04156423357712344,0.15906222249487786,218244.4260608184,0
81,81,1.0,2.9444444444444446,2.910150891632373,0.8068672698128561,-0.00022098131650665867,0.828956189279074,0.23469135802469124,0.2839506172839506,70.0,1.0,0.45155165570370615,0.31771192868957826,0.0340602904335589,0.0863651996678027,0.1521622917417128,0.0425793392490792,0.40197847124386904,0.03807495198486628,0.0425793392490792,218341.95234681902,1
81,81,1.0,2.9,2.82880658436214,0.7129808009437714,0.0004776968153562278,0.8546329163029774,0.2345679012345679,0.2839506172839506,72.0,1.0,0.68520647251301,0.2976188261319103,0.08895266063621307,0.05207860596115892,0.08755837789784185,0.10985773526649674,0.30410529248651436,0.08759672619772926,0.10985773526649674,230948.68240830075,0
81,81,1.0,6.266666666666667,6.411934156378601,0.9061715559073236,0.0004742268260392801,0.9417750251374538,0.4074074074074074,0.43209876543209874,73.0,1.0,0.7451507621221383,0.5995596250531521,0.07208436338794055,0.05284005291401969,0.017354625682593435,0.4284874730221964,0.2722425552515345,0.04578206884284567,0.4284874730221964,239818.12890238676,0
81,81,1.0,2.283333333333333,2.994855967078189,0.8737276575972592,0.0008317646313835982,0.7988291537844956,0.2345679012345679,0.2716049382716049,74.0,0.97,0.5086791952578955,0.273862280514168,0.14575075841967053,0.03196352458329225,0.2132639343906066,0.34853935566588445,0.18326862498529634,0.0011754712269296697,0.34853935566588445,243765.11208630275,0
81,81,1.0,2.85,2.9993827160493827,0.8081690738595885,0.0010500687198163221,0.8786982918295945,0.2345679012345679,0.30864197530864196,76.0,0.96,0.4210504112761222,0.3488739280569793,0.2598724489553663,0.011855642485880436,0.014189469709827927,0.052927412569673954,0.33716736098546507,0.04645925630309527,0.052927412569673954,257253.7452220079,0
81,81,1.0,5.966666666666667,6.0129629629629635,0.8437914191704777,0.00044861700069899626,0.80836276220785,0.38271604938271603,0.43209876543209874,77.0,1.0,0.6128548684383031,0.44321771691433776,0.24872901822841778,0.015864733596601063,0.016900897274098096,0.16200729810009723,0.07474795383436988,0.02834719266138154,0.16200729810009723,266162.13212169986,0
6,6,1.0,0.4708333333333333,2.0333333333333337,0.8215748087979011,-0.008936805526223009,0.5600546448087431,0.3333333333333333,0.3333333333333333,80.0,0.03,0.2,0.13447647265821971,0.17338042339553295,0.03232997323820378,0.017718679019209076,0.33512338342964254,0.05318797304440663,0.003223035132787345,0.33512338342964254,284611.93939377466,2
81,81,1.0,2.7,2.886831275720165,0.8260041065007422,0.0008529744415750244,0.8692207175100974,0.2345679012345679,0.32098765432098764,80.0,1.0,0.5487378252714014,0.2441947303077705,0.07008993803486113,0.15896604821092072,0.02095590555571852,0.131230833023823,0.42770781520311807,0.016257467731649763,0.131230833023823,284931.5709013493,1
81,81,1.0,2.85,2.957201646090535,0.7490485471020156,-0.0010980093798270672,0.7132405603488264,0.2345679012345679,0.30864197530864196,80.0,1.0,0.8150174079273331,0.1605185512893239,0.006436300476465306,0.01937180964484902,0.1431615449192423,0.15156677420826517,0.2062814681164058,0.02171019367945526,0.15156677420826517,284986.19579628535,0
81,81,1.0,6.133333333333334,6.157613168724279,0.836305307463768,0.0016715457563633476,0.95725701174007,0.4074074074074074,0.43209876543209874,82.0,1.0,0.5085262757260407,0.5522882186726341,0.13862363244739662,0.21487540257505702,0.06916852099510205,0.028237778212790405,0.283373668955812,0.07871031607789768,0.028237778212790405,301669.32879234356,0
81,81,1.0,2.5833333333333335,2.9545267489711935,0.7715934845664331,-0.0004858141968569719,0.7270839427072451,0.23469135802469124,0.2716049382716049,88.0,0.98,0.6589146656527078,0.18106826633894985,0.12155092405480238,0.00816170477240344,0.12651674403415109,0.06450565417733507,0.46256489313045196,0.016795888030868768,0.06450565417733507,344638.85621450096,0
81,81,1.0,3.033333333333333,3.101851851851852,0.8741828522751205,6.648630974837033e-05,0.8620646766169154,0.24691358024691357,0.2839506172839506,88.0,1.0,0.5194328107892763,0.42025326662608825,0.20589011934692478,0.008284397305577375,0.013546334068140693,0.5241242453881835,0.45940658902956755,0.029758076424356874,0.5241242453881835,344789.318691955,0
81,81,1.0,5.9,6.090123456790123,0.8497787773422372,0.0009050286409157992,0.9182600175687549,0.3950617283950617,0.43209876543209874,89.0,1.0,0.9969129520949023,0.5208045675361386,0.19812418477439286,0.1578292234520024,0.15007473842883115,0.4378929117032985,0.42873648439483,0.07640568991220532,0.4378929117032985,354679.328126246,0
81,81,1.0,3.1333333333333333,3.2300411522633743,0.8869945679222423,-8.950633500741793e-05,0.915020597103665,0.24691358024691357,0.2839506172839506,93.0,1.0,0.6775901844190051,0.48952463005323305,0.1857692748029846,0.058276904381359976,0.008919049149712312,0.8337278609793422,0.4591854435649759,0.05867070829368026,0.8337278609793422,385055.6697846075,0
81,81,1.0,2.922222222222222,3.036625514403292,0.8124244885298761,0.00010554443426326314,0.8083565975516105,0.24691358024691357,0.30864197530864196,93.33333333333333,1.0,0.6061202481221161,0.21988904897385048,0.02184720424191453,0.005,0.1627921519677969,0.028246461167024697,0.3666418469002199,0.013714465397448874,0.028246461167024697,387732.4197282603,1
81,81,1.0,3.1,3.2660493827160497,0.8654770378572206,-0.0007041094254195054,0.9078803628803629,0.24691358024691357,0.2962962962962963,94.0,1.0,0.26548639766179366,0.5854025693565401,0.2249357843299923,0.030834124982214505,0.02393365070052717,0.3847229993932016,0.5754664699330244,0.08445017164340488,0.3847229993932016,393360.1392581493,0
81,81,1.0,2.9833333333333334,3.0086419753086417,0.749500307896894,0.0006434695162640725,0.8506264532895637,0.24703703703703692,0.30864197530864196,96.0,1.0,0.7205379436797201,0.2705472391577901,0.042033460557459656,0.025252049434042943,0.007357761089347907,0.22658633551760726,0.1391948686462868,0.05580343537526458,0.22658633551760726,410191.3951575657,0
81,81,1.0,2.85,3.2491769547325102,0.968200142037283,-7.4636160651331e-05,0.9979227619107931,0.24691358024691357,0.2962962962962963,97.0,0.995,0.34285750253949754,0.5726950646811736,0.22990020240088738,0.018215745351494745,0.008720414631515292,0.8871007613478742,0.08527992909707409,0.019651756633366782,0.8871007613478742,418743.3950193707,0
81,81,1.0,2.216666666666667,3.4685185185185192,0.957966167578818,-0.00021636628274527295,0.8807964050542804,0.24691358024691357,0.2716049382716049,102.0,0.985,0.26016888945152356,0.5244572889443051,0.2839230173070169,0.019248723899590335,0.02773699657776028,0.6080009551598599,0.19776668284403742,0.0031692920013726925,0.6080009551598599,462820.22540196497,0
81,81,1.0,5.65,5.881893004115226,0.9081467117527772,-0.00013340599733012017,0.8020595163133468,0.37037037037037035,0.4074074074074074,106.0,1.0,0.3691187582656517,0.43813958657488744,0.16541101666137478,0.0166343444975784,0.024218016272866884,0.13769302517250084,0.3095443665139787,0.005894018869326234,0.13769302517250084,501770.57381695,0
81,81,1.0,5.75,5.582304526748972,0.7142130839726304,0.0012210923431172015,0.705264774542327,0.38283950617283935,0.43209876543209874,106.0,0.995,0.6841092714220116,0.2629745828624355,0.27003784340936404,0.2924129376509663,0.0075650987081381455,0.022538538435033267,0.42422946956385194,0.04403183439820409,0.022538538435033267,501800.42566282366,0
81,81,1.0,2.5166666666666666,3.2191358024691357,0.8044280606884954,0.0004927057828052598,0.7855305209332055,0.24691358024691357,0.32098765432098764,108.0,0.985,0.9339854186394465,0.22524327049097032,0.19400733033390505,0.019521225664410752,0.009795999268384554,0.6308177633702733,0.2557324218456483,0.01897948285479453,0.6308177633702733,518870.7826557719,0
81,81,1.0,2.7,3.1917695473251033,0.7167712349697118,0.0005746556424687186,0.7566460374763624,0.24691358024691357,0.2716049382716049,111.0,0.985,0.8603902507148447,0.24324968330532126,0.23718921788875558,0.006527969817504692,0.028057326990139294,0.30124174265908105,0.28792927611514924,0.06476396622361512,0.30124174265908105,548121.4742980421,0
81,81,1.0,3.1,3.14320987654321,0.8221611927332569,-0.00013290663610236324,0.8582770358732653,0.24691358024691357,0.2839506172839506,113.0,1.0,0.4398524339502505,0.3359200411597356,0.10182506776096421,0.02476031143818777,0.008289756952363834,0.022296491855923462,0.22483933412990287,0.038456824072655466,0.022296491855923462,568143.6983592333,0
81,81,1.0,3.066666666666667,3.1508230452674897,0.8626774238917368,-0.0008689360249498245,0.8034818999107513,0.24691358024691357,0.2962962962962963,115.0,1.0,0.5627983115845212,0.324363702480917,0.1380367300648666,0.05870877408197443,0.04321982685903212,0.3496085730333864,0.24672422650538306,0.014367514331962806,0.3496085730333864,588398.399269737,0
81,81,1.0,5.6,5.755967078189301,0.8334602628172559,-0.0006008662564368963,0.7743216319916113,0.37037037037037035,0.41975308641975306,116.0,1.0,0.42151296323629667,0.5045798229015169,0.28593682958739086,0.22787163765200394,0.06285893417928472,0.026900936570329083,0.13880713779464038,0.06095934759945512,0.026900936570329083,600380.2746776154,0
10,10,1.0,0.3208333333333333,1.2041666666666666,0.8800344945913813,-0.0035736892229206456,0.753618800461361,0.3,0.4,121.0,0.05,0.23917578479478632,0.13351458604685112,0.19696418638211896,0.03579430302325341,0.023865669992508255,0.3543519859130773,0.07457084558777975,0.0,0.3543519859130773,650799.9522430918,2
81,81,1.0,3.25,3.2265432098765428,0.8830993136549383,2.8439586035892648e-05,0.9411431031184234,0.24691358024691357,0.2839506172839506,121.0,1.0,0.6564516783619987,0.5047025576256217,0.200052544661549,0.2601276718942171,0.21216191819048655,0.9145598622750224,0.12597967850768246,0.0704085542124973,0.9145598622750224,651398.2580740257,0
81,81,1.0,3.25,3.3259259259259255,0.8856291370872873,0.0003773882919577243,0.9701707498144024,0.24691358024691357,0.32098765432098764,122.99999999999999,1.0,0.5817355812805941,0.5241982948644563,0.10794975426674126,0.012789085425666192,0.06521156111627399,0.8350686036536615,0.5432494227248006,0.06091725876977999,0.8350686036536615,673097.8347257692,0
81,81,1.0,5.816666666666666,5.772222222222222,0.8410296365488074,-0.001091774071571087,0.7822687413110897,0.38271604938271603,0.43209876543209874,127.0,1.0,0.544981399021925,0.5569222724758381,0.07911695760938055,0.009502672287519194,0.010494698815457693,0.0359199825983551,0.12041757563425187,0.07938128323488172,0.0359199825983551,719333.3283352792,0
81,81,1.0,5.816666666666666,5.8656378600823045,0.919008790678914,0.0003214722126295795,0.9316981209293624,0.37037037037037035,0.4074074074074074,127.0,1.0,0.26563600481249766,0.5812887802907867,0.22579188101563047,0.10671025010524701,0.05913262547008131,0.12209215067330641,0.22892202740043366,0.022947412038788886,0.12209215067330641,719333.9846235401,0
81,81,1.0,3.3,3.336213991769547,0.8260622634562604,0.0006035253124047702,0.9156083220262324,0.25925925925925924,0.2839506172839506,128.0,1.0,0.3268440271893701,0.49049564404031754,0.2562156168151331,0.07731498691751856,0.046466763069920855,0.1496256603491692,0.09169731721134577,0.07943149992989772,0.1496256603491692,728902.0178729254,0
81,81,1.0,3.022222222222222,3.1855967078189296,0.8575735923358926,0.00021111028115681905,0.832889376910821,0.24691358024691357,0.2962962962962963,128.66666666666666,1.0,0.4857029844746085,0.3040103842508981,0.1225679930345568,0.00660314122495997,0.13472993830329869,0.08974511154205878,0.36456078972132755,0.017081403226814663,0.08974511154205878,736387.9639066007,1
81,81,1.0,3.283333333333333,3.2625514403292186,0.8122876240574072,0.0007239125155704444,0.9632172889337369,0.25925925925925924,0.2962962962962963,130.0,1.0,0.29802052061520024,0.5051565233025248,0.1414036291360933,0.019356688387199183,0.17164678076237078,0.1016045325688487,0.16046330536386041,0.09447030141551649,0.1016045325688487,751821.8979446981,0
81,81,1.0,4.483333333333333,6.003703703703703,0.9078018269694997,0.0012584076324361876,0.9049921173486875,0.358148148148148,0.41975308641975306,131.0,0.995,0.8002917381040422,0.4507070910336308,0.2657068280939103,0.08184232890708316,0.08812580997707675,0.5907295223660645,0.06875315929819988,0.005405850493833886,0.5907295223660645,764450.0924992663,0
81,81,1.0,5.5,5.470781893004115,0.7542951934392046,0.0003852144312299298,0.7326272503886465,0.37037037037037035,0.4567901234567901,133.0,1.0,0.7761694229279592,0.3427354084705147,0.23533868494810034,0.016186040973041008,0.008119817141427696,0.031349938464042076,0.13778838029952642,0.06288290534653565,0.031349938464042076,788396.757895204,0
81,81,1.0,3.25,3.4183127572016465,0.9090550391298635,-7.592211380988485e-05,0.9196844840386044,0.25925925925925924,0.345679012345679,134.0,1.0,0.2523191722893334,0.5113898735405705,0.09637558545044962,0.018641645400090372,0.24444269665729276,0.23467664498218802,0.09283643576356183,0.03157529253221452,0.23467664498218802,798757.1833307387,0
81,81,1.0,2.9,3.1709876543209874,0.6348252872941406,-0.0005640504402762451,0.6061556680293297,0.24691358024691357,0.3333333333333333,137.0,0.92,0.8890267969421348,0.16356750053931163,0.2654712701302049,0.00999583300483297,0.21535972696124409,0.11800550383428866,0.26425124071976447,0.0616815155645467,0.11800550383428866,834757.1469182613,0
81,81,1.0,3.0,3.191975308641975,0.6944946364151879,0.0001017863709988503,0.5732214916521627,0.25925925925925924,0.30864197530864196,137.0,0.78,0.9324291231317741,0.07565456455442549,0.16544959367980214,0.18770422916596358,0.01357983514650059,0.530521002581655,0.556373072115473,0.015299612042349343,0.530521002581655,834792.6365103422,0
81,81,1.0,3.216666666666667,3.2757201646090532,0.7712193920033594,0.0012711907703378074,0.9487018425460635,0.25925925925925924,0.2962962962962963,139.0,1.0,0.44294724235566785,0.4283211538285691,0.17962131854688893,0.26105002041902703,0.03734870727257074,0.03524313051230861,0.07525593504256103,0.09799665572099168,0.03524313051230861,859398.9854223169,0
81,81,1.0,5.166666666666667,5.331275720164608,0.7180446573524935,-0.0005296300708307731,0.6443779750418114,0.358148148148148,0.4074074074074074,143.0,1.0,0.9391865002300495,0.21482266163659552,0.09404908970831063,0.009710497438723743,0.03127976416017103,0.14212948371187292,0.11247387695077968,0.030357542785724057,0.14212948371187292,910821.7756679159,0
81,81,1.0,5.916666666666667,5.813786008230454,0.9387192333413085,0.0005245586212166408,0.9783032501622132,0.38271604938271603,0.4074074074074074,143.0,1.0,0.9693893985279376,0.5345259378975177,0.1500943677279413,0.05899020731407274,0.007820696779673312,0.6336221381828336,0.5526647017333174,0.026988717093294392,0.6336221381828336,911397.6246438345,0
81,81,1.0,5.516666666666667,5.658641975308641,0.8518147336643778,0.0002517584184531513,0.8934462383186065,0.37037037037037035,0.41975308641975306,145.0,1.0,0.42170666789759204,0.5841787438905065,0.14859810154148842,0.2685908378856742,0.12692490227906802,0.03435970617404437,0.5443250672570952,0.09126105342355453,0.03435970617404437,936697.9717760333,0
81,81,1.0,2.95,3.234567901234568,0.6211602982764288,0.0008430995270928224,0.5947837150127226,0.25925925925925924,0.2962962962962963,148.0,0.605,0.7995686609856463,0.07897202809442237,0.18409540603539856,0.040006754299538996,0.012134775626440608,0.03554760031517614,0.5940026501577517,0.026549879285593048,0.03554760031517614,974116.8228009951,0
81,81,1.0,2.716666666666667,3.6016460905349796,0.8989739168319273,0.00032240516787390255,0.7731931748933578,0.25925925925925924,0.2962962962962963,150.0,0.935,0.6679729987298357,0.3313335105618291,0.2624050197253904,0.0613434445687033,0.28384054869740427,0.6834952599936874,0.4203748259109404,0.00242541429599622,0.6834952599936874,1000557.0349955567,0
81,81,1.0,3.433333333333333,3.4152263374485603,0.8477926371180533,-0.0006526115901229792,0.826364220588826,0.25925925925925924,0.2962962962962963,153.0,1.0,0.24174100611451818,0.4671935567927301,0.2944263865890126,0.029766523929418667,0.12120630195319172,0.038787088586104364,0.15992793782331172,0.050057893654643804,0.038787088586104364,1041171.2483537486,0
81,81,1.0,5.766666666666667,5.6559670781893,0.830086842246318,0.0009754419220818133,0.8920653861078772,0.38271604938271603,0.41975308641975306,153.0,1.0,0.47135591422413886,0.4919968482619286,0.09143014351648195,0.2955784449426057,0.1807779795224724,0.04933422102996288,0.5124816394877915,0.06892002298108775,0.04933422102996288,1042823.0358858884,0
81,81,1.0,3.3666666666666667,3.3833333333333333,0.8917890028227038,-0.0013508624520866962,0.82336465365201,0.25925925925925924,0.32098765432098764,154.0,1.0,0.4062424951973893,0.4679837300208728,0.06280832887390198,0.060462654504608714,0.008698114184370293,0.3960542670274396,0.4294383776206458,0.038244740950033766,0.3960542670274396,1054786.775161164,0
81,81,1.0,3.35,3.381069958847737,0.8074917379273039,-0.0002460528109820881,0.872583576760792,0.25925925925925924,0.2962962962962963,155.0,1.0,0.41375326760100867,0.4578082396457527,0.04959319219053957,0.03650941102940394,0.016325638269649573,0.06013681388265626,0.09626539640265777,0.0904326725659339,0.06013681388265626,1068515.6668329996,0
81,81,1.0,5.133333333333334,5.323456790123457,0.7252886942035192,0.0013541546846027514,0.7308812615955474,0.358148148148148,0.3950617283950617,155.0,0.995,0.8307429627427234,0.28992255773128284,0.28940909617705846,0.013014533892536175,0.013939047774350916,0.0777181468518827,0.49233083217646756,0.0493785245107122,0.0777181468518827,1069728.2655967404,0
81,81,1.0,3.2333333333333334,3.2837448559670785,0.7564887345263069,0.0006925870521268603,0.845052843745431,0.25925925925925924,0.30864197530864196,157.0,1.0,0.9616234149809479,0.23300894074383688,0.022023500074659808,0.033561629969596475,0.2916687141617931,0.4953313676205041,0.40107966760841907,0.049362199847903736,0.4953313676205041,1096199.8019751231,0
81,81,1.0,5.433333333333334,5.642798353909464,0.9131662996109242,-0.00035253103959948195,0.8267347335667056,0.37037037037037035,0.4074074074074074,158.0,1.0,0.31923841869657005,0.5008307005364294,0.15379754942725637,0.03304630122126189,0.26416048147530974,0.14205671194449815,0.29208804338782546,0.00846068115191675,0.14205671194449815,1111703.0427829544,0
81,81,1.0,2.3333333333333335,3.5880658436213992,0.8333530276727258,-0.0006676273318854671,0.6548682952938029,0.24691358024691357,0.30864197530864196,161.0,0.725,0.33160581317928106,0.2613344674555987,0.28687122634551704,0.03246871179596225,0.07400253191495275,0.05689849035557737,0.10608781330818962,0.006648722460669221,0.05689849035557737,1152488.8897452385,0
81,81,1.0,3.1,3.38641975308642,0.794547469067326,0.0010054774735922022,0.8830392514278771,0.25925925925925924,0.2962962962962963,162.0,1.0,0.5647431704349991,0.3797073305798016,0.17436172585668408,0.18083143018771616,0.011122378364935421,0.3813238116887572,0.527927712614933,0.06756381518438787,0.3813238116887572,1167049.6153047301,0
81,81,1.0,3.2666666666666666,3.3200274348422494,0.7964826785716306,0.0007652849736293263,0.8679314777323287,0.2716049382716049,0.345679012345679,162.66666666666669,1.0,0.5903119212268009,0.2782801215510979,0.044587448884782194,0.005,0.10534407914900888,0.0710823602561113,0.3453762643204829,0.033048839849012024,0.0710823602561113,1176729.223627925,1
81,81,1.0,2.8333333333333335,3.4203703703703705,0.8150420577946836,0.0005017651137039387,0.8173485532094087,0.25925925925925924,0.2962962962962963,163.0,0.985,0.8066446896030548,0.2952481028927866,0.2560488189148162,0.21203104702862624,0.012348407368668305,0.6594855267622903,0.39511299521082477,0.03472983694743666,0.6594855267622903,1181412.3397398216,0
81,81,1.0,3.3555555555555556,3.3593964334705073,0.80075851128681,0.00011552053194160348,0.8330701873780681,0.2716049382716049,0.32098765432098764,163.33333333333334,1.0,0.4705369976329662,0.3137868783342701,0.031003724221486284,0.1861258749765409,0.3,0.03429500408203362,0.38346431367727396,0.03830523842951834,0.03429500408203362,1186423.0464600103,1
81,81,1.0,3.25,3.4368312757201647,0.8330000331947722,3.343588398351208e-05,0.9063831846574467,0.25925925925925924,0.2962962962962963,164.0,1.0,0.7968807175189125,0.3805647970559864,0.16182780797503307,0.1880439375364721,0.25903407776805953,0.8223033577332537,0.4056602468080492,0.06100530758570066,0.8223033577332537,1196081.1877659822,0
81,81,1.0,2.7,3.517695473251029,0.8733173977991928,-0.0001174953144422445,0.7482436437373267,0.25925925925925924,0.2962962962962963,166.0,1.0,0.357879091821411,0.33428464678120356,0.1776806098859328,0.012373455623359302,0.005407862235679888,0.16676924562514578,0.3149512725021556,0.004563071303797495,0.16676924562514578,1225247.5929915847,0
81,81,1.0,3.283333333333333,3.271604938271605,0.7416367776118711,-0.0012499193154159327,0.7310691823899371,0.25925925925925924,0.30864197530864196,166.0,1.0,0.6493075203352189,0.30651945381352935,0.0015317038644461988,0.0146208070073733,0.010344411056025283,0.055998979530286416,0.06214134129228694,0.07075600902013016,0.055998979530286416,1225413.4094294382,0
81,81,1.0,5.5,5.537448559670781,0.8954874919868867,-0.0007467817175614027,0.8570560840269521,0.35802469135802467,0.4567901234567901,166.0,1.0,0.3502597940523747,0.5763962177387387,0.14056316232164479,0.05682561300675652,0.005741065310202074,0.10512346146661626,0.32654064760424717,0.042198327554950954,0.10512346146661626,1226909.0188300952,0
81,81,1.0,5.416666666666667,5.4032921810699595,0.8241022387747077,-2.5696214684563423e-05,0.8337903021071339,0.37037037037037035,0.4074074074074074,167.0,1.0,0.5733518424262369,0.4797907206057679,0.03180873654919362,0.11520001093807064,0.015226040621405808,0.07264913467696452,0.2633644306564275,0.06685329114974273,0.07264913467696452,1241646.0387188806,0
81,81,1.0,5.533333333333333,5.42798353909465,0.8703462524903789,-0.0001127356285309901,0.8484963356077837,0.37037037037037035,0.41975308641975306,167.0,1.0,0.5421208409715592,0.5017158604999554,0.08910335354243971,0.06900268983779,0.120622088737732,0.17852928475252125,0.15075865544247088,0.04576486448906808,0.17852928475252125,1241720.9025133476,0
81,81,1.0,5.2,5.17530864197531,0.7182649921011375,-5.6173966053345107e-05,0.7133492366412214,0.358148148148148,0.4444444444444444,173.0,1.0,0.871747682887154,0.2946753135618815,0.12592126642774548,0.06208121728739009,0.05140418020962507,0.04520565315714589,0.330671665613328,0.06756248000046687,0.04520565315714589,1332135.0899469804,0
81,81,1.0,3.4,3.4650205761316877,0.8016320502519446,-0.00035264940166191463,0.8315518606492478,0.25925925925925924,0.345679012345679,175.0,1.0,0.4283721830284628,0.4744050036535468,0.23057541651309243,0.030905377419497417,0.024241175591330148,0.11377921556776968,0.5652562505334379,0.09213557025394892,0.11377921556776968,1361869.4486755275,0
81,81,1.0,4.666666666666667,5.352469135802469,0.8751852026930096,0.00032787099854809546,0.7881207473186483,0.35802469135802467,0.4074074074074074,175.0,1.0,0.7058663891855319,0.37742696112624186,0.1379387667824891,0.02344045099902823,0.013585604439002774,0.331361386282756,0.47673044341364684,0.007016725267273727,0.331361386282756,1362796.6505609136,0
81,81,1.0,3.533333333333333,3.5185185185185186,0.926707630814728,0.0003162028835731887,0.9350877192982455,0.2716049382716049,0.32098765432098764,177.0,1.0,0.2522389684158728,0.4494734875629687,0.05883959698243076,0.021631131211632446,0.053798786340364314,0.19468646518866492,0.2226788807773341,0.010044759022596295,0.19468646518866492,1393217.1878170618,0
81,81,1.0,5.366666666666666,5.333950617283951,0.8468069384440202,0.0015001019727613535,0.9770391158430739,0.35802469135802467,0.4074074074074074,178.0,1.0,0.5010378401210819,0.5228717833885984,0.024164059372607426,0.046629215655980265,0.04367538544462326,0.09897708360870862,0.10623959170585956,0.060383180355246605,0.09897708360870862,1410249.6022949175,0
81,81,1.0,5.266666666666667,5.170370370370371,0.7767808506878983,-0.00016761643815177885,0.7401846545686087,0.35802469135802467,0.3950617283950617,179.0,1.0,0.6121242428716718,0.30915802903345113,0.0614026053641748,0.10043652578841598,0.14620007818980602,0.02999060752455028,0.5259518661468501,0.030395402314195342,0.02999060752455028,1426030.176427272,0
81,81,1.0,3.2666666666666666,3.341769547325103,0.6473335182886307,0.0005166508572639929,0.7047717710321614,0.25925925925925924,0.30864197530864196,183.0,0.965,0.9436865832751893,0.17897795282677265,0.27319590343587047,0.016916060509254458,0.01129503767916038,0.21317760668257615,0.426192325396026,0.07130143259681695,0.21317760668257615,1489103.7624981224,0
81,81,1.0,3.45,3.4561728395061735,0.7784321932174739,-0.0008299363986404935,0.7932955289635054,0.25925925925925924,0.3333333333333333,183.0,1.0,0.4882111077469145,0.41573261287000496,0.14051426085085256,0.06782140439437222,0.08609315332085102,0.06942797250096787,0.3576075685253759,0.09065448576640235,0.06942797250096787,1489172.8790885818,0
81,81,1.0,5.3,5.264403292181069,0.7567447742424658,0.0011160762194132859,0.8261074197120709,0.37037037037037035,0.3950617283950617,184.0,1.0,0.8213464914738384,0.3661871999808563,0.05504850287908206,0.025916339797609125,0.018735838068925308,0.08103108821358752,0.14971154878654414,0.072944706015985,0.08103108821358752,1506745.767230839,0
81,81,1.0,4.75,4.9825102880658445,0.6589199552336387,-9.844685918254627e-05,0.6450529974533691,0.35802469135802467,0.3950617283950617,185.0,1.0,0.9899514741730298,0.22389867442841288,0.17979459528897043,0.0658359147207273,0.20640970717496882,0.055511635716614154,0.4649454781817196,0.07038513879430254,0.055511635716614154,1522782.9351799374,0
81,81,1.0,5.4,5.313168724279835,0.8356386285331386,0.0005097787083753572,0.8855701856298246,0.35802469135802467,0.3950617283950617,187.0,1.0,0.5574503613875615,0.5276446582918182,0.19134570350189198,0.037025746196777044,0.01171927201208149,0.0525653947238644,0.39401052955325233,0.07808245670731923,0.0525653947238644,1556261.3550611988,0
81,81,1.0,3.411111111111111,3.4159122085048015,0.8430056530008239,-0.00047689345516878324,0.7903513327800532,0.2716049382716049,0.3333333333333333,187.33333333333334,1.0,0.5907069381145744,0.2862365877318238,0.041209012994098224,0.06470107705398452,0.04690632493213134,0.17384557529093844,0.05236328254525464,0.014304993464468285,0.17384557529093844,1560481.0852862264,1
81,81,1.0,3.466666666666667,3.547119341563786,0.8172754216328999,-0.00017919945447875037,0.8465571282170273,0.25925925925925924,0.3333333333333333,188.0,1.0,0.6716016496672386,0.4526306250493166,0.2858999337934046,0.029780674444680907,0.03804118072858647,0.4768412508377693,0.38355701681363713,0.08570896250639004,0.4768412508377693,1571629.1483713014,0
81,81,1.0,5.4,5.43292181069959,0.8798106510870071,0.0008661799129232568,0.9597778114427106,0.37037037037037035,0.3950617283950617,188.0,1.0,0.3679968040093797,0.5929019616968035,0.18705239625033707,0.005954562705755162,0.00601175483671283,0.07489584575130398,0.39085130499899173,0.06131035871577232,0.07489584575130398,1572961.921251176,0
81,81,1.0,3.45,3.37880658436214,0.7977369108542285,8.85008283738562e-05,0.8132025049225586,0.25938271604938257,0.30864197530864196,193.0,1.0,0.8719052168251271,0.24588407176178423,0.01390202807051486,0.04259617988246718,0.04670943625455539,0.47325949752824853,0.5263695571940904,0.029833637709314676,0.47325949752824853,1656268.5114615273,0
81,81,1.0,3.7,3.568518518518519,0.8427915695718308,0.0003406628288854203,0.927381940840685,0.2716049382716049,0.2839506172839506,193.0,1.0,0.21911105118304938,0.5383992815364456,0.20621651434261307,0.005577376321954623,0.018845582229291176,0.05414722567747256,0.31183087782335356,0.07507599098712592,0.05414722567747256,1656392.5416103604,0
81,81,1.0,5.433333333333334,5.4337448559670785,0.8660111322982238,0.0012315175112515499,0.9687175603352519,0.37037037037037035,0.41975308641975306,195.0,1.0,0.5857699105594693,0.553149839312223,0.03952990430275148,0.16432284607596181,0.015155543769286886,0.23220667538270195,0.21825543805833397,0.06824747546512389,0.23220667538270195,1692135.7791758976,0
81,81,1.0,3.066666666666667,3.501440329218106,0.8887984663724302,0.0012574710497083176,0.90159947895242,0.2716049382716049,0.30864197530864196,196.0,1.0,0.47950748709767654,0.31738921825768696,0.10737041774034618,0.013967411870356213,0.15353690171476714,0.18531558568248013,0.31817696944260154,0.0036877276333299293,0.18531558568248013,1708018.247736401,0
81,81,1.0,3.216666666666667,3.5378600823045274,0.8353807790390168,-0.0002786113303716833,0.8479279593656701,0.25925925925925924,0.2839506172839506,196.0,0.995,0.5727465929314115,0.473876639440689,0.2867350034439724,0.00987436604355966,0.14554701200496437,0.5077091214049461,0.2704643391787069,0.08240322167625491,0.5077091214049461,1708065.0720699274,0
81,81,1.0,3.533333333333333,3.5236625514403292,0.7471061871335599,0.0008416871480785989,0.8820413625304135,0.2716049382716049,0.2962962962962963,201.0,1.0,0.8499576804422742,0.3579176482037541,0.28594814641111144,0.17598026126089128,0.058768909534780145,0.6542148384617374,0.378341977958142,0.09909251799832078,0.6542148384617374,1796412.149901946,0
81,81,1.0,2.35,3.3654320987654316,0.5752894944261459,0.0010616051430752693,0.6039031548055759,0.25925925925925924,0.30864197530864196,202.0,0.57,0.7675312287364096,0.08446237222211501,0.2832449941918505,0.02934244716137162,0.007099331551015835,0.037712787145914244,0.5482253058764397,0.04236043653007639,0.037712787145914244,1813943.8627857035,0
81,81,1.0,4.8,4.955761316872429,0.705901059033204,7.67634409341612e-06,0.6860269185523494,0.3458024691358023,0.3950617283950617,203.0,1.0,0.8621620750563534,0.27435530839501254,0.26717648048425485,0.01176326546003771,0.014746477483802334,0.026729799040176798,0.18204674629579137,0.06749796966982027,0.026729799040176798,1833178.0048728958,0
81,81,1.0,3.316666666666667,3.4469135802469135,0.7303911705103622,0.0016317208566991707,0.853997134670487,0.2716049382716049,0.30864197530864196,204.0,1.0,0.9703165265020333,0.1883680031671885,0.0408496464966983,0.021066911034882365,0.08622181770559358,0.36604794581678113,0.4510588898362819,0.03841124741955218,0.36604794581678113,1850323.364784497,0
81,81,1.0,3.2666666666666666,3.4380658436213993,0.6968943830130704,0.0011557688542638887,0.8327965966445229,0.2716049382716049,0.2962962962962963,205.0,1.0,0.7169895169943896,0.23369355528987734,0.13601627739775593,0.13936311569366658,0.023839598865367555,0.03411891289001982,0.40871980412249415,0.06128847196823363,0.03411891289001982,1868484.2438175597,0
81,81,1.0,4.7,5.324485596707819,0.8651407371201131,4.1280250906432585e-05,0.7919433602555682,0.35802469135802467,0.3950617283950617,205.0,1.0,0.4360051542444156,0.44145535980027273,0.237710550563397,0.05372693430577044,0.14396073900615197,0.031078891443384937,0.16796890360605407,0.029153112579633635,0.031078891443384937,1869459.7254292436,0
81,81,1.0,4.95,5.1158436213991765,0.8321470586320276,-0.00029268676579211164,0.745192387617477,0.345679012345679,0.4074074074074074,205.0,1.0,0.46378537319927376,0.3442016316147096,0.14502543442576946,0.029042565526735155,0.06312825671766685,0.024988693124076623,0.485289886839612,0.012068713726779935,0.024988693124076623,1869544.8089631624,0
81,81,1.0,5.116666666666666,5.1559670781893,0.8310903756796456,-0.0010458650949473627,0.76160880091521,0.35802469135802467,0.4074074074074074,209.0,1.0,0.5386611591780606,0.45335084511897317,0.07288821268031521,0.07832466394169588,0.03372572577382916,0.03909670837517678,0.42593883299913293,0.06508702694567879,0.03909670837517678,1943256.2238425068,0
81,81,1.0,3.433333333333333,3.494650205761317,0.6935604631003996,-0.000423379139868035,0.7138232061548123,0.25925925925925924,0.2962962962962963,210.0,1.0,0.8197313079389856,0.2544636301458566,0.23783357056600626,0.017898703292165023,0.12697720131996162,0.08923004595292215,0.05648138169125838,0.07786558664111834,0.08923004595292215,1960761.7274509082,0
81,81,1.0,3.2,3.464197530864197,0.7099095651977664,-0.0021999905507310135,0.5882537419814683,0.25925925925925924,0.30864197530864196,211.0,0.98,0.7785653702141522,0.25439176923165574,0.2525732935169909,0.11981773584387542,0.031792451939220416,0.1175345091884532,0.07809243285695207,0.07058796814751347,0.1175345091884532,1979385.1121695198,0
81,81,1.0,5.016666666666667,5.049382716049383,0.763955753604143,-0.0006570478297942057,0.7319478402607987,0.35802469135802467,0.3950617283950617,211.0,1.0,0.8620761310873684,0.36863437449075925,0.031293800832968906,0.08767549510231351,0.0065936376314455585,0.17619647512202216,0.2646205150258136,0.07266129329024039,0.17619647512202216,1980516.4430251026,0
5,5,1.0,0.85,0.9633333333333333,0.4958380797551682,0.016081446350148455,0.933558246828143,0.4,0.6,213.0,0.025,0.4054939737816822,0.052051149257513335,0.2366087378912829,0.025137671573810604,0.1010504148929727,0.18300932248162088,0.25446173221583185,0.05727014824881643,0.18300932248162088,2016614.2632164992,0
81,81,1.0,3.4833333333333334,4.954320987654321,0.7844409588090901,-0.0003302352645368578,0.5541930392889775,0.3333333333333333,0.37037037037037035,215.0,0.965,0.8228642945023297,0.16964821047373607,0.1687587972349637,0.2476208903233392,0.1257995934523823,0.28118179426245143,0.5063034866148212,0.0007706978821674815,0.28118179426245143,2055487.2988906123,0
81,81,1.0,4.983333333333333,4.987242798353909,0.7896112116825561,-0.0004642092080431792,0.7723241741617843,0.3458024691358023,0.38271604938271603,215.0,1.0,0.6499920532176939,0.4113167499328704,0.02991000109938685,0.10346769577410321,0.09448180918357717,0.031171945900051973,0.21288106912266835,0.07673370133500969,0.031171945900051973,2056202.973678263,0
81,81,1.0,4.3,5.2481481481481485,0.906788259981662,0.00027807760921955675,0.8657547243785776,0.35802469135802467,0.38271604938271603,216.0,1.0,0.8423087152348536,0.3837708367462769,0.23134668688290536,0.24736798776482755,0.10682822965046981,0.8479320477258452,0.349769237891861,0.011446459566749157,0.8479320477258452,2075061.3430848094,0
81,81,1.0,3.316666666666667,3.4991769547325102,0.6066039606273793,0.0002068177102354814,0.7181743698302561,0.2716049382716049,0.30864197530864196,223.0,0.985,0.9352708957070581,0.19954816897136612,0.29993734308092673,0.1436823423785704,0.10839324322349703,0.08405624403365085,0.4959986196637105,0.09737732414710601,0.08405624403365085,2210907.761653816,0
81,81,1.0,3.683333333333333,3.669753086419753,0.8129963462241975,-0.0005075244469028772,0.8302565180824222,0.2839506172839506,0.32098765432098764,226.0,1.0,0.4878295411940882,0.45154725296086623,0.04502896298854076,0.009561832649102008,0.006597998284342182,0.15485932058675878,0.2522924389839508,0.07478456638335393,0.15485932058675878,2270924.4754672963,0
81,81,1.0,3.7666666666666666,3.7648148148148146,0.8533028377782348,0.0003101156445247263,0.8847343826856862,0.2839506172839506,0.345679012345679,227.0,1.0,0.21959254199469058,0.5067331625825269,0.2052911371139666,0.012090204390986823,0.23176218654469152,0.032184701536811466,0.3497698773219499,0.06527474104669012,0.032184701536811466,2291101.5335999047,0
81,81,1.0,5.016666666666667,5.039094650205762,0.8173939224280664,0.0009741684791638198,0.9142439090785354,0.345679012345679,0.38271604938271603,227.0,1.0,0.9869999434186301,0.4659143122597726,0.027316218736474895,0.1591279100337958,0.019762058854137836,0.5252752077045697,0.5602590652354345,0.08725808704046145,0.5252752077045697,2291954.6853522738,0
81,81,1.0,3.8333333333333335,3.8197530864197535,0.8757030168460517,-0.0006228031813015817,0.8751260504201681,0.2839506172839506,0.32098765432098764,228.0,1.0,0.22204729059445472,0.5294363186351887,0.09461538521924208,0.06428239119250759,0.01118681181883775,0.09958489799184643,0.4059370738484143,0.060719920011194556,0.09958489799184643,2311356.034317529,0
81,81,1.0,5.05,5.076131687242799,0.7937403522726159,-0.0004695364358603188,0.7747804350763412,0.35802469135802467,0.43209876543209874,228.0,1.0,0.6496412720797675,0.45613697057737296,0.1026754361971139,0.03775658047847043,0.1646297072208694,0.0342928731102569,0.13989837333148974,0.08632480873818676,0.0342928731102569,2312218.5168159404,0
81,81,1.0,3.033333333333333,3.5960905349794237,0.7350150164050251,0.0002096871384695787,0.6982387328107417,0.2716049382716049,0.30864197530864196,235.0,0.95,0.5952046042629136,0.25213612502741517,0.2916896817352039,0.04066140497607395,0.01674831034401455,0.029023411674121712,0.2572011320809922,0.045805672836128825,0.029023411674121712,2455070.087613962,0
81,81,1.0,3.683333333333333,3.7541152263374484,0.8240077964327754,0.0002284019087778197,0.8675778752169543,0.2839506172839506,0.32098765432098764,238.0,1.0,0.5535435291632302,0.4258548085362836,0.17352913088284905,0.013075311413739037,0.09658946553020249,0.20916736368243324,0.21063428737996875,0.06768213378604696,0.20916736368243324,2518393.2239149204,0
81,81,1.0,4.083333333333333,3.9609053497942384,0.9525652617769382,-0.00018932223419453262,0.9653939393939392,0.2839506172839506,0.30864197530864196,242.0,1.0,0.7802351504609912,0.5482174925007309,0.14554256854166425,0.02794213970710935,0.007722669113229941,0.9856802495716512,0.2500788060577451,0.03530056890674251,0.9856802495716512,2603915.956923823,0
81,81,1.0,4.1,3.8090534979423865,0.800117686002772,0.0017812343756426624,0.9617055603572459,0.2962962962962963,0.345679012345679,242.0,1.0,0.8222540041101596,0.42509819989077063,0.23886821711532794,0.03870472547802175,0.011503094273181682,0.539036425996107,0.325609374411719,0.08685163119647893,0.539036425996107,2603919.780927579,0
81,81,1.0,3.683333333333333,3.6434156378600826,0.7908801469034638,0.00022737804828517027,0.8185417254946254,0.2716049382716049,0.32098765432098764,244.0,1.0,0.7132108716044827,0.2868826827324501,0.030926307423639176,0.10207780312140824,0.025065418363866995,0.21015644727244776,0.11437056940558513,0.03634214901784442,0.21015644727244776,2646901.4330618405,0
81,81,1.0,4.7,5.036625514403292,0.819070586501383,0.00022003563388886942,0.8074676580330636,0.35802469135802467,0.43209876543209874,244.99999999999997,1.0,0.5149801706941883,0.4831086924707751,0.2863943945696059,0.22975359036643248,0.07824772345263897,0.02037899846911113,0.3592544485612398,0.08572995983522452,0.02037899846911113,2669387.829872421,0
81,81,1.0,4.55,4.733333333333333,0.7930425002167071,0.0008582291061675531,0.7897165710311249,0.3333333333333333,0.38271604938271603,246.99999999999997,1.0,0.99922070585915,0.2387845643709458,0.14478122780878497,0.13831927697895383,0.04292218733821919,0.4650766307120282,0.08610024896100711,0.02074476020330386,0.4650766307120282,2712965.667590267,0
81,81,1.0,5.016666666666667,5.0016460905349795,0.8099154953084656,-0.0003375557709424296,0.8035170862816082,0.35802469135802467,0.4074074074074074,246.99999999999997,1.0,0.6605641282712789,0.454324031470203,2.881216799870412e-05,0.007653450305078368,0.018928074287396658,0.095442074832407,0.502740237881443,0.07713963860397556,0.095442074832407,2713283.73472984,0
81,81,1.0,4.916666666666667,4.959259259259259,0.8822346100062732,0.0017083712281259792,0.9384557298149533,0.345679012345679,0.3950617283950617,248.00000000000003,1.0,0.7405424703752947,0.41221892454418485,0.16936178586285086,0.006254418326837283,0.023780913801363993,0.41825848283937517,0.13117607137059284,0.014485349972313944,0.41825848283937517,2735203.8015215625,0
81,81,1.0,3.533333333333333,3.6106995884773667,0.7322549244122075,-0.001119333345681356,0.695093078033584,0.2716049382716049,0.2962962962962963,249.00000000000003,1.0,0.9733299163102707,0.23766820400738525,0.06379785711287791,0.0058603709763043535,0.1833971078936907,0.35663304384305433,0.5032851699552668,0.061594711541816755,0.35663304384305433,2756394.464198585,0
81,81,1.0,4.533333333333333,4.777229080932785,0.7849155137944372,0.0012069610119799796,0.8068277213065588,0.345679012345679,0.38271604938271603,251.33333333333334,1.0,0.6522289830045876,0.26246153248777926,0.04886959837658164,0.03311070437420711,0.3,0.04345453402119369,0.3248082447787344,0.019641954662598687,0.04345453402119369,2808949.8226491017,1
81,81,1.0,3.5833333333333335,3.8512345679012343,0.8427005409395878,0.0003846725877556216,0.8975896244056204,0.2839506172839506,0.3333333333333333,254.0,1.0,0.283266428142428,0.47617771797341624,0.2501708455123258,0.03427045206380526,0.022770274625276147,0.031018895451172368,0.599726868965204,0.06133129324395125,0.031018895451172368,2868221.5054716235,0
81,81,1.0,4.233333333333333,4.737654320987654,0.7391145832189802,0.0002744294874453755,0.671558089033659,0.3333333333333333,0.3950617283950617,254.0,0.99,0.8443588941046831,0.20704432419269064,0.1980916897867709,0.006051676773551333,0.021920042989300944,0.13103748540357776,0.48676679842254617,0.02219817421092476,0.13103748540357776,2868679.2943403223,0
81,81,1.0,4.866666666666666,4.847119341563786,0.7187496792949207,0.000750856839435102,0.7781940965884169,0.3458024691358023,0.38271604938271603,254.0,1.0,0.8995529611539785,0.30433364297591553,0.010725400767328974,0.040877500014129896,0.06022790125879821,0.02189058673148576,0.22548089432233887,0.08872912225265682,0.02189058673148576,2869028.859574294,0
81,81,1.0,5.133333333333334,5.2181069958847734,0.916108255852918,0.0010003026852146775,0.9926393270241852,0.35802469135802467,0.4074074074074074,255.0,1.0,0.2016454744516959,0.5921023882627962,0.12355546984817024,0.04501504968206922,0.28041667292499756,0.11020576974347318,0.5784991523220238,0.03227719804758109,0.11020576974347318,2891867.1371436953,0
81,81,1.0,3.65,4.157407407407407,0.9527662857358475,-0.0006099103833659341,0.9049059638703292,0.2839506172839506,0.32098765432098764,258.0,1.0,0.32852160702010147,0.5644016938468154,0.24737079966109465,0.20698328490946533,0.044157443909526174,0.7229648979604943,0.33584169545018294,0.019344178749855525,0.7229648979604943,2959304.8292112183,0
81,81,1.0,4.533333333333333,5.190329218106996,0.9462638692004051,0.00023618474428568678,0.9230508754542452,0.3333333333333333,0.37037037037037035,258.0,1.0,0.6030423601556236,0.5702929366308469,0.29286706993812833,0.11860735453679672,0.005359750771172184,0.6236547590399267,0.504695335944629,0.02329467089404197,0.6236547590399267,2959910.5551391244,0
81,81,1.0,4.7,4.781687242798354,0.773893751840468,0.0010321344889626472,0.8322990805685844,0.345679012345679,0.38271604938271603,258.0,1.0,0.7548982677623322,0.3491924886292953,0.10431871641735559,0.02799328435462626,0.02082807155039393,0.1548768960305642,0.175309813740533,0.05811396785133526,0.1548768960305642,2959945.2079063104,0
81,81,1.0,4.883333333333334,4.902674897119341,0.8468767878139689,-0.00046925950479474325,0.828854590730404,0.345679012345679,0.38271604938271603,258.0,1.0,0.4920058108068472,0.4977651879648653,0.018986936467582226,0.13766892576670473,0.054350183350199734,0.12605293768663858,0.1392885517162826,0.0594573782356606,0.12605293768663858,2960058.9956763536,0
81,81,1.0,3.4833333333333334,3.7502057613168716,0.825621567259596,0.00011336066911624917,0.767303485862687,0.2839506172839506,0.345679012345679,261.0,1.0,0.5816592045098796,0.2253069080243315,0.06838638411976379,0.057311612343587205,0.16998545292915462,0.03983397855447965,0.19351507788952116,0.0026851934752466725,0.03983397855447965,3028389.4011344677,0
81,81,1.0,4.65,4.729423868312757,0.7471869335589981,-0.0008287202668940869,0.63232361685157,0.3333333333333333,0.38271604938271603,261.0,1.0,0.7114651040532702,0.24782043315418162,0.17033219506196687,0.14893299001512875,0.012331546747146547,0.08396925364908737,0.3078770242757384,0.029786622627651162,0.08396925364908737,3029098.428062392,0
81,81,1.0,3.8666666666666667,3.9181069958847745,0.8792428951238338,-0.0008646654980745531,0.8769243426810909,0.2839506172839506,0.3333333333333333,262.0,1.0,0.32507731992286915,0.5850578257811815,0.09620047238082115,0.04315277263285304,0.1355934768502803,0.2618466733901138,0.5346984970020107,0.07086352018966859,0.2618466733901138,3051804.7377927965,0
81,81,1.0,4.05,4.054320987654321,0.8744424256691546,1.2071108862427084e-05,0.9191352009744214,0.2964197530864196,0.35802469135802467,265.0,1.0,0.4265368452555731,0.5200737988724783,0.0476437501482336,0.04509953341543868,0.1621823636181013,0.3251480985847473,0.15528104670685808,0.05098987108635636,0.3251480985847473,3122177.7739622337,0
81,81,1.0,4.716666666666667,4.722222222222221,0.8053436692842588,0.0007316703857108064,0.8687799564270153,0.3333333333333333,0.37037037037037035,268.0,1.0,0.6205036185298033,0.3974633465266125,0.011690544583226326,0.04480413647206037,0.2375624454592953,0.11705549330563636,0.3658523603025935,0.05316124247090717,0.11705549330563636,3193699.9919890705,0
81,81,1.0,3.8333333333333335,3.77119341563786,0.7323395186894023,0.0005720400530246922,0.8330801687763714,0.2839506172839506,0.3333333333333333,269.0,1.0,0.8074148004316639,0.3384742146167724,0.1145136642250319,0.08360032961672968,0.04574974007123192,0.2393031339188016,0.35205919195661856,0.09251620988818608,0.2393031339188016,3216974.5583585775,0
81,81,1.0,4.133333333333334,4.1193415637860085,0.9648605307590925,0.0009366099036497178,1.0567099567099567,0.2962962962962963,0.3333333333333333,270.0,1.0,0.7230928088547155,0.523868630891672,0.06006019304117985,0.0164559233027108,0.022091834483619496,0.9476866319865116,0.4481307414910568,0.027159694424796422,0.9476866319865116,3241106.6610739282,0
81,81,1.0,4.583333333333333,4.8506172839506165,0.8482805260150265,0.00031145556184101624,0.8843446169508781,0.32111111111111096,0.37037037037037035,271.0,1.0,0.32041986433694203,0.5263820822491289,0.22507133602062182,0.02624974174099388,0.010833486207391201,0.03344323670199358,0.24138844144178867,0.06906224920438334,0.03344323670199358,3265502.93642959,0
81,81,1.0,4.8,4.985802469135802,0.9229906440179948,0.001122018951357069,1.0273643266889523,0.3333333333333333,0.37037037037037035,271.0,1.0,0.9341538057367302,0.540120008055219,0.006274698140048073,0.07113161354146591,0.005587238246994301,0.831541327335005,0.5238473085004347,0.0533994533000577,0.831541327335005,3265647.9289502194,0
81,81,1.0,3.9166666666666665,3.953703703703703,0.8000507254706978,0.001105496602255078,0.9148386677075202,0.30864197530864196,0.3333333333333333,273.0,1.0,0.5331359588442794,0.41712326845622894,0.07534239593911993,0.007203569985138605,0.03857093551173482,0.04145498982816373,0.32669032734651776,0.07668989494699517,0.04145498982816373,3313402.208888317,0
81,81,1.0,5.0,4.930658436213991,0.8742497282745492,0.00036732098007300114,0.9057596433390365,0.345679012345679,0.3950617283950617,273.0,1.0,0.32630480226101055,0.5124268121807874,0.09962572014432582,0.01869305004471866,0.010288955439269982,0.023341641560962422,0.548286782409754,0.045169375766564705,0.023341641560962422,3314116.41851548,0
81,81,1.0,4.533333333333333,4.684773662551441,0.7105144857016698,-0.0006340884023789314,0.6946720543452799,0.33345679012345664,0.37037037037037035,275.0,1.0,0.8841815794296561,0.3231256192192956,0.2564498603142818,0.07727731126072258,0.1678485506051439,0.0439749919226777,0.27555692166949675,0.08986153874068938,0.0439749919226777,3362535.1499354094,0
81,81,1.0,4.7,4.742181069958848,0.9218278343662323,0.0003971485959174521,0.8965730174570806,0.3333333333333333,0.35802469135802467,277.0,1.0,0.7015583988580429,0.40637816120228654,0.03528136442687169,0.01423305135502874,0.10947231399866728,0.5076746078491409,0.42675282506071255,0.0063945240749637595,0.5076746078491409,3411683.5025806422,0
81,81,1.0,3.95,4.052880658436214,0.9177966977789925,0.0005030281440252039,0.9410224061193752,0.2962962962962963,0.3333333333333333,279.0,1.0,0.26975059279100155,0.545637295636299,0.24202165842906675,0.05604092275418671,0.08907225993656245,0.28115632667422286,0.5062734944963331,0.027438938315864428,0.28115632667422286,3460610.339050263,0
81,81,1.0,4.016666666666667,4.295473251028807,0.9511542654636007,0.0005834426204404144,1.0346030529475634,0.2962962962962963,0.3333333333333333,279.0,1.0,0.5381735255563498,0.5895611300545514,0.129320168577722,0.006087586460165481,0.011255636500444878,0.7140713532557813,0.3592317365586635,0.032337721576892076,0.7140713532557813,3460672.670513275,0
81,81,1.0,3.566666666666667,3.8493827160493828,0.6924181622692779,-0.0001799129905245317,0.7104212101774642,0.2839506172839506,0.32098765432098764,280.0,0.99,0.7967587041410582,0.2538418785714055,0.2781806396191696,0.010539775282716376,0.017081392376377992,0.1055341901001286,0.3141332565177473,0.06999304023746258,0.1055341901001286,3485271.9761188547,0
81,81,1.0,4.066666666666666,4.0434156378600825,0.8635574262444123,-5.851934844340741e-05,0.8880972130341117,0.2964197530864196,0.32098765432098764,281.0,1.0,0.2180941831096022,0.5296196724135646,0.09400600393009413,0.2463598749365889,0.020532744238872993,0.07207902965114368,0.21796573163050886,0.05855134953816346,0.07207902965114368,3510437.5960124987,0
81,81,1.0,3.6333333333333333,3.864609053497942,0.869896680778131,0.0008447971669334609,0.8554357008483299,0.2962962962962963,0.345679012345679,282.0,1.0,0.5235729508935594,0.2859438253564489,0.03874533038885165,0.005,0.18468689028907131,0.08501153853017947,0.3925380615891464,0.0,0.08501153853017947,3535254.360821214,1
81,81,1.0,3.8,3.8423868312757197,0.7598772755435715,-0.001036034395219378,0.7411841776444968,0.2839506172839506,0.345679012345679,284.0,1.0,0.7057080940001337,0.374400648047574,0.2793959447154229,0.012776444546162209,0.008196352065569196,0.12545412860189545,0.413816894755507,0.09816024369131277,0.12545412860189545,3585623.8279082263,0
81,81,1.0,4.066666666666666,4.033333333333333,0.8440944544657767,0.0007425952067232281,0.9230007142128354,0.2962962962962963,0.3333333333333333,285.0,1.0,0.3097519644458226,0.5053823664384841,0.1203913274624742,0.25579917218673254,0.025291996289751362,0.03139533928472985,0.1096259743506232,0.0718167455552816,0.03139533928472985,3611056.3338924544,0
81,81,1.0,3.8833333333333333,3.983539094650206,0.7612216324956259,-0.00037293790421051847,0.7991391184573005,0.2962962962962963,0.3333333333333333,286.0,1.0,0.6172200977059341,0.38178757911777805,0.17329778763258372,0.01695695339090332,0.04894622584028438,0.0249005327546817,0.13251907481729452,0.08791075936683179,0.0249005327546817,3636351.5548209944,0
81,81,1.0,3.95,4.3539094650205765,0.9473573443331768,0.0009201676576524017,1.0207624448645243,0.2962962962962963,0.4074074074074074,287.0,1.0,0.3258015108110165,0.5729763988375134,0.23688967713644402,0.17732258673090925,0.006056212405156072,0.5031519066443716,0.20358076164959388,0.019877750292637865,0.5031519066443716,3661893.528167426,0
81,81,1.0,3.966666666666667,3.938683127572016,0.7914678845120945,0.001103915031969048,0.940047713579215,0.2962962962962963,0.3333333333333333,288.0,1.0,0.8729823941539097,0.4460061155625943,0.01723047450680245,0.005540242819062525,0.07114883556957043,0.48070186476176036,0.09812228721521157,0.09707250807177437,0.48070186476176036,3687400.0132299704,0
81,81,1.0,4.522222222222222,4.57750342935528,0.7404883130531894,2.671469346865586e-05,0.7230013651649851,0.3333333333333333,0.4074074074074074,288.0,1.0,0.7096216173438277,0.23909460472321065,0.11638187821786919,0.0608211166966049,0.3,0.021285149636320583,0.3052862137983269,0.03334247182640969,0.021285149636320583,3687790.9778905287,1
81,81,1.0,4.566666666666666,4.580041152263375,0.8425542138440603,0.001001462063916211,0.9237251598604309,0.3333333333333333,0.3950617283950617,290.0,1.0,0.40101406253686545,0.42860692414847024,0.006079044221198626,0.024257723705502016,0.011866812669566048,0.044680152276342706,0.550949109141976,0.03261165967064418,0.044680152276342706,3739183.3092758544,0
81,81,1.0,4.483333333333333,4.560699588477367,0.8109337610376075,0.0006622631591551225,0.7638600646665162,0.3333333333333333,0.4074074074074074,291.0,1.0,0.5832268123185498,0.2910756020534298,0.11613909099901498,0.19298367588996612,0.036539380651681545,0.20747341389127982,0.3922007218012529,0.013317147429813448,0.20747341389127982,3764962.3824688103,0
81,81,1.0,4.0,4.322222222222223,0.8944477141195932,0.0011579239912681565,0.9580091402456442,0.30864197530864196,0.35802469135802467,292.0,1.0,0.9773519804958037,0.3687269700544566,0.20240043819265494,0.11965546697361468,0.016418534767736175,0.9457463490280729,0.13593839166423455,0.0257575102546457,0.9457463490280729,3790582.8498172276,0
81,81,1.0,4.75,4.611111111111111,0.9166925286351,5.67915522610467e-05,0.9727130745203033,0.30864197530864196,0.35802469135802467,293.0,1.0,0.894430476503359,0.5945652217259929,0.06630323399434392,0.03522737039656627,0.020440383784595485,0.8626634726277665,0.565381573468213,0.07426015513347076,0.8626634726277665,3816986.46616762,0
81,81,1.0,3.4833333333333334,3.9769547325102885,0.7791621002876943,0.0014459922514922883,0.7571757726269316,0.2962962962962963,0.3333333333333333,294.0,0.995,0.6002851445894968,0.25224854257220963,0.19224629299867627,0.2766883187416073,0.005661754802178274,0.08657959282365177,0.3389248549259065,0.022114053429510807,0.08657959282365177,3842405.5223195306,0
81,81,1.0,4.616666666666666,4.5320987654320986,0.6790087911900425,0.0017009515744867657,0.8281821483701081,0.3333333333333333,0.37037037037037035,294.0,1.0,0.9012296771332644,0.2889188379734917,0.16639941333394226,0.2711147446081623,0.005441056491934401,0.05379613562244699,0.5894058349130594,0.09954409266140334,0.05379613562244699,3843029.9061017986,0
81,81,1.0,3.95,4.076543209876542,0.8234399561191067,-5.5087991761664176e-05,0.8132323844134866,0.2962962962962963,0.3333333333333333,295.0,1.0,0.505194346111936,0.4085375459144897,0.18231920173731847,0.09442123535641046,0.01552733157200259,0.15870887674786563,0.5087713246613312,0.05433210652185734,0.15870887674786563,3868781.958622649,0
81,81,1.0,4.15,4.2444444444444445,0.8859560151133378,-1.2940961114528125e-05,0.8979716889664533,0.30864197530864196,0.345679012345679,296.0,1.0,0.21337825730830168,0.492369334497858,0.1307504338387857,0.01046106822489222,0.025955501698670592,0.054296948239685124,0.1215910578086937,0.02444241497926114,0.054296948239685124,3895168.6543816826,0
81,81,1.0,4.5,4.566049382716049,0.855945049924626,0.00017499241359126647,0.8599371366770311,0.30864197530864196,0.38271604938271603,296.0,1.0,0.3494349434830468,0.43810691555954934,0.24813280784977995,0.015476287004291316,0.009377632340542601,0.020527633431753865,0.35128861954720914,0.029348548497569273,0.020527633431753865,3895385.2877242127,0
81,81,1.0,4.7,4.58559670781893,0.8921953612138181,0.0006827915993913498,0.9745882317748062,0.32098765432098764,0.35802469135802467,296.0,1.0,0.7165767164599584,0.5616333194912587,0.08364472329873592,0.058614569279265345,0.009599510010152123,0.5895510235018488,0.11172381867859112,0.06789169189102236,0.5895510235018488,3895499.16356127,0
81,81,1.0,3.45,4.068106995884773,0.8119383738266249,-0.00043174230105152826,0.6494157267378144,0.2839506172839506,0.32098765432098764,297.0,0.985,0.42550226189163376,0.31611273397714873,0.28772457782815275,0.027061741331969758,0.018099447084228757,0.02302146868964075,0.3536985847120619,0.018902942813587023,0.02302146868964075,3921190.773138058,0
81,81,1.0,4.033333333333333,4.273868312757202,0.9161535050052267,-0.00014261693419086809,0.9371526808210167,0.2962962962962963,0.38271604938271603,298.0,1.0,0.5367371156939704,0.5100230551239087,0.04534383213546299,0.2134649222580275,0.12955498216258057,0.659739778962251,0.5569764783243174,0.027571222597292958,0.659739778962251,3947908.945816771,0
81,81,1.0,4.233333333333333,4.215637860082305,0.8591314874043675,-1.3142565776059341e-06,0.9037042821814395,0.30864197530864196,0.35802469135802467,298.0,1.0,0.5317201289129989,0.5406587764481161,0.005299789154117029,0.06722412554377198,0.016325132887230625,0.3441276178969067,0.22894153779061566,0.0749866980218287,0.3441276178969067,3948002.5997664514,0
81,81,1.0,4.35,4.431687242798354,0.9091478424092984,0.0006641983369528521,0.9261581081499363,0.30864197530864196,0.35802469135802467,298.0,1.0,0.6987918044300003,0.44578363906861246,0.15573997129505657,0.011323404165792937,0.03726543007182968,0.5986117195885777,0.2094863872411915,0.024003187482300327,0.5986117195885777,3948087.572158201,0
81,81,1.0,3.2333333333333334,4.243827160493828,0.8908782137661625,0.0002670610538445805,0.8806121212121212,0.2962962962962963,0.35802469135802467,299.0,1.0,0.5009908011424754,0.3851058571088076,0.1995686070855081,0.012239042604830375,0.006286374882007889,0.3597060608399127,0.3676096149551787,0.000767912102261259,0.3597060608399127,3974121.4125444186,0
81,81,1.0,4.3,4.386625514403293,0.8921179180770353,0.0012356589937733491,1.0017073189799395,0.32098765432098764,0.345679012345679,299.0,1.0,0.4808190901076695,0.5037968639009236,0.06752114219665385,0.007164868069018312,0.02599446498747739,0.32942918947354394,0.37603695866904835,0.03985102239098462,0.32942918947354394,3974600.854205947,0
81,81,1.0,4.283333333333333,4.41522633744856,0.8059169267478353,-0.00022828882907791794,0.810252275763507,0.32098765432098764,0.4074074074074074,300.0,1.0,0.7042542043547826,0.4457684635610574,0.2795063957334347,0.03188852772237507,0.03407221311902795,0.24935607756486916,0.572277191435933,0.0768247250025672,0.24935607756486916,4001224.7807341814,0
81,81,1.0,4.133333333333334,4.137860082304527,0.8657085441701514,0.00022430502352587352,0.8757749046908668,0.30864197530864196,0.35802469135802467,301.0,1.0,0.4080779581897786,0.3996102346597288,0.010172954924030442,0.1219620690967165,0.012497388807634515,0.17116147165566514,0.4840972905204024,0.01960980413704525,0.17116147165566514,4027809.8962874035,0
81,81,1.0,3.8444444444444446,4.036762688614541,0.8172594029075826,0.0015141042213042085,0.8515629861205501,0.2962962962962963,0.345679012345679,302.0,1.0,0.5379486498273967,0.2725731891637197,0.11187514122944377,0.3,0.049098765059430706,0.16183024213166067,0.4209952030067374,0.016768289963499175,0.16183024213166067,4054459.990427992,1
81,81,1.0,4.35,4.342386831275721,0.8609226878648699,-0.001293329319797535,0.8215491533990398,0.30864197530864196,0.345679012345679,302.0,1.0,0.4041699506212836,0.5996759675776636,0.089703399513981,0.009675139771498455,0.010300784514108065,0.1498211592662973,0.41424132558643345,0.09795252067723555,0.1498211592662973,4054738.877777581,0
81,81,1.0,4.8,4.840329218106996,0.8740836540160555,-0.000987758745084078,0.838308677662529,0.3333333333333333,0.35802469135802467,302.0,1.0,0.6256088575076164,0.582335902146335,0.13658743782313243,0.0291046394373055,0.01995109144301936,0.3091774978619326,0.3134930972940316,0.08580380618820482,0.3091774978619326,4055067.0322353453,0
81,81,1.0,4.1,4.168312757201646,0.855826850047309,-0.00014071792795458608,0.9082038371672095,0.2962962962962963,0.35802469135802467,304.0,1.0,0.8821062707845255,0.5023520525278823,0.07732000901153363,0.10405552107816815,0.014232275332724755,0.8049293462004522,0.37277779550913476,0.08171458538819233,0.8049293462004522,4108452.776531199,0
81,81,1.0,4.5,4.489711934156379,0.7126950968971177,0.0007594320272658065,0.8031775129850292,0.3333333333333333,0.38271604938271603,304.0,1.0,0.8482194816850392,0.3262651572246228,0.04661396478373165,0.01307921396626985,0.00819171238101123,0.041507736525646904,0.5677359262263442,0.09331484537746049,0.041507736525646904,4108732.1527536693,0
81,81,1.0,4.4,4.508847736625514,0.8391054348284114,-0.0012105049033936186,0.7965006312843212,0.32098765432098764,0.38271604938271603,305.0,1.0,0.4306623909182925,0.49061221156132606,0.08060665757610289,0.13711861015950333,0.031909576128792805,0.047977228776612986,0.09648965951302718,0.06846903811960502,0.047977228776612986,4135732.357533114,0
81,81,1.0,4.466666666666667,4.439300411522634,0.8579958423650275,-0.0013835793744004473,0.7713538045577444,0.30864197530864196,0.37037037037037035,305.0,1.0,0.3721745337303789,0.4830523523148028,0.06894534685120686,0.031339761599756065,0.010759049140096389,0.02073885069844199,0.2820631799077399,0.05706729312589814,0.02073885069844199,4135741.884744822,0
81,81,1.0,3.5166666666666666,4.486625514403293,0.7935453866086721,-0.00023886534449436188,0.6879595658488113,0.30864197530864196,0.345679012345679,307.0,0.985,0.9577246313953907,0.26294765657396024,0.28443068684208567,0.08652269373598591,0.16290734507393997,0.40757347782739267,0.4757972653082795,0.022467241068271238,0.40757347782739267,4189734.638836765,0
81,81,1.0,3.9833333333333334,3.976954732510287,0.7702559634604222,-0.0008927680563630115,0.6793612030905077,0.2962962962962963,0.345679012345679,307.0,1.0,0.7868723688589627,0.21201977586747872,0.1000908844450856,0.005302439493312762,0.025720779983306147,0.1999837446804285,0.16330749685201507,0.019080066775124638,0.1999837446804285,4189843.6272498793,0
81,81,1.0,3.9,4.184156378600823,0.8034766154593498,0.0004622943194173307,0.7921297434636504,0.30864197530864196,0.3333333333333333,309.0,1.0,0.8102128449971502,0.29422173873730495,0.19428206978688403,0.008557643432394724,0.23172629023826094,0.24008937127040625,0.058381422018733704,0.028967446816724165,0.24008937127040625,4244597.848762627,0
81,81,1.0,4.4,4.501440329218107,0.8166347941124403,0.0010711956954236423,0.9229381694626015,0.32098765432098764,0.35802469135802467,309.0,1.0,0.43618740453015664,0.5021083565107042,0.26280744763319325,0.0231264899267406,0.04008578455430203,0.030349566400014367,0.46717206432441266,0.08788343151379412,0.030349566400014367,4244883.116239046,0
81,81,1.0,4.716666666666667,4.671810699588478,0.9295454193660725,0.0003028465671081693,0.9527398517213537,0.3333333333333333,0.35802469135802467,309.0,1.0,0.4494651616083884,0.5382530557984593,0.10340239480353877,0.020577210351711048,0.021125171256673896,0.4024503810016576,0.24454773923718082,0.027126694401933205,0.4024503810016576,4245077.609498456,0
81,81,1.0,4.3,4.368312757201646,0.8374012768070284,-0.000735367072893273,0.783129219657717,0.30864197530864196,0.35802469135802467,313.0,1.0,0.5224903891577034,0.4277471349387976,0.09551048013919537,0.0050997848310354215,0.09916753257917199,0.13119829377589465,0.5447364724594382,0.045426678758379524,0.13119829377589465,4355377.751649557,0
81,81,1.0,4.033333333333333,4.114609053497942,0.8332996552514401,-0.0006156467876499106,0.8219392075477988,0.30864197530864196,0.37037037037037035,316.0,1.0,0.42704519115530487,0.4850543215261473,0.12315610335569553,0.24874239438612436,0.20561469494954907,0.1041307023132157,0.05175974557002535,0.07313715691484668,0.1041307023132157,4439084.587463085,0
81,81,1.0,4.133333333333334,4.287037037037037,0.8164780586524077,-0.0004896694385029954,0.8121730261579073,0.30864197530864196,0.345679012345679,316.0,1.0,0.5084698057840461,0.38322905989415895,0.19730156407282634,0.07877182611691723,0.00955733176138275,0.07457958358793976,0.5472883192954745,0.04552101955437519,0.07457958358793976,4439153.266057768,0
81,81,1.0,4.188888888888889,4.231687242798355,0.792609942324572,0.0004904024611236544,0.803076598917307,0.32098765432098764,0.4444444444444444,316.0,1.0,0.6679673036852829,0.2529820467998579,0.03253730776520514,0.011322654611118442,0.07912716819236082,0.04450693021002127,0.32792463446642384,0.021689245368046055,0.04450693021002127,4439187.97196551,1
81,81,1.0,3.15,4.336831275720164,0.7133652680825572,0.001012389697019679,0.6701674020654427,0.30864197530864196,0.345679012345679,317.0,0.925,0.7319873970895687,0.17039216058535522,0.22700270896241465,0.005994421786626881,0.0268738457919164,0.028667678237143984,0.3762406987009709,0.02486359202264329,0.028667678237143984,4466911.146448335,0
81,81,1.0,4.05,4.061934156378601,0.6254695378444846,0.0005437069814501428,0.7229217533728451,0.30864197530864196,0.345679012345679,318.0,1.0,0.9772787307575104,0.17545816599884545,0.011096503912582078,0.029166106434949417,0.019013290317718173,0.029675818206471808,0.3004744365935514,0.0714613560094201,0.029675818206471808,4495453.176537899,0
81,81,1.0,3.816666666666667,4.049588477366254,0.8511365953267402,0.000649728172152395,0.8247242687532814,0.30864197530864196,0.35802469135802467,320.0,1.0,0.7065279568292462,0.25270388555978546,0.07922498302606494,0.22578229589341495,0.014641468428289079,0.5039672733298516,0.4070923357818615,0.003910428429470103,0.5039672733298516,4552044.857089315,0
81,81,1.0,3.283333333333333,4.3440329218107,0.8113795514388277,0.00031527550560859563,0.6712340533030189,0.30864197530864196,0.37037037037037035,328.0,0.935,0.5102152925247632,0.25313740062177104,0.28206518756684107,0.27930990402872313,0.014523287502389117,0.03624234349216947,0.3610410843825278,0.017449441012667124,0.03624234349216947,4782276.637467888,0
81,81,1.0,3.4,3.925102880658437,0.5447260505052557,-0.0006256753080810508,0.5345131753687006,0.2962962962962963,0.3333333333333333,335.0,0.84,0.9715690721282859,0.09252809846032028,0.26111008238840133,0.00923744101047851,0.00721035073400208,0.129428755044005,0.22526437026559093,0.061164000088029094,0.129428755044005,4988533.498110315,0
0,0,0.0,,,,,,,,,0.0,0.29548784948439205,0.05,0.1774524846593039,0.07349431266740311,0.01499574467145246,0.13860473615461533,0.21119489288770876,0.051214389636248074,0.13860473615461533,inf,1
0,0,0.0,,,,,,,,,0.0,0.27248502246544143,0.05,0.1724139687732425,0.013703060901735006,0.04239365902791742,0.05445986848073577,0.06571103240865792,0.021279544993876486,0.05445986848073577,inf,1
4,4,1.0,,,,,,,,,0.02,0.2,0.1751874947721827,0.09129707401426417,0.005,0.11843152692089164,0.041758475652932336,0.25471462073530654,0.00120100574995817,0.041758475652932336,inf,2
0,0,0.0,,,,,,,,,0.0,0.2226142853778576,0.13950457774566782,0.09044863310784938,0.008355827148004103,0.20708528939010798,0.04536888281408085,0.2882337435461404,0.0,0.04536888281408085,inf,2
0,0,0.0,,,,,,,,,0.0,0.4001757869343681,0.056039468057623026,0.04319416235938054,0.020583228990472477,0.14291456009142864,0.8013904212456584,0.5373065813647344,0.058317928672192036,0.8013904212456584,inf,0
0,0,0.0,,,,,,,,,0.0,0.3313495633003539,0.05,0.1195903684083396,0.033263513852417555,0.08379491609860763,0.34781831912326255,0.3697192908342071,0.025446703224629122,0.34781831912326255,inf,1
1,1,1.0,,,,,,,,,0.005,0.5664636483888954,0.07143302651663688,0.08690861243134247,0.07699011990143884,0.008541517092893901,0.04376939234378679,0.14466429097368,0.0026204633628195365,0.04376939234378679,inf,0
3,3,1.0,,,,,,,,,0.015,0.34710284297068783,0.1324191886001181,0.11142491762429721,0.005753502536532671,0.1702172254072689,0.0635600564135784,0.29093513503417606,0.0,0.0635600564135784,inf,2
0,0,0.0,,,,,,,,,0.0,0.2519062099250992,0.05,0.1537179359535308,0.021564579073475972,0.01763429356425033,0.043120182511534204,0.1307563344727652,0.01710269234649502,0.043120182511534204,inf,1
0,0,0.0,,,,,,,,,0.0,0.23083311158707964,0.12157676723607296,0.017355937126973774,0.18904704243445747,0.0067360820366390755,0.0577800882110206,0.5032318399328348,0.04683101527284677,0.0577800882110206,inf,0
1,1,1.0,,,,,,,,,0.005,0.6696715756411808,0.05,0.07505842026740163,0.008706965323749614,0.03934261187732525,0.5927183171875111,0.6,0.012388953723070244,0.5927183171875111,inf,1
1,1,1.0,,,,,,,,,0.005,0.2334201533843031,0.16360673239867846,0.09269348099358946,0.005,0.005,0.02,0.3085010264491911,0.0844972929116882,0.02,inf,1
2,2,1.0,,,,,,,,,0.01,0.45809421896924163,0.05,0.17523748003437659,0.05512367301979691,0.3,0.5159133339426616,0.18042775600124233,0.02989546243729352,0.5159133339426616,inf,1
0,0,0.0,,,,,,,,,0.0,0.22958891823122834,0.14721505304542917,0.09481532878386274,0.028528293604162838,0.21394924319921632,0.22899404245858992,0.34201074934742237,0.026920595074316434,0.22899404245858992,inf,1
0,0,0.0,,,,,,,,,0.0,0.2987296459718959,0.1096732872082715,0.09591380978878306,0.005,0.14794938766255197,0.0655601093273314,0.31047562575395266,0.002851105265888731,0.0655601093273314,inf,2
0,0,0.0,,,,,,,,,0.0,0.63039534338721,0.05,0.015539451610563979,0.017956311650944315,0.025674929244471317,0.6792781170690512,0.47863772935841803,0.0009113660190758475,0.6792781170690512,inf,1
1,1,1.0,,,,,,,,,0.005,0.4571916439356163,0.0916194613876862,0.1006097793422136,0.005072327190539,0.08979063967066613,0.09147689641682336,0.26733720531596683,0.017926768679457708,0.09147689641682336,inf,1
0,0,0.0,,,,,,,,,0.0,0.2028829635761082,0.1516300950181813,0.05654708411184338,0.13104301324214027,0.012251914554495282,0.4740095593273582,0.11682880788704696,0.004491939478791534,0.4740095593273582,inf,1
0,0,0.0,,,,,,,,,0.0,0.36312590407827017,0.11324833626828695,0.00906081341529249,0.21567927043183485,0.15335555370415124,0.027419384522707962,0.541731410833066,0.05095451291667785,0.027419384522707962,inf,0
0,0,0.0,,,,,,,,,0.0,0.2,0.07578631977923415,0.09399363817838947,0.012126916796662454,0.005,0.046886351808083745,0.26664916945027933,0.08246904960607118,0.046886351808083745,inf,1
0,0,0.0,,,,,,,,,0.0,0.2316743013313623,0.17426562494017558,0.059621822092599794,0.09637291327174057,0.2201323419316254,0.024270371437168526,0.22847765032891504,0.04734987759415517,0.024270371437168526,inf,0
0,0,0.0,,,,,,,,,0.0,0.8067059385319324,0.05,0.0,0.013746542359205135,0.09579917211976981,0.32998932060673325,0.5635293624409938,0.01963092570638572,0.32998932060673325,inf,1
1,1,1.0,,,,,,,,,0.005,0.2,0.13479105475377068,0.12943383108884898,0.011173921419785801,0.04458595504884985,0.057514077921096966,0.05,0.028982164061820262,0.057514077921096966,inf,1
0,0,0.0,,,,,,,,,0.0,0.26395400448649514,0.10948774802082667,0.04884649374159487,0.058856104958250804,0.005605510744112576,0.17487448822572454,0.17058520640476832,0.02824518866017588,0.17487448822572454,inf,0
2,2,1.0,,,,,,,,,0.01,0.2406471443940001,0.1499621259712966,0.10578615400173008,0.04321868482561401,0.006198954556446046,0.6137267253482867,0.22999422993986363,0.0002313714777143608,0.6137267253482867,inf,1
1,1,1.0,,,,,,,,,0.005,0.3757839586554698,0.09399145694912708,0.12911074184804142,0.11888628487492574,0.027275840971013314,0.2559807520992485,0.33473343032023517,0.02511878688366588,0.2559807520992485,inf,1
0,0,0.0,,,,,,,,,0.0,0.6177760223606468,0.05879078594472772,0.07088855494990666,0.1177303743747408,0.26829640502294705,0.16879518774025304,0.3828124058154377,0.02402191191679729,0.16879518774025304,inf,0
0,0,0.0,,,,,,,,,0.0,0.46941444603611737,0.05131194689647648,0.05703751927008982,0.05317787198245505,0.03523578219146436,0.17329977958015147,0.21944227744682848,0.024542536250811695,0.17329977958015147,inf,1
1,1,1.0,,,,,,,,,0.005,0.2547277084333779,0.07298538759182861,0.15582108192067973,0.07499791419597047,0.08139227101918844,0.029260636354589746,0.3776582478459069,0.09948420345429305,0.029260636354589746,inf,0
0,0,0.0,,,,,,,,,0.0,0.5948147829827721,0.050240627297871876,0.07164379368489561,0.03733883882974958,0.031389044150845834,0.33960872576017315,0.09019721292821647,0.011945471609549741,0.33960872576017315,inf,1
1,1,1.0,,,,,,,,,0.005,0.5396756906824117,0.06253765890130271,0.1001699367641715,0.0447553731676734,0.22571876789346362,1.0,0.17268465262525828,0.038116005965055516,1.0,inf,1
0,0,0.0,,,,,,,,,0.0,0.2,0.13423460517743901,0.1570932447353952,0.051981479652569974,0.01753588288074976,0.6146686370114245,0.15069117456832537,0.0061103624379511435,0.6146686370114245,inf,2
1,1,1.0,,,,,,,,,0.005,0.5549857655163433,0.05,0.11381231320481501,0.04162814305914,0.19338701756671037,0.4540781723105469,0.12012412903032314,0.048859226041552545,0.4540781723105469,inf,1
1,1,1.0,,,,,,,,,0.005,0.30453375938938543,0.1366833973733257,0.08018147258555436,0.00761684383159035,0.040710917632517496,0.04509351270632765,0.5506357100045345,0.038676788090971304,0.04509351270632765,inf,1
0,0,0.0,,,,,,,,,0.0,0.2467379596990413,0.06878854266583506,0.18857638366386087,0.011205120136628818,0.005212901522744011,0.9358956470038905,0.2137124483258936,0.01644843202275913,0.9358956470038905,inf,0
0,0,0.0,,,,,,,,,0.0,0.400014671945609,0.12172263654202381,0.000673843361962012,0.03285726619742593,0.005500949929007791,0.28807870436407285,0.16074116065488564,0.06323099431721152,0.28807870436407285,inf,0
0,0,0.0,,,,,,,,,0.0,0.3183376286279653,0.09094120601706221,0.06122967925095982,0.14504505296514494,0.02221352587366508,0.20565637988371166,0.39986849448995365,0.08564363688241255,0.20565637988371166,inf,0
3,3,1.0,,,,,,,,,0.015,0.3440070372813253,0.15426656255120613,0.05159363473798279,0.005,0.1740021381955613,0.12757963532793046,0.419287672741024,0.022382998591808846,0.12757963532793046,inf,1
0,0,0.0,,,,,,,,,0.0,0.2902468453250346,0.1128037098712856,0.10095090666869053,0.13814721059223975,0.0055589914796551195,0.42901367434319443,0.15477223325781464,0.002878538539525891,0.42901367434319443,inf,2
2,2,1.0,,,,,,,,,0.01,0.39479416962246605,0.15597243459279186,0.01739066165195401,0.008369480673980622,0.017395082476515694,0.32136999170978825,0.11882534952246855,0.08685949990490614,0.32136999170978825,inf,0
0,0,0.0,,,,,,,,,0.0,0.4640629731029357,0.10785750698994963,0.010244542384650062,0.012252654450621476,0.15611677415028727,1.0,0.48604979144163946,0.04395509240523716,1.0,inf,1
0,0,0.0,,,,,,,,,0.0,0.37596983401013484,0.14862593423357484,0.0234535369615396,0.005,0.14444287333205053,0.09632040272887021,0.2503113624496856,0.016821681353919708,0.09632040272887021,inf,1
0,0,0.0,,,,,,,,,0.0,0.2,0.060031392741327655,0.1218743350416383,0.041747977180578315,0.15977068643500805,0.4599516629223255,0.21316009639203864,0.013925788787941887,0.4599516629223255,inf,1
0,0,0.0,,,,,,,,,0.0,0.3447656550003191,0.1207075486448871,0.11010047629775763,0.12219430884979147,0.009684513666699163,0.6028553685061206,0.16597751958186788,0.0,0.6028553685061206,inf,2
0,0,0.0,,,,,,,,,0.0,0.3007765657958583,0.1270069020173005,0.05343923655377294,0.01562239076383499,0.1751869017874592,0.6032921402332496,0.5065229851947376,0.027827378714147522,0.6032921402332496,inf,1
0,0,0.0,,,,,,,,,0.0,0.45038535212367814,0.13805036205834148,0.0,0.01852301592973858,0.3,0.9582739226366465,0.5714214573571956,0.06234967729035184,0.9582739226366465,inf,1
3,3,1.0,,,,,,,,,0.015,0.40998514655210105,0.1175564545337349,0.0834368688818615,0.1626822779324797,0.02757015392954598,0.34898883642820094,0.42848535887133415,0.047611016213368676,0.34898883642820094,inf,1
0,0,0.0,,,,,,,,,0.0,0.23764020732749686,0.05,0.22631997976898494,0.02317514363437886,0.03330209918414887,0.032180825907592456,0.10739487696255001,0.0,0.032180825907592456,inf,1
3,3,1.0,,,,,,,,,0.015,0.2,0.142154892734355,0.17108383833423213,0.03921424219875369,0.023627400423297307,0.3928537700796191,0.05,0.002315033696320462,0.3928537700796191,inf,2
0,0,0.0,,,,,,,,,0.0,0.6293251742234269,0.05,0.0,0.005757824218906268,0.03896563745578257,0.36144233324143804,0.5770296570168989,0.0,0.36144233324143804,inf,1
0,0,0.0,,,,,,,,,0.0,0.41192968268730445,0.11292102685962407,0.016902883117008903,0.17200061336325426,0.005015751852877113,0.7533969634084187,0.36330642413164743,0.07695702694079896,0.7533969634084187,inf,0
1,1,1.0,,,,,,,,,0.005,0.31789743285214905,0.12129155472896504,0.09977830601137395,0.005,0.2050493156763424,0.07046694768527437,0.23127144566087388,0.0,0.07046694768527437,inf,2
0,0,0.0,,,,,,,,,0.0,0.4022029042823105,0.1485951824593574,0.024087088827048304,0.014436396913961631,0.3,0.5975075338264131,0.48099341524706524,0.03663769179829181,0.5975075338264131,inf,1
1,1,1.0,,,,,,,,,0.005,0.2,0.11214712652212123,0.17920145705311014,0.07174321062663207,0.02381990485017195,0.5282394570285428,0.08827941808267464,0.0,0.5282394570285428,inf,2
4,4,1.0,,,,,,,,,0.02,0.3138225176598624,0.14552456763330082,0.08569899231150391,0.005,0.1849340167234314,0.05997661501135337,0.26513154264767547,0.0045440072939332025,0.05997661501135337,inf,2
0,0,0.0,,,,,,,,,0.0,0.20273592499959173,0.13331492401663664,0.1317441683934015,0.029517694458348002,0.018819446314843554,0.280773071048302,0.12128412460750049,0.0010763092372736572,0.280773071048302,inf,2
0,0,0.0,,,,,,,,,0.0,0.2382035341215143,0.05,0.1556857775127874,0.017072243547184354,0.025369023993158463,0.06645248888310527,0.10299817114344244,0.009731107291163513,0.06645248888310527,inf,1
0,0,0.0,,,,,,,,,0.0,0.2877877312053574,0.1038563086303706,0.06146014116526777,0.01873775699648142,0.04109183311346627,0.18835332591562245,0.30240196340501385,0.09399428234057042,0.18835332591562245,inf,0
0,0,0.0,,,,,,,,,0.0,0.2,0.14860359444712096,0.0851762427519334,0.08950510255039454,0.009859395155885185,0.4995227545325511,0.26149636709121854,0.02232253233160178,0.4995227545325511,inf,1
0,0,0.0,,,,,,,,,0.0,0.43651221015418795,0.05700184422123812,0.10636904989214611,0.09447334180901734,0.2972241944731032,0.02,0.2794487757983771,0.045616823634267646,0.02,inf,1
1,1,1.0,,,,,,,,,0.005,0.22980513841784111,0.1447467160368151,0.10440163209842561,0.005503593533366247,0.16741312124540803,0.03937250521032102,0.2985371850770042,0.004330606550377875,0.03937250521032102,inf,2
1,1,1.0,,,,,,,,,0.005,0.20420924567598703,0.13270169647326624,0.1343743146515038,0.05947566426222995,0.008087792431660244,0.4937873971762137,0.21018286021333688,0.006108533578105414,0.4937873971762137,inf,1
0,0,0.0,,,,,,,,,0.0,0.49635368145289327,0.05846137665694017,0.025200914586761013,0.005096485365195515,0.10945433717298589,0.03498388858493301,0.4518023224085684,0.052876833232748104,0.03498388858493301,inf,0
0,0,0.0,,,,,,,,,0.0,0.5507117049039816,0.11280485229994408,0.026390532796546372,0.0726527601805342,0.07182947323952138,0.23439239223981265,0.05885178586388949,0.009697472494544257,0.23439239223981265,inf,1
2,2,1.0,,,,,,,,,0.01,0.2,0.15779119266228955,0.1151977766208688,0.023508274918737797,0.008455931257669897,0.10301465214050533,0.08441833819288866,0.042004056356520186,0.10301465214050533,inf,1
1,1,1.0,,,,,,,,,0.005,0.2,0.11164526920597559,0.1471588129625341,0.05889270080516177,0.012934742101958607,0.045545308015647566,0.2026351883955229,0.034858748498090085,0.045545308015647566,inf,1
0,0,0.0,,,,,,,,,0.0,0.6541831220476462,0.05,0.018743493712558276,0.011890783277936695,0.037632319479567,0.9400898582370857,0.5215915482062867,0.001981190861029489,0.9400898582370857,inf,1
4,4,1.0,,,,,,,,,0.02,0.32762857291987985,0.1468168322746306,0.09063050476974707,0.007180491812397669,0.19505605742795773,0.07249647439013307,0.33065874231180997,0.010830846558404423,0.07249647439013307,inf,1
0,0,0.0,,,,,,,,,0.0,0.3988078693542566,0.11475340744585225,0.0952402405539035,0.07060842008953884,0.18145118659154225,0.37194646528742686,0.05,0.05513324631432995,0.37194646528742686,inf,1
0,0,0.0,,,,,,,,,0.0,0.4609353885193276,0.07457782204031467,0.07042607879774977,0.006569618780144679,0.2378729010984441,0.09394434340583532,0.3436824448323541,0.030456682752936743,0.09394434340583532,inf,1
0,0,0.0,,,,,,,,,0.0,0.22118763912317788,0.0746896613820078,0.004766918950796639,0.028775173100303725,0.006040056300385594,0.0659303186450872,0.5326927532323688,0.08837135889312624,0.0659303186450872,inf,0
0,0,0.0,,,,,,,,,0.0,0.2,0.1068671718296404,0.1708493490862111,0.03260845919123774,0.02635762954731117,0.1724981583516617,0.1630010663307484,0.06379538592247716,0.1724981583516617,inf,1
4,4,1.0,,,,,,,,,0.02,0.3262698581610498,0.08695911544931462,0.18609144550045448,0.05941540943188539,0.009574240712638037,0.23017512778149768,0.2603427871594807,0.015874881115843367,0.23017512778149768,inf,1
4,4,1.0,,,,,,,,,0.02,0.25540011900409826,0.13619430977515645,0.14354840705677224,0.017013555260215942,0.052135674853979394,0.06201355897494976,0.11130750468147704,0.02764953961623914,0.06201355897494976,inf,1
0,0,0.0,,,,,,,,,0.0,0.257478818125631,0.060471174217899756,0.012598180074491582,0.053522278417734236,0.005,0.38371363079670434,0.26380062476552124,0.009056915668082467,0.38371363079670434,inf,1
0,0,0.0,,,,,,,,,0.0,0.20251913239949834,0.1700801227213683,0.07594337405107005,0.005,0.09625242804191197,0.06189036397610605,0.34484000962726347,0.03309678124732023,0.06189036397610605,inf,1
0,0,0.0,,,,,,,,,0.0,0.5269587776001832,0.06649967836811038,0.06824249939263567,0.022070122288814872,0.006162299595325778,0.5323870611871458,0.18584082716840428,0.005542888194202978,0.5323870611871458,inf,2
1,1,1.0,,,,,,,,,0.005,0.21146778348161302,0.1426707917582477,0.10341661903735791,0.032708454192585015,0.21558663749772233,0.4368474118830814,0.45587131891389077,0.03682764062197757,0.4368474118830814,inf,1
0,0,0.0,,,,,,,,,0.0,0.2121447048802106,0.1580916520320594,0.07080427559269237,0.007900230195831292,0.005041599030995853,0.026951783848146654,0.4152476425178278,0.07548575649653572,0.026951783848146654,inf,1
1,1,1.0,,,,,,,,,0.005,0.2,0.13154505190690094,0.1828374550758645,0.05314505593519441,0.02128311001785442,0.4699657419772085,0.05,0.0,0.4699657419772085,inf,2
1,1,1.0,,,,,,,,,0.005,0.49346430245065065,0.09612937938228128,0.07539665921095395,0.022117595856488915,0.00601499396795512,0.6620033919349834,0.1571079335075392,0.013811717783179914,0.6620033919349834,inf,2
0,0,0.0,,,,,,,,,0.0,0.2258864196278539,0.06632154901376111,0.13872308828988303,0.036989684774324065,0.008676377668446249,0.9096661270849067,0.20358647226587645,0.008300503568926837,0.9096661270849067,inf,1
3,3,1.0,,,,,,,,,0.015,0.2684533103108989,0.16442000941860996,0.08367246676503368,0.007916370088916595,0.005,0.02,0.3346722587972317,0.05113882328936886,0.02,inf,1
3,3,1.0,,,,,,,,,0.015,0.2966747070021969,0.13016671235050142,0.1410181220101116,0.13596450964770088,0.007937508034320678,0.4684822537854065,0.1394024924635977,0.0015167933840098695,0.4684822537854065,inf,2
0,0,0.0,,,,,,,,,0.0,0.22566507889452297,0.08437266913606256,0.045508755008644174,0.15838568256258392,0.025364710158727103,0.026645591302648205,0.22723900737809988,0.049162219688293665,0.026645591302648205,inf,0
1,1,1.0,,,,,,,,,0.005,0.3364636624672924,0.11135123076274667,0.109078086124973,0.008004895827674535,0.04474266118670694,0.03442533643485296,0.11459819527602126,0.01669864259868728,0.03442533643485296,inf,1
0,0,0.0,,,,,,,,,0.0,0.7233174319985147,0.05,0.015082301033094615,0.023424299200961448,0.029851372604238872,0.6061616885336243,0.6,0.014633337976303404,0.6061616885336243,inf,1
0,0,0.0,,,,,,,,,0.0,0.7362453173907817,0.05538168361195235,0.020581462607773493,0.12905589587524433,0.0349396784641404,0.059948127524762244,0.5127568554999603,0.06056950274603036,0.059948127524762244,inf,0
3,3,1.0,,,,,,,,,0.015,0.2,0.18883309693587508,0.058317366114891654,0.005,0.03740055563186302,0.02,0.6,0.025506493928506492,0.02,inf,1
0,0,0.0,,,,,,,,,0.0,0.2,0.07690590348553832,0.17968424199632016,0.022058753937350076,0.09021027215402519,0.06884631484356796,0.21493403920229465,0.0,0.06884631484356796,inf,1
0,0,0.0,,,,,,,,,0.0,0.6102607175265262,0.05373102415290955,0.061018823822141945,0.005172130140135685,0.04737978998390252,0.5249795880978679,0.45480792279767807,0.02665969131350292,0.5249795880978679,inf,1
2,2,1.0,,,,,,,,,0.01,0.4044628169512529,0.1031168174914802,0.09700019603557121,0.06486964050742522,0.16054385910029897,0.8471324535890438,0.10440882035763135,0.06740248423457043,0.8471324535890438,inf,1
1,1,1.0,,,,,,,,,0.005,0.2,0.13344511753537713,0.12057968369090352,0.006776532191299398,0.0328619056364785,0.02,0.5869829356367671,0.048084971873144665,0.02,inf,1
0,0,0.0,,,,,,,,,0.0,0.31361420463904327,0.08742297342764258,0.12379701560782765,0.04923623128672652,0.22340207207587592,0.028271128102843247,0.34459376611864556,0.046674041909435145,0.028271128102843247,inf,1
0,0,0.0,,,,,,,,,0.0,0.2,0.10675383916978697,0.18479954949851007,0.006147084967324873,0.1547511907276075,0.05755681207061999,0.10464730943432438,0.0,0.05755681207061999,inf,1
0,0,0.0,,,,,,,,,0.0,0.45332675373921066,0.05534139923247944,0.10586061019757237,0.21189994318356117,0.03856990330076397,0.12931905624455395,0.4286749585457668,0.0649239041295116,0.12931905624455395,inf,0
0,0,0.0,,,,,,,,,0.0,0.3096835315976769,0.11723661667020359,0.10950477208287882,0.035183672190514464,0.0051555606419770575,0.15086763400418815,0.06388265378511011,0.01973314510870483,0.15086763400418815,inf,1
3,3,1.0,,,,,,,,,0.015,0.47343577915209045,0.07068834110038832,0.13240536792780586,0.18509108225805265,0.15044765901560225,0.26313724402219274,0.38101711398656024,0.012457461939880843,0.26313724402219274,inf,0
2,2,1.0,,,,,,,,,0.01,0.20201820608114268,0.15401768786144493,0.12879212498777212,0.008136220827971318,0.05286058778210317,0.08287379488660607,0.05,0.0,0.08287379488660607,inf,1
0,0,0.0,,,,,,,,,0.0,0.5607659371124555,0.06829661024394046,0.08409625295640456,0.026838341466711525,0.13169995618138983,0.7617590602357605,0.1420765619681421,0.03299430017723228,0.7617590602357605,inf,1
3,3,1.0,,,,,,,,,0.015,0.2,0.16033548651572027,0.12769850273273342,0.025582873942417962,0.01886299046897047,0.25292744596570205,0.19371946130554224,0.0,0.25292744596570205,inf,2
0,0,0.0,,,,,,,,,0.0,0.46950616172160453,0.06502681351626939,0.07831995855529646,0.006070154668430518,0.19924715878749083,0.06225141614973643,0.4210504494174729,0.022380908993775556,0.06225141614973643,inf,1
1,1,1.0,,,,,,,,,0.005,0.33064932582894024,0.09082961980372226,0.14878698193402964,0.017913913551328604,0.017613418691465696,0.02,0.22566075757567655,0.04255473012747141,0.02,inf,1
0,0,0.0,,,,,,,,,0.0,0.22203378872532778,0.1350003974872372,0.07945840960895566,0.08329736670271055,0.005,0.6292408146164539,0.05,0.014188419164504954,0.6292408146164539,inf,1
1,1,1.0,,,,,,,,,0.005,0.2,0.13730654175820128,0.15921972661576772,0.010039775910000005,0.03768408972884491,0.0444516041496829,0.16103936896101617,0.008196230550086218,0.0444516041496829,inf,1
3,3,1.0,,,,,,,,,0.015,0.34772382007772845,0.09165119001284885,0.1918554310633641,0.012938682365756984,0.024810088526969715,0.07351582289419453,0.11202349621313883,0.05477207264230249,0.07351582289419453,inf,1
2,2,1.0,,,,,,,,,0.01,0.24119244367733916,0.13472317209105172,0.13925032445943614,0.03293634251360053,0.018023320074337216,0.21957379925021697,0.1904965578679172,0.005763268540983552,0.21957379925021697,inf,2
1,1,1.0,,,,,,,,,0.005,0.49750107431190355,0.09782847026223318,0.07962800284455143,0.016359744759106794,0.008621406472350032,0.5518253243910657,0.10392851815583865,0.012482683491699285,0.5518253243910657,inf,2
0,0,0.0,,,,,,,,,0.0,0.5930775713032312,0.07537434537376261,0.02495293578550466,0.008857133990666018,0.027093632736526967,0.6219892686421166,0.6,0.019663309316777927,0.6219892686421166,inf,1
1,1,1.0,,,,,,,,,0.005,0.2282618355965746,0.1048679417948188,0.16069129996821915,0.0592400439089741,0.031096179911780594,0.5218006292475615,0.05,0.006547008442116153,0.5218006292475615,inf,2
0,0,0.0,,,,,,,,,0.0,0.5667980174638314,0.05,0.0325088238521766,0.23492612683546873,0.10724882623021083,0.03563666725012742,0.3768163903113179,0.03876012347089225,0.03563666725012742,inf,1
0,0,0.0,,,,,,,,,0.0,0.21586731637594953,0.13077742984975485,0.10557982389308627,0.009986961131314089,0.24683225095371214,0.15569744435325705,0.3963467089693582,0.0141602596831929,0.15569744435325705,inf,0
0,0,0.0,,,,,,,,,0.0,0.4514534756504392,0.05,0.06699940488547224,0.06793671132916469,0.007144268964395526,1.0,0.3403128415038757,0.0,1.0,inf,1
2,2,1.0,,,,,,,,,0.01,0.2,0.1341166693409596,0.15723300286205322,0.040012551056058554,0.023302730425792322,0.5555319051372439,0.08343787280025466,0.0017103433394880998,0.5555319051372439,inf,2
